ISO-10303-21;
HEADER;
FILE_DESCRIPTION (( 'STEP AP214' ),
    '1' );
FILE_NAME ('Board Mount.STEP',
    '2026-08-10T21:56:43',
    ( '' ),
    ( '' ),
    'SwSTEP 2.0',
    'SolidWorks 2024',
    '' );
FILE_SCHEMA (( 'AUTOMOTIVE_DESIGN' ));
ENDSEC;

DATA;
#1 = ORIENTED_EDGE ( 'NONE', *, *, #543, .T. ) ;
#2 = DIRECTION ( 'NONE',  ( 0.000000000000000000, -1.000000000000000000, 0.000000000000000000 ) ) ;
#3 = EDGE_LOOP ( 'NONE', ( #1247, #996, #479, #1197 ) ) ;
#4 = DIRECTION ( 'NONE',  ( 0.000000000000000000, 0.000000000000000000, -1.000000000000000000 ) ) ;
#5 = CARTESIAN_POINT ( 'NONE',  ( 64.79999999999999716, 3.250000000000000000, -38.75000000000000711 ) ) ;
#6 = EDGE_CURVE ( 'NONE', #864, #42, #1003, .T. ) ;
#7 = ORIENTED_EDGE ( 'NONE', *, *, #1407, .T. ) ;
#8 = DIRECTION ( 'NONE',  ( 0.9213829087050070532, 0.000000000000000000, -0.3886560633082940530 ) ) ;
#9 = ADVANCED_FACE ( 'NONE', ( #239 ), #1059, .F. ) ;
#10 = VERTEX_POINT ( 'NONE', #549 ) ;
#11 = DIRECTION ( 'NONE',  ( 0.000000000000000000, 0.000000000000000000, -1.000000000000000000 ) ) ;
#12 = EDGE_CURVE ( 'NONE', #1771, #1379, #861, .T. ) ;
#13 = ORIENTED_EDGE ( 'NONE', *, *, #1961, .F. ) ;
#14 = DIRECTION ( 'NONE',  ( 0.3886560633082938865, 0.000000000000000000, 0.9213829087050070532 ) ) ;
#15 = DIRECTION ( 'NONE',  ( -0.000000000000000000, -1.000000000000000000, -0.000000000000000000 ) ) ;
#16 = FACE_OUTER_BOUND ( 'NONE', #1828, .T. ) ;
#17 = DIRECTION ( 'NONE',  ( 0.000000000000000000, 0.000000000000000000, -1.000000000000000000 ) ) ;
#18 = LINE ( 'NONE', #1263, #337 ) ;
#19 = CARTESIAN_POINT ( 'NONE',  ( 59.66506859866108670, 4.000000000000000000, 3.999999999999996447 ) ) ;
#20 = PRODUCT_RELATED_PRODUCT_CATEGORY ( 'part', '', ( #1044 ) ) ;
#21 = ORIENTED_EDGE ( 'NONE', *, *, #364, .F. ) ;
#22 = CIRCLE ( 'NONE', #1179, 1.249999999999987121 ) ;
#23 = AXIS2_PLACEMENT_3D ( 'NONE', #142, #1376, #902 ) ;
#24 = ORIENTED_EDGE ( 'NONE', *, *, #924, .T. ) ;
#25 = CARTESIAN_POINT ( 'NONE',  ( 64.79999999999999716, 3.250000000000000000, -43.75000000000000000 ) ) ;
#26 = DIRECTION ( 'NONE',  ( -0.000000000000000000, -1.000000000000000000, -0.000000000000000000 ) ) ;
#27 = DIRECTION ( 'NONE',  ( 0.000000000000000000, 0.000000000000000000, 1.000000000000000000 ) ) ;
#28 = CIRCLE ( 'NONE', #766, 2.499999999999998668 ) ;
#29 = CARTESIAN_POINT ( 'NONE',  ( 4.644548446049008739, 0.000000000000000000, -4.000000000000000000 ) ) ;
#30 = CARTESIAN_POINT ( 'NONE',  ( 58.80000000000000426, 4.000000000000001776, 0.000000000000000000 ) ) ;
#31 = DIRECTION ( 'NONE',  ( 0.3886560633082939975, 1.879283765641540690E-16, 0.9213829087050070532 ) ) ;
#32 = ADVANCED_FACE ( 'NONE', ( #87 ), #871, .F. ) ;
#33 = ORIENTED_EDGE ( 'NONE', *, *, #942, .F. ) ;
#34 = AXIS2_PLACEMENT_3D ( 'NONE', #777, #1557, #1704 ) ;
#35 = VERTEX_POINT ( 'NONE', #1895 ) ;
#36 = DIRECTION ( 'NONE',  ( -0.000000000000000000, 1.000000000000000000, -0.000000000000000000 ) ) ;
#37 = DIRECTION ( 'NONE',  ( 0.000000000000000000, 0.000000000000000000, 1.000000000000000000 ) ) ;
#38 = VECTOR ( 'NONE', #253, 1000.000000000000227 ) ;
#39 = EDGE_CURVE ( 'NONE', #176, #1032, #1527, .T. ) ;
#40 = DIRECTION ( 'NONE',  ( 0.000000000000000000, -1.000000000000000000, 0.000000000000000000 ) ) ;
#41 = FACE_OUTER_BOUND ( 'NONE', #1169, .T. ) ;
#42 = VERTEX_POINT ( 'NONE', #1258 ) ;
#43 = APPLICATION_PROTOCOL_DEFINITION ( 'draft international standard', 'automotive_design', 1998, #1187 ) ;
#44 = EDGE_LOOP ( 'NONE', ( #442, #1208 ) ) ;
#45 = CARTESIAN_POINT ( 'NONE',  ( -0.6635069208641306560, 0.000000000000000000, 4.000000000000000000 ) ) ;
#46 = DIRECTION ( 'NONE',  ( 0.000000000000000000, -1.000000000000000000, 0.000000000000000000 ) ) ;
#47 = ADVANCED_FACE ( 'NONE', ( #1730 ), #1237, .T. ) ;
#48 = AXIS2_PLACEMENT_3D ( 'NONE', #1066, #1415, #758 ) ;
#49 = DIRECTION ( 'NONE',  ( 0.000000000000000000, 0.000000000000000000, -1.000000000000000000 ) ) ;
#50 = CARTESIAN_POINT ( 'NONE',  ( 66.79999999999999716, 3.724999999999988542, -53.75000000000001421 ) ) ;
#51 = EDGE_LOOP ( 'NONE', ( #2004, #1561, #1802, #1383 ) ) ;
#52 = AXIS2_PLACEMENT_3D ( 'NONE', #590, #626, #17 ) ;
#53 = ORIENTED_EDGE ( 'NONE', *, *, #1718, .T. ) ;
#54 = FACE_OUTER_BOUND ( 'NONE', #946, .T. ) ;
#55 = LINE ( 'NONE', #484, #1693 ) ;
#56 = AXIS2_PLACEMENT_3D ( 'NONE', #544, #1175, #110 ) ;
#57 = FACE_OUTER_BOUND ( 'NONE', #1349, .T. ) ;
#58 = CARTESIAN_POINT ( 'NONE',  ( 58.80000000000000426, 4.000000000000000000, 1.249999999999994227 ) ) ;
#59 = AXIS2_PLACEMENT_3D ( 'NONE', #882, #1335, #1186 ) ;
#60 = ORIENTED_EDGE ( 'NONE', *, *, #1324, .F. ) ;
#61 = EDGE_CURVE ( 'NONE', #202, #617, #169, .T. ) ;
#62 = ORIENTED_EDGE ( 'NONE', *, *, #208, .F. ) ;
#63 = DIRECTION ( 'NONE',  ( -0.9600398623173925783, -0.2425356250363331911, -0.1396421617916205338 ) ) ;
#64 = AXIS2_PLACEMENT_3D ( 'NONE', #1638, #111, #1997 ) ;
#65 = CARTESIAN_POINT ( 'NONE',  ( -26.88553163482002972, 0.000000000000000000, -53.44537574676682823 ) ) ;
#66 = EDGE_CURVE ( 'NONE', #106, #1674, #1174, .T. ) ;
#67 = AXIS2_PLACEMENT_3D ( 'NONE', #1750, #349, #1587 ) ;
#68 = FACE_OUTER_BOUND ( 'NONE', #1629, .T. ) ;
#69 = ORIENTED_EDGE ( 'NONE', *, *, #1897, .F. ) ;
#70 = ADVANCED_FACE ( 'NONE', ( #634 ), #1084, .F. ) ;
#71 = EDGE_CURVE ( 'NONE', #227, #1830, #235, .T. ) ;
#72 = ORIENTED_EDGE ( 'NONE', *, *, #1754, .T. ) ;
#73 = CARTESIAN_POINT ( 'NONE',  ( 4.644548446049008739, 4.000000000000000000, -4.000000000000000000 ) ) ;
#74 = DIRECTION ( 'NONE',  ( 0.000000000000000000, 0.000000000000000000, -1.000000000000000000 ) ) ;
#75 = CARTESIAN_POINT ( 'NONE',  ( -17.40000000000000213, 0.000000000000000000, -41.25000000000000000 ) ) ;
#76 = AXIS2_PLACEMENT_3D ( 'NONE', #801, #15, #1109 ) ;
#77 = ORIENTED_EDGE ( 'NONE', *, *, #368, .F. ) ;
#78 = PLANE ( 'NONE',  #89 ) ;
#79 = ORIENTED_EDGE ( 'NONE', *, *, #1972, .F. ) ;
#80 = CARTESIAN_POINT ( 'NONE',  ( 60.80000000000000426, 0.000000000000000000, -13.74999999999999822 ) ) ;
#81 = CIRCLE ( 'NONE', #1881, 2.500000000000002220 ) ;
#82 = PLANE ( 'NONE',  #1580 ) ;
#83 = DIRECTION ( 'NONE',  ( -0.000000000000000000, -1.000000000000000000, -0.000000000000000000 ) ) ;
#84 = CONICAL_SURFACE ( 'NONE', #1046, 1.525000000000005462, 0.7853981633974514986 ) ;
#85 = CYLINDRICAL_SURFACE ( 'NONE', #606, 2.500000000000002220 ) ;
#86 = ORIENTED_EDGE ( 'NONE', *, *, #1886, .F. ) ;
#87 = FACE_OUTER_BOUND ( 'NONE', #381, .T. ) ;
#88 = DIRECTION ( 'NONE',  ( 0.000000000000000000, -1.000000000000000000, 0.000000000000000000 ) ) ;
#89 = AXIS2_PLACEMENT_3D ( 'NONE', #113, #107, #1631 ) ;
#90 = EDGE_CURVE ( 'NONE', #1284, #252, #1302, .T. ) ;
#91 = ORIENTED_EDGE ( 'NONE', *, *, #974, .F. ) ;
#92 = CARTESIAN_POINT ( 'NONE',  ( 14.70000000000000107, 3.250000000000000000, 2.499999999999999556 ) ) ;
#93 = EDGE_CURVE ( 'NONE', #763, #1983, #301, .T. ) ;
#94 = FACE_OUTER_BOUND ( 'NONE', #1577, .T. ) ;
#95 = CARTESIAN_POINT ( 'NONE',  ( 66.79999999999999716, 3.724999999999988542, -55.00000000000000000 ) ) ;
#96 = EDGE_CURVE ( 'NONE', #1586, #1722, #398, .T. ) ;
#97 = ORIENTED_EDGE ( 'NONE', *, *, #514, .F. ) ;
#98 = ORIENTED_EDGE ( 'NONE', *, *, #1801, .F. ) ;
#99 = DIRECTION ( 'NONE',  ( 0.000000000000000000, 0.000000000000000000, -1.000000000000000000 ) ) ;
#100 = AXIS2_PLACEMENT_3D ( 'NONE', #934, #1883, #482 ) ;
#101 = VERTEX_POINT ( 'NONE', #646 ) ;
#102 = CARTESIAN_POINT ( 'NONE',  ( -5.800000000000006040, 3.250000000000000000, -16.25000000000000000 ) ) ;
#103 = FACE_OUTER_BOUND ( 'NONE', #747, .T. ) ;
#104 = FACE_BOUND ( 'NONE', #799, .T. ) ;
#105 = ADVANCED_FACE ( 'NONE', ( #478, #1854, #783, #629, #640 ), #1396, .F. ) ;
#106 = VERTEX_POINT ( 'NONE', #1575 ) ;
#107 = DIRECTION ( 'NONE',  ( -0.9213829087050071642, 0.000000000000000000, 0.3886560633082939420 ) ) ;
#108 = ORIENTED_EDGE ( 'NONE', *, *, #1499, .T. ) ;
#109 = LINE ( 'NONE', #572, #1153 ) ;
#110 = DIRECTION ( 'NONE',  ( 0.000000000000000000, 0.000000000000000000, -1.000000000000000000 ) ) ;
#111 = DIRECTION ( 'NONE',  ( -0.000000000000000000, 1.000000000000000000, -0.000000000000000000 ) ) ;
#112 = ORIENTED_EDGE ( 'NONE', *, *, #449, .F. ) ;
#113 = CARTESIAN_POINT ( 'NONE',  ( -19.51446836517997241, 4.000000000000000000, -56.55462425323317177 ) ) ;
#114 = VECTOR ( 'NONE', #1560, 999.9999999999998863 ) ;
#115 = AXIS2_PLACEMENT_3D ( 'NONE', #1328, #567, #1808 ) ;
#116 = EDGE_CURVE ( 'NONE', #910, #1566, #1799, .T. ) ;
#117 = ORIENTED_EDGE ( 'NONE', *, *, #565, .T. ) ;
#118 = CARTESIAN_POINT ( 'NONE',  ( -26.51473204275406204, 2.220446049250316039E-16, -37.12851102914633117 ) ) ;
#119 = FACE_OUTER_BOUND ( 'NONE', #1132, .T. ) ;
#120 = CARTESIAN_POINT ( 'NONE',  ( -23.20000000000000284, 4.000000000000000000, -55.00000000000000000 ) ) ;
#121 = CARTESIAN_POINT ( 'NONE',  ( 44.10000000000000142, 3.250000000000000000, -2.499999999999999556 ) ) ;
#122 = ORIENTED_EDGE ( 'NONE', *, *, #1337, .T. ) ;
#123 = DIRECTION ( 'NONE',  ( -0.000000000000000000, -1.000000000000000000, -0.000000000000000000 ) ) ;
#124 = VECTOR ( 'NONE', #246, 1000.000000000000000 ) ;
#125 = ORIENTED_EDGE ( 'NONE', *, *, #790, .F. ) ;
#126 = EDGE_CURVE ( 'NONE', #808, #1586, #1244, .T. ) ;
#127 = ORIENTED_EDGE ( 'NONE', *, *, #116, .T. ) ;
#128 = AXIS2_PLACEMENT_3D ( 'NONE', #1768, #1420, #332 ) ;
#129 = LINE ( 'NONE', #1167, #1507 ) ;
#130 = ORIENTED_EDGE ( 'NONE', *, *, #1261, .F. ) ;
#131 = CARTESIAN_POINT ( 'NONE',  ( 62.79999999999999716, 0.000000000000000000, -25.00000000000000000 ) ) ;
#132 = CARTESIAN_POINT ( 'NONE',  ( -23.20000000000000284, 3.724999999999988542, -55.00000000000000000 ) ) ;
#133 = ORIENTED_EDGE ( 'NONE', *, *, #1309, .F. ) ;
#134 = CARTESIAN_POINT ( 'NONE',  ( 14.70000000000000107, 3.250000000000000000, 9.001153973733047589E-16 ) ) ;
#135 = ORIENTED_EDGE ( 'NONE', *, *, #152, .F. ) ;
#136 = DIRECTION ( 'NONE',  ( -0.000000000000000000, -1.000000000000000000, -0.000000000000000000 ) ) ;
#137 = AXIS2_PLACEMENT_3D ( 'NONE', #390, #650, #1697 ) ;
#138 = ORIENTED_EDGE ( 'NONE', *, *, #90, .F. ) ;
#139 = EDGE_CURVE ( 'NONE', #1771, #1974, #827, .T. ) ;
#140 = CARTESIAN_POINT ( 'NONE',  ( -17.40000000000000213, 3.250000000000000000, -41.25000000000000000 ) ) ;
#141 = CARTESIAN_POINT ( 'NONE',  ( 4.644548446048994528, 4.000000000000000000, -6.999999999999999112 ) ) ;
#142 = CARTESIAN_POINT ( 'NONE',  ( 62.79999999999999716, 3.250000000000000000, -27.49999999999999645 ) ) ;
#143 = DIRECTION ( 'NONE',  ( 0.000000000000000000, 0.000000000000000000, -1.000000000000000000 ) ) ;
#144 = EDGE_CURVE ( 'NONE', #176, #1368, #150, .T. ) ;
#145 = VERTEX_POINT ( 'NONE', #772 ) ;
#146 = CARTESIAN_POINT ( 'NONE',  ( 58.80000000000000426, 3.724999999999988542, 0.000000000000000000 ) ) ;
#147 = SURFACE_STYLE_FILL_AREA ( #334 ) ;
#148 = ORIENTED_EDGE ( 'NONE', *, *, #1370, .F. ) ;
#149 = VECTOR ( 'NONE', #839, 1000.000000000000000 ) ;
#150 = LINE ( 'NONE', #19, #205 ) ;
#151 = CONICAL_SURFACE ( 'NONE', #1712, 1.525000000000000355, 0.7853981633974482790 ) ;
#152 = EDGE_CURVE ( 'NONE', #481, #1346, #453, .T. ) ;
#153 = ORIENTED_EDGE ( 'NONE', *, *, #584, .T. ) ;
#154 = PLANE ( 'NONE',  #677 ) ;
#155 = ORIENTED_EDGE ( 'NONE', *, *, #822, .F. ) ;
#156 = DIRECTION ( 'NONE',  ( 0.000000000000000000, 0.000000000000000000, 1.000000000000000000 ) ) ;
#157 = DIRECTION ( 'NONE',  ( -0.000000000000000000, 1.000000000000000000, -0.000000000000000000 ) ) ;
#158 = ORIENTED_EDGE ( 'NONE', *, *, #364, .T. ) ;
#159 = FACE_OUTER_BOUND ( 'NONE', #1624, .T. ) ;
#160 = CARTESIAN_POINT ( 'NONE',  ( -19.51446836517997241, 4.000000000000000000, -56.55462425323317177 ) ) ;
#161 = ADVANCED_FACE ( 'NONE', ( #1866 ), #1384, .F. ) ;
#162 = VERTEX_POINT ( 'NONE', #1738 ) ;
#163 = CARTESIAN_POINT ( 'NONE',  ( 74.79270315824507520, 4.000000000000000000, -40.47636805498365931 ) ) ;
#164 = CIRCLE ( 'NONE', #1160, 1.250000000000001110 ) ;
#165 = ORIENTED_EDGE ( 'NONE', *, *, #638, .T. ) ;
#166 = VECTOR ( 'NONE', #1803, 1000.000000000000114 ) ;
#167 = ADVANCED_BREP_SHAPE_REPRESENTATION ( 'Board Mount', ( #272, #1296 ), #818 ) ;
#168 = DIRECTION ( 'NONE',  ( -0.1439398457141105314, 2.006177025403368514E-33, 0.9895864392845113988 ) ) ;
#169 = LINE ( 'NONE', #1870, #500 ) ;
#170 = CARTESIAN_POINT ( 'NONE',  ( -23.20000000000000284, 0.000000000000000000, -55.00000000000000000 ) ) ;
#171 = ORIENTED_EDGE ( 'NONE', *, *, #344, .T. ) ;
#172 = DIRECTION ( 'NONE',  ( 0.000000000000000000, 0.7071067811865474617, 0.7071067811865474617 ) ) ;
#173 = CARTESIAN_POINT ( 'NONE',  ( 62.84165424286194934, 4.000000000000000000, -55.57575938285644668 ) ) ;
#174 = DIRECTION ( 'NONE',  ( -0.000000000000000000, -1.000000000000000000, -0.000000000000000000 ) ) ;
#175 = PRODUCT_DEFINITION_CONTEXT ( 'detailed design', #1187, 'design' ) ;
#176 = VERTEX_POINT ( 'NONE', #300 ) ;
#177 = AXIS2_PLACEMENT_3D ( 'NONE', #1537, #1115, #288 ) ;
#178 = EDGE_LOOP ( 'NONE', ( #148, #153, #595, #1363 ) ) ;
#179 = LINE ( 'NONE', #1578, #1425 ) ;
#180 = DIRECTION ( 'NONE',  ( -0.000000000000000000, -1.000000000000000000, 0.000000000000000000 ) ) ;
#181 = DIRECTION ( 'NONE',  ( -0.000000000000000000, 1.000000000000000000, -0.000000000000000000 ) ) ;
#182 = LINE ( 'NONE', #360, #1123 ) ;
#183 = DIRECTION ( 'NONE',  ( 0.1439398457141105314, 1.879283765641541676E-16, -0.9895864392845115098 ) ) ;
#184 = CARTESIAN_POINT ( 'NONE',  ( -19.51446836517997241, 4.000000000000000000, -56.55462425323317177 ) ) ;
#185 = ORIENTED_EDGE ( 'NONE', *, *, #1902, .F. ) ;
#186 = AXIS2_PLACEMENT_3D ( 'NONE', #936, #1530, #1085 ) ;
#187 = EDGE_CURVE ( 'NONE', #1862, #403, #529, .T. ) ;
#188 = ORIENTED_EDGE ( 'NONE', *, *, #1684, .T. ) ;
#189 = DIRECTION ( 'NONE',  ( 0.9213829087050070532, -0.000000000000000000, -0.3886560633082940530 ) ) ;
#190 = CARTESIAN_POINT ( 'NONE',  ( -17.40000000000000213, 3.250000000000000000, -41.25000000000000000 ) ) ;
#191 = LINE ( 'NONE', #1907, #1373 ) ;
#192 = DIRECTION ( 'NONE',  ( 0.000000000000000000, 0.000000000000000000, -1.000000000000000000 ) ) ;
#193 = EDGE_LOOP ( 'NONE', ( #834, #1683, #556, #929 ) ) ;
#194 = EDGE_CURVE ( 'NONE', #303, #1935, #1878, .T. ) ;
#195 = ORIENTED_EDGE ( 'NONE', *, *, #565, .F. ) ;
#196 = LINE ( 'NONE', #633, #1621 ) ;
#197 = CARTESIAN_POINT ( 'NONE',  ( -19.51446836517997241, 4.000000000000000000, -56.55462425323317177 ) ) ;
#198 = CIRCLE ( 'NONE', #1452, 2.500000000000002220 ) ;
#199 = DIRECTION ( 'NONE',  ( 0.000000000000000000, -0.000000000000000000, -1.000000000000000000 ) ) ;
#200 = DIRECTION ( 'NONE',  ( 0.000000000000000000, 0.000000000000000000, -1.000000000000000000 ) ) ;
#201 = ORIENTED_EDGE ( 'NONE', *, *, #1757, .F. ) ;
#202 = VERTEX_POINT ( 'NONE', #1405 ) ;
#203 = CARTESIAN_POINT ( 'NONE',  ( 64.53698915111466761, 2.000000000000000000, -11.65241395073294228 ) ) ;
#204 = LINE ( 'NONE', #1286, #1790 ) ;
#205 = VECTOR ( 'NONE', #174, 1000.000000000000000 ) ;
#206 = DIRECTION ( 'NONE',  ( 0.000000000000000000, -0.000000000000000000, -1.000000000000000000 ) ) ;
#207 = CARTESIAN_POINT ( 'NONE',  ( 52.74451980937222118, 4.000000000000000000, -6.999999999999995559 ) ) ;
#208 = EDGE_CURVE ( 'NONE', #162, #1375, #952, .T. ) ;
#209 = ORIENTED_EDGE ( 'NONE', *, *, #392, .F. ) ;
#210 = EDGE_CURVE ( 'NONE', #841, #462, #1700, .T. ) ;
#211 = AXIS2_PLACEMENT_3D ( 'NONE', #812, #497, #1431 ) ;
#212 = ORIENTED_EDGE ( 'NONE', *, *, #1200, .F. ) ;
#213 = FACE_OUTER_BOUND ( 'NONE', #746, .T. ) ;
#214 = ADVANCED_FACE ( 'NONE', ( #1265 ), #724, .F. ) ;
#215 = DIRECTION ( 'NONE',  ( 0.000000000000000000, -1.000000000000000000, 0.000000000000000000 ) ) ;
#216 = DIRECTION ( 'NONE',  ( -0.000000000000000000, -1.000000000000000000, -0.000000000000000000 ) ) ;
#217 = EDGE_CURVE ( 'NONE', #614, #719, #1932, .T. ) ;
#218 = AXIS2_PLACEMENT_3D ( 'NONE', #1663, #1196, #1797 ) ;
#219 = ORIENTED_EDGE ( 'NONE', *, *, #456, .F. ) ;
#220 = EDGE_CURVE ( 'NONE', #1583, #1371, #1633, .T. ) ;
#221 = ORIENTED_EDGE ( 'NONE', *, *, #6, .F. ) ;
#222 = DIRECTION ( 'NONE',  ( 0.000000000000000000, 0.000000000000000000, -1.000000000000000000 ) ) ;
#223 = AXIS2_PLACEMENT_3D ( 'NONE', #207, #1770, #353 ) ;
#224 = CARTESIAN_POINT ( 'NONE',  ( 60.80000000000000426, 3.250000000000000000, -13.74999999999999822 ) ) ;
#225 = VECTOR ( 'NONE', #189, 1000.000000000000114 ) ;
#226 = CARTESIAN_POINT ( 'NONE',  ( 58.80000000000000426, 3.724999999999988542, 0.000000000000000000 ) ) ;
#227 = VERTEX_POINT ( 'NONE', #2002 ) ;
#228 = CARTESIAN_POINT ( 'NONE',  ( 60.80000000000000426, 3.250000000000000000, -16.25000000000000711 ) ) ;
#229 = EDGE_CURVE ( 'NONE', #1206, #249, #1253, .T. ) ;
#230 = CIRCLE ( 'NONE', #128, 2.499999999999998668 ) ;
#231 = ORIENTED_EDGE ( 'NONE', *, *, #631, .T. ) ;
#232 = LINE ( 'NONE', #855, #358 ) ;
#233 = DIRECTION ( 'NONE',  ( 0.000000000000000000, 0.000000000000000000, -1.000000000000000000 ) ) ;
#234 = FACE_OUTER_BOUND ( 'NONE', #1740, .T. ) ;
#235 = CIRCLE ( 'NONE', #663, 1.525000000000000355 ) ;
#236 = ADVANCED_FACE ( 'NONE', ( #1709 ), #618, .T. ) ;
#237 = FACE_OUTER_BOUND ( 'NONE', #578, .T. ) ;
#238 = ORIENTED_EDGE ( 'NONE', *, *, #790, .T. ) ;
#239 = FACE_OUTER_BOUND ( 'NONE', #1474, .T. ) ;
#240 = FACE_OUTER_BOUND ( 'NONE', #850, .T. ) ;
#241 = EDGE_CURVE ( 'NONE', #459, #510, #1573, .T. ) ;
#242 = ORIENTED_EDGE ( 'NONE', *, *, #12, .T. ) ;
#243 = CARTESIAN_POINT ( 'NONE',  ( -23.20000000000000284, 0.000000000000000000, -53.75000000000000000 ) ) ;
#244 = ADVANCED_FACE ( 'NONE', ( #41 ), #660, .T. ) ;
#245 = FACE_OUTER_BOUND ( 'NONE', #1209, .T. ) ;
#246 = DIRECTION ( 'NONE',  ( 0.000000000000000000, 0.7071067811865496822, 0.7071067811865453523 ) ) ;
#247 = CIRCLE ( 'NONE', #702, 2.500000000000002220 ) ;
#248 = ORIENTED_EDGE ( 'NONE', *, *, #90, .T. ) ;
#249 = VERTEX_POINT ( 'NONE', #1381 ) ;
#250 = CARTESIAN_POINT ( 'NONE',  ( 62.84165424286193513, 0.000000000000000000, -55.57575938285644668 ) ) ;
#251 = EDGE_CURVE ( 'NONE', #1862, #1565, #18, .T. ) ;
#252 = VERTEX_POINT ( 'NONE', #173 ) ;
#253 = DIRECTION ( 'NONE',  ( 0.3886560633082938865, 0.000000000000000000, 0.9213829087050070532 ) ) ;
#254 = DIRECTION ( 'NONE',  ( -0.000000000000000000, 1.000000000000000000, -0.000000000000000000 ) ) ;
#255 = VECTOR ( 'NONE', #611, 1000.000000000000000 ) ;
#256 = FACE_BOUND ( 'NONE', #559, .T. ) ;
#257 = ORIENTED_EDGE ( 'NONE', *, *, #1512, .F. ) ;
#258 = LINE ( 'NONE', #250, #480 ) ;
#259 = VECTOR ( 'NONE', #437, 1000.000000000000000 ) ;
#260 = ORIENTED_EDGE ( 'NONE', *, *, #852, .T. ) ;
#261 = DIRECTION ( 'NONE',  ( 0.000000000000000000, -1.000000000000000000, 0.000000000000000000 ) ) ;
#262 = CARTESIAN_POINT ( 'NONE',  ( -5.800000000000006040, 0.000000000000000000, -13.74999999999999822 ) ) ;
#263 = FACE_BOUND ( 'NONE', #420, .T. ) ;
#264 = ORIENTED_EDGE ( 'NONE', *, *, #1879, .T. ) ;
#265 = DIRECTION ( 'NONE',  ( 0.000000000000000000, 0.000000000000000000, -1.000000000000000000 ) ) ;
#266 = ADVANCED_FACE ( 'NONE', ( #793 ), #769, .T. ) ;
#267 = ORIENTED_EDGE ( 'NONE', *, *, #1608, .F. ) ;
#268 = CARTESIAN_POINT ( 'NONE',  ( -11.60000000000000142, 3.250000000000000000, -30.00000000000000000 ) ) ;
#269 = DIRECTION ( 'NONE',  ( 0.000000000000000000, -1.000000000000000000, 0.000000000000000000 ) ) ;
#270 = LINE ( 'NONE', #307, #259 ) ;
#271 = DIRECTION ( 'NONE',  ( -0.000000000000000000, -1.000000000000000000, -0.000000000000000000 ) ) ;
#272 = MANIFOLD_SOLID_BREP ( 'Boss-Extrude5', #1287 ) ;
#273 = ADVANCED_FACE ( 'NONE', ( #1252 ), #1113, .T. ) ;
#274 = VERTEX_POINT ( 'NONE', #649 ) ;
#275 = CARTESIAN_POINT ( 'NONE',  ( 64.79999999999999716, 3.250000000000000000, -41.25000000000000000 ) ) ;
#276 = CIRCLE ( 'NONE', #52, 2.500000000000009326 ) ;
#277 = ORIENTED_EDGE ( 'NONE', *, *, #210, .F. ) ;
#278 = CIRCLE ( 'NONE', #1848, 2.499999999999998668 ) ;
#279 = ORIENTED_EDGE ( 'NONE', *, *, #868, .F. ) ;
#280 = CARTESIAN_POINT ( 'NONE',  ( 58.80000000000000426, 0.000000000000000000, 0.000000000000000000 ) ) ;
#281 = EDGE_LOOP ( 'NONE', ( #1514, #1959 ) ) ;
#282 = LINE ( 'NONE', #1703, #892 ) ;
#283 = DIRECTION ( 'NONE',  ( -6.866635310940556882E-17, -1.000000000000000000, -9.987833179549885987E-18 ) ) ;
#284 = EDGE_LOOP ( 'NONE', ( #1640, #520, #1394, #1670 ) ) ;
#285 = CARTESIAN_POINT ( 'NONE',  ( -23.20000000000000284, 4.000000000000000000, -59.00000000000000000 ) ) ;
#286 = CIRCLE ( 'NONE', #682, 1.250000000000000000 ) ;
#287 = ORIENTED_EDGE ( 'NONE', *, *, #1309, .T. ) ;
#288 = DIRECTION ( 'NONE',  ( 0.000000000000000000, 0.000000000000000000, 1.000000000000000000 ) ) ;
#289 = EDGE_LOOP ( 'NONE', ( #1043, #219, #1687, #238 ) ) ;
#290 = VECTOR ( 'NONE', #1440, 1000.000000000000114 ) ;
#291 = EDGE_CURVE ( 'NONE', #808, #303, #693, .T. ) ;
#292 = CARTESIAN_POINT ( 'NONE',  ( 14.70000000000000107, 3.250000000000000000, 9.001153973733047589E-16 ) ) ;
#293 = DIRECTION ( 'NONE',  ( 0.000000000000000000, 0.000000000000000000, 1.000000000000000000 ) ) ;
#294 = CARTESIAN_POINT ( 'NONE',  ( -26.51473204275406914, 4.000000000000000000, -37.12851102914635248 ) ) ;
#295 = CARTESIAN_POINT ( 'NONE',  ( -0.6635069208641309890, 0.000000000000000000, 4.000000000000000000 ) ) ;
#296 = VERTEX_POINT ( 'NONE', #1091 ) ;
#297 = CARTESIAN_POINT ( 'NONE',  ( -0.6635069208641469762, 4.000000000000000000, 1.000000000000000444 ) ) ;
#298 = EDGE_CURVE ( 'NONE', #737, #1920, #302, .T. ) ;
#299 = ORIENTED_EDGE ( 'NONE', *, *, #308, .F. ) ;
#300 = CARTESIAN_POINT ( 'NONE',  ( 59.66506859866108670, 4.000000000000000000, 3.999999999999996447 ) ) ;
#301 = CIRCLE ( 'NONE', #915, 1.250000000000000000 ) ;
#302 = CIRCLE ( 'NONE', #1571, 2.500000000000002220 ) ;
#303 = VERTEX_POINT ( 'NONE', #781 ) ;
#304 = EDGE_CURVE ( 'NONE', #1168, #1240, #1271, .T. ) ;
#305 = CARTESIAN_POINT ( 'NONE',  ( 52.74451980937220696, 4.000000000000000000, -3.999999999999996447 ) ) ;
#306 = ORIENTED_EDGE ( 'NONE', *, *, #1141, .T. ) ;
#307 = CARTESIAN_POINT ( 'NONE',  ( 64.53698915111468182, -4.315137318989336488E-15, -11.65241395073294939 ) ) ;
#308 = EDGE_CURVE ( 'NONE', #1935, #1256, #487, .T. ) ;
#309 = LINE ( 'NONE', #1239, #2013 ) ;
#310 = ORIENTED_EDGE ( 'NONE', *, *, #426, .F. ) ;
#311 = CARTESIAN_POINT ( 'NONE',  ( 66.79999999999999716, 4.000000000000000000, -59.00000000000000711 ) ) ;
#312 = CARTESIAN_POINT ( 'NONE',  ( 4.644548446048994528, 4.000000000000000000, -6.999999999999999112 ) ) ;
#313 = VERTEX_POINT ( 'NONE', #627 ) ;
#314 = AXIS2_PLACEMENT_3D ( 'NONE', #134, #755, #199 ) ;
#315 = DIRECTION ( 'NONE',  ( 0.000000000000000000, 0.000000000000000000, -1.000000000000000000 ) ) ;
#316 = ORIENTED_EDGE ( 'NONE', *, *, #1531, .F. ) ;
#317 = PLANE ( 'NONE',  #100 ) ;
#318 = DIRECTION ( 'NONE',  ( -0.000000000000000000, 1.000000000000000000, -0.000000000000000000 ) ) ;
#319 = FACE_OUTER_BOUND ( 'NONE', #943, .T. ) ;
#320 = ADVANCED_FACE ( 'NONE', ( #813 ), #953, .F. ) ;
#321 = CARTESIAN_POINT ( 'NONE',  ( 64.79999999999999716, 0.000000000000000000, -38.75000000000000711 ) ) ;
#322 = ORIENTED_EDGE ( 'NONE', *, *, #573, .F. ) ;
#323 = DIRECTION ( 'NONE',  ( 0.000000000000000000, 1.000000000000000000, -0.000000000000000000 ) ) ;
#324 = ORIENTED_EDGE ( 'NONE', *, *, #454, .F. ) ;
#325 = DIRECTION ( 'NONE',  ( -0.9895864392845115098, -0.000000000000000000, -0.1439398457141105869 ) ) ;
#326 = VECTOR ( 'NONE', #912, 1000.000000000000227 ) ;
#327 = ORIENTED_EDGE ( 'NONE', *, *, #712, .F. ) ;
#328 = CIRCLE ( 'NONE', #1592, 2.999999999999999112 ) ;
#329 = ORIENTED_EDGE ( 'NONE', *, *, #1067, .T. ) ;
#330 = DIRECTION ( 'NONE',  ( -0.000000000000000000, -1.000000000000000000, -0.000000000000000000 ) ) ;
#331 = DIRECTION ( 'NONE',  ( 0.000000000000000000, -1.000000000000000000, 0.000000000000000000 ) ) ;
#332 = DIRECTION ( 'NONE',  ( 0.000000000000000000, 0.000000000000000000, -1.000000000000000000 ) ) ;
#333 = DIRECTION ( 'NONE',  ( 0.000000000000000000, 0.000000000000000000, -1.000000000000000000 ) ) ;
#334 = FILL_AREA_STYLE ('',( #1122 ) ) ;
#335 = CARTESIAN_POINT ( 'NONE',  ( 66.79999999999999716, 3.724999999999988542, -55.00000000000000000 ) ) ;
#336 = ORIENTED_EDGE ( 'NONE', *, *, #208, .T. ) ;
#337 = VECTOR ( 'NONE', #1414, 1000.000000000000000 ) ;
#338 = VERTEX_POINT ( 'NONE', #1900 ) ;
#339 = FACE_OUTER_BOUND ( 'NONE', #582, .T. ) ;
#340 = CARTESIAN_POINT ( 'NONE',  ( -5.800000000000006040, 3.250000000000000000, -13.74999999999999822 ) ) ;
#341 = DIRECTION ( 'NONE',  ( -0.000000000000000000, -1.000000000000000000, -0.000000000000000000 ) ) ;
#342 = CARTESIAN_POINT ( 'NONE',  ( 58.80000000000000426, 4.000000000000001776, -1.524999999999998579 ) ) ;
#343 = DIRECTION ( 'NONE',  ( -0.000000000000000000, -1.000000000000000000, 0.000000000000000000 ) ) ;
#344 = EDGE_CURVE ( 'NONE', #945, #313, #1746, .T. ) ;
#345 = EDGE_LOOP ( 'NONE', ( #1538, #440, #791, #336 ) ) ;
#346 = AXIS2_PLACEMENT_3D ( 'NONE', #513, #1441, #1753 ) ;
#347 = CIRCLE ( 'NONE', #1445, 1.250000000000001110 ) ;
#348 = ORIENTED_EDGE ( 'NONE', *, *, #393, .T. ) ;
#349 = DIRECTION ( 'NONE',  ( -0.000000000000000000, 1.000000000000000000, -0.000000000000000000 ) ) ;
#350 = DIRECTION ( 'NONE',  ( -5.114702598701986415E-17, -1.000000000000000000, 2.157474550725202123E-17 ) ) ;
#351 = AXIS2_PLACEMENT_3D ( 'NONE', #1628, #269, #1317 ) ;
#352 = LINE ( 'NONE', #1450, #1748 ) ;
#353 = DIRECTION ( 'NONE',  ( 0.000000000000000000, 0.000000000000000000, -1.000000000000000000 ) ) ;
#354 = ORIENTED_EDGE ( 'NONE', *, *, #1868, .T. ) ;
#355 = EDGE_CURVE ( 'NONE', #1185, #526, #1832, .T. ) ;
#356 = VERTEX_POINT ( 'NONE', #849 ) ;
#357 = CARTESIAN_POINT ( 'NONE',  ( 70.75834575713803076, 4.000000000000000000, -54.42424061714356043 ) ) ;
#358 = VECTOR ( 'NONE', #846, 999.9999999999998863 ) ;
#359 = ADVANCED_FACE ( 'NONE', ( #234 ), #1451, .T. ) ;
#360 = CARTESIAN_POINT ( 'NONE',  ( -11.60000000000000142, 3.250000000000000000, -30.00000000000000000 ) ) ;
#361 = DIRECTION ( 'NONE',  ( 0.000000000000000000, -1.000000000000000000, 0.000000000000000000 ) ) ;
#362 = VERTEX_POINT ( 'NONE', #525 ) ;
#363 = EDGE_CURVE ( 'NONE', #481, #510, #1156, .T. ) ;
#364 = EDGE_CURVE ( 'NONE', #1379, #1217, #612, .T. ) ;
#365 = ORIENTED_EDGE ( 'NONE', *, *, #61, .T. ) ;
#366 = DIRECTION ( 'NONE',  ( -0.9895864392845115098, 0.000000000000000000, -0.1439398457141105869 ) ) ;
#367 = LINE ( 'NONE', #1751, #1861 ) ;
#368 = EDGE_CURVE ( 'NONE', #1346, #1812, #696, .T. ) ;
#369 = ADVANCED_FACE ( 'NONE', ( #68 ), #1946, .F. ) ;
#370 = CARTESIAN_POINT ( 'NONE',  ( 59.66506859866110091, 0.000000000000000000, 0.9999999999999965583 ) ) ;
#371 = DIRECTION ( 'NONE',  ( 0.000000000000000000, 0.000000000000000000, -1.000000000000000000 ) ) ;
#372 = EDGE_LOOP ( 'NONE', ( #1696, #1772 ) ) ;
#373 = VECTOR ( 'NONE', #768, 1000.000000000000000 ) ;
#374 = ORIENTED_EDGE ( 'NONE', *, *, #1228, .T. ) ;
#375 = DIRECTION ( 'NONE',  ( 0.000000000000000000, 0.000000000000000000, -1.000000000000000000 ) ) ;
#376 = EDGE_CURVE ( 'NONE', #1935, #35, #856, .T. ) ;
#377 = DIRECTION ( 'NONE',  ( -0.000000000000000000, -1.000000000000000000, -0.000000000000000000 ) ) ;
#378 = DIRECTION ( 'NONE',  ( -0.000000000000000000, 1.000000000000000000, -0.000000000000000000 ) ) ;
#379 = CIRCLE ( 'NONE', #218, 2.500000000000002220 ) ;
#380 = ORIENTED_EDGE ( 'NONE', *, *, #558, .T. ) ;
#381 = EDGE_LOOP ( 'NONE', ( #540, #1747, #1148, #1839 ) ) ;
#382 = DIRECTION ( 'NONE',  ( 0.000000000000000000, -1.000000000000000000, 0.000000000000000000 ) ) ;
#383 = VECTOR ( 'NONE', #1495, 1000.000000000000000 ) ;
#384 = ADVANCED_FACE ( 'NONE', ( #1785 ), #536, .F. ) ;
#385 = DIRECTION ( 'NONE',  ( 0.000000000000000000, -1.000000000000000000, 0.000000000000000000 ) ) ;
#386 = VECTOR ( 'NONE', #1713, 1000.000000000000000 ) ;
#387 = LINE ( 'NONE', #58, #1513 ) ;
#388 = PLANE ( 'NONE',  #351 ) ;
#389 = ORIENTED_EDGE ( 'NONE', *, *, #6, .T. ) ;
#390 = CARTESIAN_POINT ( 'NONE',  ( -23.20000000000000284, 0.000000000000000000, -55.00000000000000000 ) ) ;
#391 = DIRECTION ( 'NONE',  ( -0.000000000000000000, -1.000000000000000000, -0.000000000000000000 ) ) ;
#392 = EDGE_CURVE ( 'NONE', #733, #883, #1131, .T. ) ;
#393 = EDGE_CURVE ( 'NONE', #1949, #1912, #1685, .T. ) ;
#394 = ORIENTED_EDGE ( 'NONE', *, *, #430, .F. ) ;
#395 = DIRECTION ( 'NONE',  ( 0.000000000000000000, 0.000000000000000000, -1.000000000000000000 ) ) ;
#396 = DIRECTION ( 'NONE',  ( 8.659560562354906974E-17, 0.7071067811865496822, -0.7071067811865453523 ) ) ;
#397 = LINE ( 'NONE', #1326, #1260 ) ;
#398 = CIRCLE ( 'NONE', #555, 2.999999999999999112 ) ;
#399 = EDGE_LOOP ( 'NONE', ( #267, #1177, #1468, #1318 ) ) ;
#400 = ORIENTED_EDGE ( 'NONE', *, *, #1622, .T. ) ;
#401 = DIRECTION ( 'NONE',  ( -0.3886560633082938865, -0.000000000000000000, -0.9213829087050070532 ) ) ;
#402 = EDGE_CURVE ( 'NONE', #1983, #763, #286, .T. ) ;
#403 = VERTEX_POINT ( 'NONE', #50 ) ;
#404 = CARTESIAN_POINT ( 'NONE',  ( -23.20000000000000284, 3.724999999999988542, -55.00000000000000000 ) ) ;
#405 = AXIS2_PLACEMENT_3D ( 'NONE', #636, #1720, #1367 ) ;
#406 = DIRECTION ( 'NONE',  ( 0.000000000000000000, 0.000000000000000000, -1.000000000000000000 ) ) ;
#407 = CARTESIAN_POINT ( 'NONE',  ( -23.20000000000000284, 0.000000000000000000, -56.25000000000000000 ) ) ;
#408 = AXIS2_PLACEMENT_3D ( 'NONE', #1774, #377, #1165 ) ;
#409 = ORIENTED_EDGE ( 'NONE', *, *, #1496, .T. ) ;
#410 = CARTESIAN_POINT ( 'NONE',  ( -17.40000000000000213, 0.000000000000000000, -38.75000000000000000 ) ) ;
#411 = AXIS2_PLACEMENT_3D ( 'NONE', #851, #1970, #1178 ) ;
#412 = ORIENTED_EDGE ( 'NONE', *, *, #1294, .T. ) ;
#413 = CARTESIAN_POINT ( 'NONE',  ( 14.70000000000000107, 0.000000000000000000, -2.499999999999997780 ) ) ;
#414 = VECTOR ( 'NONE', #1529, 1000.000000000000000 ) ;
#415 = LINE ( 'NONE', #562, #1915 ) ;
#416 = VECTOR ( 'NONE', #1478, 1000.000000000000000 ) ;
#417 = EDGE_CURVE ( 'NONE', #468, #526, #387, .T. ) ;
#418 = FACE_BOUND ( 'NONE', #901, .T. ) ;
#419 = CIRCLE ( 'NONE', #1558, 1.249999999999987121 ) ;
#420 = EDGE_LOOP ( 'NONE', ( #632, #845 ) ) ;
#421 = LINE ( 'NONE', #709, #1372 ) ;
#422 = EDGE_CURVE ( 'NONE', #607, #1284, #1727, .T. ) ;
#423 = AXIS2_PLACEMENT_3D ( 'NONE', #1128, #181, #27 ) ;
#424 = ORIENTED_EDGE ( 'NONE', *, *, #1496, .F. ) ;
#425 = DIRECTION ( 'NONE',  ( 0.9744815391640044844, -0.2244676587585672789, 0.000000000000000000 ) ) ;
#426 = EDGE_CURVE ( 'NONE', #1284, #1583, #1925, .T. ) ;
#427 = DIRECTION ( 'NONE',  ( 0.000000000000000000, -0.000000000000000000, -1.000000000000000000 ) ) ;
#428 = DIRECTION ( 'NONE',  ( 0.3886560633082941640, -4.012354050806739764E-33, 0.9213829087050069422 ) ) ;
#429 = DIRECTION ( 'NONE',  ( 0.000000000000000000, 0.000000000000000000, 1.000000000000000000 ) ) ;
#430 = EDGE_CURVE ( 'NONE', #1983, #1995, #833, .T. ) ;
#431 = ORIENTED_EDGE ( 'NONE', *, *, #1908, .F. ) ;
#432 = DIRECTION ( 'NONE',  ( -0.000000000000000000, 1.000000000000000000, -0.000000000000000000 ) ) ;
#433 = ORIENTED_EDGE ( 'NONE', *, *, #1929, .F. ) ;
#434 = ORIENTED_EDGE ( 'NONE', *, *, #66, .F. ) ;
#435 = LINE ( 'NONE', #859, #443 ) ;
#436 = ORIENTED_EDGE ( 'NONE', *, *, #638, .F. ) ;
#437 = DIRECTION ( 'NONE',  ( -6.866635310940556882E-17, -1.000000000000000000, -9.987833179549885987E-18 ) ) ;
#438 = CARTESIAN_POINT ( 'NONE',  ( 0.000000000000000000, 3.724999999999988542, 0.000000000000000000 ) ) ;
#439 = PRODUCT_DEFINITION ( 'UNKNOWN', '', #1623, #175 ) ;
#440 = ORIENTED_EDGE ( 'NONE', *, *, #495, .T. ) ;
#441 = LINE ( 'NONE', #2010, #373 ) ;
#442 = ORIENTED_EDGE ( 'NONE', *, *, #392, .T. ) ;
#443 = VECTOR ( 'NONE', #1467, 999.9999999999998863 ) ;
#444 = EDGE_LOOP ( 'NONE', ( #1517, #130, #1479, #538, #939, #1998, #1909, #185, #221, #257, #782, #1603, #1639, #887 ) ) ;
#445 = PLANE ( 'NONE',  #931 ) ;
#446 = EDGE_LOOP ( 'NONE', ( #625, #165, #433, #571 ) ) ;
#447 = CARTESIAN_POINT ( 'NONE',  ( -11.60000000000000142, 3.250000000000000000, -25.00000000000000000 ) ) ;
#448 = CARTESIAN_POINT ( 'NONE',  ( -17.08410697718517568, 0.9411764705882267323, -41.10652014771358154 ) ) ;
#449 = EDGE_CURVE ( 'NONE', #1565, #1453, #903, .T. ) ;
#450 = ORIENTED_EDGE ( 'NONE', *, *, #1228, .F. ) ;
#451 = DIRECTION ( 'NONE',  ( 0.000000000000000000, 0.000000000000000000, -1.000000000000000000 ) ) ;
#452 = ORIENTED_EDGE ( 'NONE', *, *, #1758, .T. ) ;
#453 = LINE ( 'NONE', #163, #1331 ) ;
#454 = EDGE_CURVE ( 'NONE', #1523, #1978, #842, .T. ) ;
#455 = CONICAL_SURFACE ( 'NONE', #973, 1.525000000000005462, 0.7853981633974514986 ) ;
#456 = EDGE_CURVE ( 'NONE', #1552, #707, #984, .T. ) ;
#457 = ORIENTED_EDGE ( 'NONE', *, *, #363, .F. ) ;
#458 = DIRECTION ( 'NONE',  ( -0.000000000000000000, -1.000000000000000000, -0.000000000000000000 ) ) ;
#459 = VERTEX_POINT ( 'NONE', #1333 ) ;
#460 = CARTESIAN_POINT ( 'NONE',  ( -11.60000000000000142, 3.250000000000000000, -27.50000000000000000 ) ) ;
#461 = DIRECTION ( 'NONE',  ( -1.000000000000000000, -0.000000000000000000, -7.212991720404867796E-17 ) ) ;
#462 = VERTEX_POINT ( 'NONE', #407 ) ;
#463 = CARTESIAN_POINT ( 'NONE',  ( 68.85518452253799637, 4.000000000000000000, -41.34000712926832222 ) ) ;
#464 = ORIENTED_EDGE ( 'NONE', *, *, #1564, .F. ) ;
#465 = DIRECTION ( 'NONE',  ( -0.000000000000000000, -1.000000000000000000, -0.000000000000000000 ) ) ;
#466 = AXIS2_PLACEMENT_3D ( 'NONE', #957, #622, #1742 ) ;
#467 = STYLED_ITEM ( 'NONE', ( #498 ), #272 ) ;
#468 = VERTEX_POINT ( 'NONE', #1519 ) ;
#469 = FACE_OUTER_BOUND ( 'NONE', #345, .T. ) ;
#470 = DIRECTION ( 'NONE',  ( 0.000000000000000000, 0.000000000000000000, -1.000000000000000000 ) ) ;
#471 = CARTESIAN_POINT ( 'NONE',  ( -11.60000000000000142, 3.250000000000000000, -27.50000000000000000 ) ) ;
#472 = DIRECTION ( 'NONE',  ( -0.000000000000000000, 1.000000000000000000, -0.000000000000000000 ) ) ;
#473 = APPLICATION_CONTEXT ( 'automotive_design' ) ;
#474 = EDGE_LOOP ( 'NONE', ( #1057, #1418, #1533, #889 ) ) ;
#475 = FACE_OUTER_BOUND ( 'NONE', #178, .T. ) ;
#476 =( NAMED_UNIT ( * ) SI_UNIT ( $, .STERADIAN. ) SOLID_ANGLE_UNIT ( ) );
#477 = VECTOR ( 'NONE', #123, 1000.000000000000000 ) ;
#478 = FACE_BOUND ( 'NONE', #1511, .T. ) ;
#479 = ORIENTED_EDGE ( 'NONE', *, *, #1051, .F. ) ;
#480 = VECTOR ( 'NONE', #1025, 999.9999999999998863 ) ;
#481 = VERTEX_POINT ( 'NONE', #1050 ) ;
#482 = DIRECTION ( 'NONE',  ( 0.3886560633082939975, 0.000000000000000000, 0.9213829087050070532 ) ) ;
#483 = CARTESIAN_POINT ( 'NONE',  ( 0.000000000000000000, 0.000000000000000000, 0.000000000000000000 ) ) ;
#484 = CARTESIAN_POINT ( 'NONE',  ( -9.326752691275199680, 2.220446049250316039E-16, -11.81896014784587479 ) ) ;
#485 = EDGE_CURVE ( 'NONE', #1978, #1844, #753, .T. ) ;
#486 = DIRECTION ( 'NONE',  ( 0.000000000000000000, 0.000000000000000000, -1.000000000000000000 ) ) ;
#487 = LINE ( 'NONE', #160, #1963 ) ;
#488 = DIRECTION ( 'NONE',  ( 0.000000000000000000, -0.000000000000000000, -1.000000000000000000 ) ) ;
#489 = AXIS2_PLACEMENT_3D ( 'NONE', #1432, #669, #1602 ) ;
#490 = ORIENTED_EDGE ( 'NONE', *, *, #1473, .T. ) ;
#491 = VECTOR ( 'NONE', #711, 1000.000000000000227 ) ;
#492 = ORIENTED_EDGE ( 'NONE', *, *, #603, .F. ) ;
#493 = CYLINDRICAL_SURFACE ( 'NONE', #1321, 2.499999999999998668 ) ;
#494 = DIRECTION ( 'NONE',  ( 0.000000000000000000, 0.000000000000000000, 1.000000000000000000 ) ) ;
#495 = EDGE_CURVE ( 'NONE', #1833, #1787, #1205, .T. ) ;
#496 = CIRCLE ( 'NONE', #1395, 4.000000000000003553 ) ;
#497 = DIRECTION ( 'NONE',  ( -0.000000000000000000, 1.000000000000000000, -0.000000000000000000 ) ) ;
#498 = PRESENTATION_STYLE_ASSIGNMENT (( #1077 ) ) ;
#499 = CARTESIAN_POINT ( 'NONE',  ( -17.40000000000000213, 3.250000000000000000, -41.25000000000000000 ) ) ;
#500 = VECTOR ( 'NONE', #948, 1000.000000000000000 ) ;
#501 = AXIS2_PLACEMENT_3D ( 'NONE', #804, #1755, #1535 ) ;
#502 = ORIENTED_EDGE ( 'NONE', *, *, #61, .F. ) ;
#503 = CARTESIAN_POINT ( 'NONE',  ( 69.74540330395956289, 2.000000000000000000, -47.46026125154168085 ) ) ;
#504 = CARTESIAN_POINT ( 'NONE',  ( 66.79999999999999716, 0.000000000000000000, -55.00000000000000000 ) ) ;
#505 = CARTESIAN_POINT ( 'NONE',  ( -0.6635069208641306560, 4.000000000000000000, 4.000000000000000000 ) ) ;
#506 = ADVANCED_FACE ( 'NONE', ( #1508 ), #1805, .F. ) ;
#507 = ORIENTED_EDGE ( 'NONE', *, *, #1725, .F. ) ;
#508 = EDGE_CURVE ( 'NONE', #403, #1862, #1820, .T. ) ;
#509 = AXIS2_PLACEMENT_3D ( 'NONE', #722, #530, #1305 ) ;
#510 = VERTEX_POINT ( 'NONE', #1838 ) ;
#511 = LINE ( 'NONE', #621, #386 ) ;
#512 = CARTESIAN_POINT ( 'NONE',  ( 66.79999999999999716, 0.000000000000000000, -53.75000000000000000 ) ) ;
#513 = CARTESIAN_POINT ( 'NONE',  ( 60.80000000000000426, 3.250000000000000000, -13.74999999999999822 ) ) ;
#514 = EDGE_CURVE ( 'NONE', #1523, #338, #1184, .T. ) ;
#515 = DIRECTION ( 'NONE',  ( 0.000000000000000000, 0.000000000000000000, 1.000000000000000000 ) ) ;
#516 = ORIENTED_EDGE ( 'NONE', *, *, #822, .T. ) ;
#517 = UNCERTAINTY_MEASURE_WITH_UNIT (LENGTH_MEASURE( 1.000000000000000082E-05 ), #958, 'distance_accuracy_value', 'NONE');
#518 = VECTOR ( 'NONE', #461, 1000.000000000000000 ) ;
#519 = EDGE_CURVE ( 'NONE', #1995, #1614, #938, .T. ) ;
#520 = ORIENTED_EDGE ( 'NONE', *, *, #1012, .F. ) ;
#521 = LINE ( 'NONE', #1645, #38 ) ;
#522 = DIRECTION ( 'NONE',  ( 0.000000000000000000, 1.000000000000000000, 0.000000000000000000 ) ) ;
#523 = DIRECTION ( 'NONE',  ( -0.000000000000000000, -1.000000000000000000, -0.000000000000000000 ) ) ;
#524 = VECTOR ( 'NONE', #350, 1000.000000000000000 ) ;
#525 = CARTESIAN_POINT ( 'NONE',  ( 14.70000000000000107, 0.000000000000000000, 2.499999999999999556 ) ) ;
#526 = VERTEX_POINT ( 'NONE', #1669 ) ;
#527 = ORIENTED_EDGE ( 'NONE', *, *, #1599, .F. ) ;
#528 = CYLINDRICAL_SURFACE ( 'NONE', #1688, 3.999999999999996447 ) ;
#529 = CIRCLE ( 'NONE', #1435, 1.249999999999987121 ) ;
#530 = DIRECTION ( 'NONE',  ( -0.000000000000000000, 1.000000000000000000, -0.000000000000000000 ) ) ;
#531 = DIRECTION ( 'NONE',  ( 0.000000000000000000, 0.000000000000000000, -1.000000000000000000 ) ) ;
#532 = ORIENTED_EDGE ( 'NONE', *, *, #508, .F. ) ;
#533 = ORIENTED_EDGE ( 'NONE', *, *, #670, .F. ) ;
#534 = LINE ( 'NONE', #1163, #491 ) ;
#535 = DIRECTION ( 'NONE',  ( -5.114702598701986415E-17, -1.000000000000000000, 2.157474550725202123E-17 ) ) ;
#536 = CYLINDRICAL_SURFACE ( 'NONE', #223, 2.999999999999999112 ) ;
#537 = CIRCLE ( 'NONE', #705, 2.999999999999999112 ) ;
#538 = ORIENTED_EDGE ( 'NONE', *, *, #794, .F. ) ;
#539 = CARTESIAN_POINT ( 'NONE',  ( 52.74451980937222118, 4.000000000000000000, -6.999999999999995559 ) ) ;
#540 = ORIENTED_EDGE ( 'NONE', *, *, #96, .T. ) ;
#541 = CARTESIAN_POINT ( 'NONE',  ( 29.40000000000000213, 0.000000000000000000, -2.500000000000000444 ) ) ;
#542 = AXIS2_PLACEMENT_3D ( 'NONE', #95, #1968, #1194 ) ;
#543 = EDGE_CURVE ( 'NONE', #1830, #227, #1618, .T. ) ;
#544 = CARTESIAN_POINT ( 'NONE',  ( 29.40000000000000213, 3.250000000000000000, 1.800230794746609518E-15 ) ) ;
#545 = CIRCLE ( 'NONE', #1733, 1.525000000000005462 ) ;
#546 = DIRECTION ( 'NONE',  ( 0.000000000000000000, -1.000000000000000000, 0.000000000000000000 ) ) ;
#547 = FACE_OUTER_BOUND ( 'NONE', #921, .T. ) ;
#548 = ORIENTED_EDGE ( 'NONE', *, *, #1897, .T. ) ;
#549 = CARTESIAN_POINT ( 'NONE',  ( 64.79999999999999716, 0.000000000000000000, -43.75000000000000000 ) ) ;
#550 = CARTESIAN_POINT ( 'NONE',  ( -9.326752691275205009, 2.000000000000000000, -11.81896014784587834 ) ) ;
#551 = ORIENTED_EDGE ( 'NONE', *, *, #1012, .T. ) ;
#552 = PLANE ( 'NONE',  #1351 ) ;
#553 = CYLINDRICAL_SURFACE ( 'NONE', #56, 2.500000000000002220 ) ;
#554 = FACE_BOUND ( 'NONE', #644, .T. ) ;
#555 = AXIS2_PLACEMENT_3D ( 'NONE', #1568, #180, #1410 ) ;
#556 = ORIENTED_EDGE ( 'NONE', *, *, #1868, .F. ) ;
#557 = PLANE ( 'NONE',  #643 ) ;
#558 = EDGE_CURVE ( 'NONE', #945, #2000, #1923, .T. ) ;
#559 = EDGE_LOOP ( 'NONE', ( #348, #854 ) ) ;
#560 = PLANE ( 'NONE',  #1821 ) ;
#561 = VECTOR ( 'NONE', #1392, 1000.000000000000000 ) ;
#562 = CARTESIAN_POINT ( 'NONE',  ( 58.80000000000000426, 4.000000000000001776, -1.524999999999998579 ) ) ;
#563 = DIRECTION ( 'NONE',  ( -0.000000000000000000, -1.000000000000000000, -0.000000000000000000 ) ) ;
#564 = CIRCLE ( 'NONE', #1843, 2.500000000000009326 ) ;
#565 = EDGE_CURVE ( 'NONE', #1710, #737, #1794, .T. ) ;
#566 = EDGE_LOOP ( 'NONE', ( #779, #1867 ) ) ;
#567 = DIRECTION ( 'NONE',  ( 0.000000000000000000, -1.000000000000000000, 0.000000000000000000 ) ) ;
#568 = AXIS2_PLACEMENT_3D ( 'NONE', #1857, #1362, #920 ) ;
#569 = EDGE_CURVE ( 'NONE', #671, #1040, #714, .T. ) ;
#570 = EDGE_CURVE ( 'NONE', #296, #459, #397, .T. ) ;
#571 = ORIENTED_EDGE ( 'NONE', *, *, #760, .T. ) ;
#572 = CARTESIAN_POINT ( 'NONE',  ( 62.63382791651464743, 4.000000000000000000, 1.431819537142310361 ) ) ;
#573 = EDGE_CURVE ( 'NONE', #526, #101, #1039, .T. ) ;
#574 = CARTESIAN_POINT ( 'NONE',  ( 0.000000000000000000, 4.000000000000001776, 1.525000000000000355 ) ) ;
#575 = AXIS2_PLACEMENT_3D ( 'NONE', #1591, #361, #200 ) ;
#576 = CARTESIAN_POINT ( 'NONE',  ( 62.79999999999999716, 3.250000000000000000, -29.99999999999999289 ) ) ;
#577 = VECTOR ( 'NONE', #168, 1000.000000000000114 ) ;
#578 = EDGE_LOOP ( 'NONE', ( #1708, #589, #1940, #1766 ) ) ;
#579 = CARTESIAN_POINT ( 'NONE',  ( -23.20000000000000284, 4.000000000000000000, -55.00000000000000000 ) ) ;
#580 = ORIENTED_EDGE ( 'NONE', *, *, #1005, .T. ) ;
#581 = CIRCLE ( 'NONE', #998, 2.500000000000002220 ) ;
#582 = EDGE_LOOP ( 'NONE', ( #905, #1497, #1482, #1064 ) ) ;
#583 = DIRECTION ( 'NONE',  ( 0.3886560633082940530, -4.012354050806741132E-33, 0.9213829087050070532 ) ) ;
#584 = EDGE_CURVE ( 'NONE', #1912, #1862, #904, .T. ) ;
#585 = DIRECTION ( 'NONE',  ( 0.000000000000000000, 0.000000000000000000, -1.000000000000000000 ) ) ;
#586 = ORIENTED_EDGE ( 'NONE', *, *, #1433, .F. ) ;
#587 = DIRECTION ( 'NONE',  ( 0.000000000000000000, -1.000000000000000000, 0.000000000000000000 ) ) ;
#588 = DIRECTION ( 'NONE',  ( -0.000000000000000000, 1.000000000000000000, -0.000000000000000000 ) ) ;
#589 = ORIENTED_EDGE ( 'NONE', *, *, #1164, .F. ) ;
#590 = CARTESIAN_POINT ( 'NONE',  ( 60.80000000000000426, 0.000000000000000000, -13.74999999999999822 ) ) ;
#591 = ORIENTED_EDGE ( 'NONE', *, *, #1216, .F. ) ;
#592 = EDGE_CURVE ( 'NONE', #462, #945, #1648, .T. ) ;
#593 = ORIENTED_EDGE ( 'NONE', *, *, #1407, .F. ) ;
#594 = DIRECTION ( 'NONE',  ( 0.000000000000000000, 0.000000000000000000, -1.000000000000000000 ) ) ;
#595 = ORIENTED_EDGE ( 'NONE', *, *, #187, .T. ) ;
#596 = FACE_OUTER_BOUND ( 'NONE', #725, .T. ) ;
#597 = CARTESIAN_POINT ( 'NONE',  ( 62.79999999999999716, 3.250000000000000000, -25.00000000000000000 ) ) ;
#598 = VECTOR ( 'NONE', #926, 1000.000000000000000 ) ;
#599 = ADVANCED_FACE ( 'NONE', ( #104, #1958, #554, #723, #732, #1342, #1176, #1023, #1816, #256, #879, #263, #418, #1486 ), #1073, .T. ) ;
#600 = EDGE_LOOP ( 'NONE', ( #133, #1357, #1388, #1095 ) ) ;
#601 = CYLINDRICAL_SURFACE ( 'NONE', #962, 1.249999999999994227 ) ;
#602 = AXIS2_PLACEMENT_3D ( 'NONE', #999, #1030, #713 ) ;
#603 = EDGE_CURVE ( 'NONE', #841, #2000, #1872, .T. ) ;
#604 = ORIENTED_EDGE ( 'NONE', *, *, #217, .T. ) ;
#605 = DIRECTION ( 'NONE',  ( 0.000000000000000000, -1.000000000000000000, 0.000000000000000000 ) ) ;
#606 = AXIS2_PLACEMENT_3D ( 'NONE', #706, #893, #1948 ) ;
#607 = VERTEX_POINT ( 'NONE', #624 ) ;
#608 = DIRECTION ( 'NONE',  ( 0.000000000000000000, 0.000000000000000000, 1.000000000000000000 ) ) ;
#609 = EDGE_LOOP ( 'NONE', ( #665, #729, #490, #1954 ) ) ;
#610 = DIRECTION ( 'NONE',  ( -0.000000000000000000, 1.000000000000000000, -0.000000000000000000 ) ) ;
#611 = DIRECTION ( 'NONE',  ( 1.000000000000000000, 0.000000000000000000, -5.750918071703409321E-17 ) ) ;
#612 = CIRCLE ( 'NONE', #1819, 2.500000000000002220 ) ;
#613 = EDGE_CURVE ( 'NONE', #1949, #403, #309, .T. ) ;
#614 = VERTEX_POINT ( 'NONE', #5 ) ;
#615 = CARTESIAN_POINT ( 'NONE',  ( -11.60000000000000142, 0.000000000000000000, -27.50000000000000000 ) ) ;
#616 =( NAMED_UNIT ( * ) PLANE_ANGLE_UNIT ( ) SI_UNIT ( $, .RADIAN. ) );
#617 = VERTEX_POINT ( 'NONE', #765 ) ;
#618 = CYLINDRICAL_SURFACE ( 'NONE', #1831, 3.000000000000003109 ) ;
#619 = ORIENTED_EDGE ( 'NONE', *, *, #1054, .T. ) ;
#620 = AXIS2_PLACEMENT_3D ( 'NONE', #949, #46, #1411 ) ;
#621 = CARTESIAN_POINT ( 'NONE',  ( -3.427655646979173909, 4.000000000000000000, 2.165968189924867282 ) ) ;
#622 = DIRECTION ( 'NONE',  ( 0.000000000000000000, 1.000000000000000000, 0.000000000000000000 ) ) ;
#623 = FACE_OUTER_BOUND ( 'NONE', #980, .T. ) ;
#624 = CARTESIAN_POINT ( 'NONE',  ( 70.75834575713803076, 4.000000000000000000, -54.42424061714356043 ) ) ;
#625 = ORIENTED_EDGE ( 'NONE', *, *, #569, .T. ) ;
#626 = DIRECTION ( 'NONE',  ( 0.000000000000000000, -1.000000000000000000, 0.000000000000000000 ) ) ;
#627 = CARTESIAN_POINT ( 'NONE',  ( -23.20000000000000284, 4.000000000000001776, -56.52500000000000568 ) ) ;
#628 = EDGE_LOOP ( 'NONE', ( #457, #1705, #1319, #2009 ) ) ;
#629 = FACE_BOUND ( 'NONE', #1079, .T. ) ;
#630 = VERTEX_POINT ( 'NONE', #321 ) ;
#631 = EDGE_CURVE ( 'NONE', #763, #1614, #1215, .T. ) ;
#632 = ORIENTED_EDGE ( 'NONE', *, *, #402, .T. ) ;
#633 = CARTESIAN_POINT ( 'NONE',  ( 67.47760605681405366, 4.000000000000000000, 9.814924517354752354 ) ) ;
#634 = FACE_OUTER_BOUND ( 'NONE', #1943, .T. ) ;
#635 = DIRECTION ( 'NONE',  ( -0.000000000000000000, 1.000000000000000000, -0.000000000000000000 ) ) ;
#636 = CARTESIAN_POINT ( 'NONE',  ( 66.79999999999999716, 0.000000000000000000, -55.00000000000000000 ) ) ;
#637 = SURFACE_SIDE_STYLE ('',( #147 ) ) ;
#638 = EDGE_CURVE ( 'NONE', #1040, #162, #1849, .T. ) ;
#639 = AXIS2_PLACEMENT_3D ( 'NONE', #615, #1065, #897 ) ;
#640 = FACE_OUTER_BOUND ( 'NONE', #1665, .T. ) ;
#641 = CIRCLE ( 'NONE', #1472, 2.499999999999998668 ) ;
#642 = EDGE_LOOP ( 'NONE', ( #2006, #1836 ) ) ;
#643 = AXIS2_PLACEMENT_3D ( 'NONE', #734, #1979, #1951 ) ;
#644 = EDGE_LOOP ( 'NONE', ( #860, #1243 ) ) ;
#645 = CARTESIAN_POINT ( 'NONE',  ( 14.70000000000000107, 3.250000000000000000, 9.001153973733047589E-16 ) ) ;
#646 = CARTESIAN_POINT ( 'NONE',  ( 58.80000000000000426, 4.000000000000001776, 1.524999999999998579 ) ) ;
#647 = CARTESIAN_POINT ( 'NONE',  ( -11.60000000000000142, 0.000000000000000000, -30.00000000000000000 ) ) ;
#648 = DIRECTION ( 'NONE',  ( -0.000000000000000000, -1.000000000000000000, -0.000000000000000000 ) ) ;
#649 = CARTESIAN_POINT ( 'NONE',  ( 55.71327912722575348, 4.000000000000000000, -6.568180462857682755 ) ) ;
#650 = DIRECTION ( 'NONE',  ( -0.000000000000000000, 1.000000000000000000, -0.000000000000000000 ) ) ;
#651 = APPLICATION_PROTOCOL_DEFINITION ( 'draft international standard', 'automotive_design', 1998, #473 ) ;
#652 = VECTOR ( 'NONE', #1977, 1000.000000000000114 ) ;
#653 = VERTEX_POINT ( 'NONE', #1062 ) ;
#654 = VECTOR ( 'NONE', #63, 1000.000000000000000 ) ;
#655 = ORIENTED_EDGE ( 'NONE', *, *, #1313, .F. ) ;
#656 = CARTESIAN_POINT ( 'NONE',  ( 14.70000000000000107, 3.250000000000000000, -2.499999999999997780 ) ) ;
#657 = PRODUCT_DEFINITION_SHAPE ( 'NONE', 'NONE',  #439 ) ;
#658 = CYLINDRICAL_SURFACE ( 'NONE', #1106, 2.500000000000002220 ) ;
#659 = CARTESIAN_POINT ( 'NONE',  ( 66.79999999999999716, 4.000000000000001776, -56.52499999999999858 ) ) ;
#660 = CYLINDRICAL_SURFACE ( 'NONE', #1201, 4.000000000000003553 ) ;
#661 = EDGE_CURVE ( 'NONE', #707, #1368, #1692, .T. ) ;
#662 = ORIENTED_EDGE ( 'NONE', *, *, #417, .F. ) ;
#663 = AXIS2_PLACEMENT_3D ( 'NONE', #1714, #318, #788 ) ;
#664 = EDGE_CURVE ( 'NONE', #617, #829, #1291, .T. ) ;
#665 = ORIENTED_EDGE ( 'NONE', *, *, #1754, .F. ) ;
#666 = DIRECTION ( 'NONE',  ( 0.000000000000000000, 1.000000000000000000, -0.000000000000000000 ) ) ;
#667 = LINE ( 'NONE', #676, #290 ) ;
#668 = CARTESIAN_POINT ( 'NONE',  ( -5.800000000000006040, 0.000000000000000000, -16.25000000000000000 ) ) ;
#669 = DIRECTION ( 'NONE',  ( 0.000000000000000000, 1.000000000000000000, 0.000000000000000000 ) ) ;
#670 = EDGE_CURVE ( 'NONE', #462, #841, #164, .T. ) ;
#671 = VERTEX_POINT ( 'NONE', #1227 ) ;
#672 = EDGE_CURVE ( 'NONE', #1027, #808, #1390, .T. ) ;
#673 = VECTOR ( 'NONE', #1207, 1000.000000000000227 ) ;
#674 = ORIENTED_EDGE ( 'NONE', *, *, #1261, .T. ) ;
#675 = CARTESIAN_POINT ( 'NONE',  ( -23.20000000000000284, 0.000000000000000000, -59.00000000000000000 ) ) ;
#676 = CARTESIAN_POINT ( 'NONE',  ( 1.867586368699714066E-16, 4.000000000000001776, -1.525000000000000355 ) ) ;
#677 = AXIS2_PLACEMENT_3D ( 'NONE', #1058, #1516, #1786 ) ;
#678 = CARTESIAN_POINT ( 'NONE',  ( 60.80000000000000426, 3.250000000000000000, -13.74999999999999822 ) ) ;
#679 = DIRECTION ( 'NONE',  ( 8.659560562354961208E-17, 0.7071067811865452413, -0.7071067811865497932 ) ) ;
#680 = ORIENTED_EDGE ( 'NONE', *, *, #745, .T. ) ;
#681 = VECTOR ( 'NONE', #1858, 999.9999999999998863 ) ;
#682 = AXIS2_PLACEMENT_3D ( 'NONE', #978, #378, #1617 ) ;
#683 = AXIS2_PLACEMENT_3D ( 'NONE', #1504, #1190, #1834 ) ;
#684 = ORIENTED_EDGE ( 'NONE', *, *, #752, .T. ) ;
#685 = CARTESIAN_POINT ( 'NONE',  ( -5.800000000000006040, 3.250000000000000000, -13.74999999999999822 ) ) ;
#686 = CYLINDRICAL_SURFACE ( 'NONE', #1020, 2.499999999999998668 ) ;
#687 = DIRECTION ( 'NONE',  ( 0.000000000000000000, -0.000000000000000000, -1.000000000000000000 ) ) ;
#688 = ORIENTED_EDGE ( 'NONE', *, *, #298, .T. ) ;
#689 = DIRECTION ( 'NONE',  ( 0.000000000000000000, 0.000000000000000000, 1.000000000000000000 ) ) ;
#690 = ORIENTED_EDGE ( 'NONE', *, *, #194, .F. ) ;
#691 = DIRECTION ( 'NONE',  ( -0.000000000000000000, -1.000000000000000000, -0.000000000000000000 ) ) ;
#692 = AXIS2_PLACEMENT_3D ( 'NONE', #340, #331, #470 ) ;
#693 = CIRCLE ( 'NONE', #1744, 2.999999999999999112 ) ;
#694 = ADVANCED_FACE ( 'NONE', ( #976 ), #493, .F. ) ;
#695 = CARTESIAN_POINT ( 'NONE',  ( 1.880399719933968372, 0.000000000000000000, -5.834031810075131830 ) ) ;
#696 = LINE ( 'NONE', #1300, #1651 ) ;
#697 = ORIENTED_EDGE ( 'NONE', *, *, #1589, .T. ) ;
#698 = CARTESIAN_POINT ( 'NONE',  ( 58.80000000000000426, 3.724999999999988542, -1.249999999999987121 ) ) ;
#699 = ADVANCED_FACE ( 'NONE', ( #1729 ), #800, .F. ) ;
#700 = ORIENTED_EDGE ( 'NONE', *, *, #1599, .T. ) ;
#701 = CARTESIAN_POINT ( 'NONE',  ( -26.88553163482002972, 4.000000000000000000, -53.44537574676682823 ) ) ;
#702 = AXIS2_PLACEMENT_3D ( 'NONE', #262, #885, #1793 ) ;
#703 = DIRECTION ( 'NONE',  ( -0.000000000000000000, 1.000000000000000000, -0.000000000000000000 ) ) ;
#704 = DIRECTION ( 'NONE',  ( 0.000000000000000000, 0.000000000000000000, -1.000000000000000000 ) ) ;
#705 = AXIS2_PLACEMENT_3D ( 'NONE', #539, #1641, #1829 ) ;
#706 = CARTESIAN_POINT ( 'NONE',  ( -5.800000000000006040, 3.250000000000000000, -13.74999999999999822 ) ) ;
#707 = VERTEX_POINT ( 'NONE', #45 ) ;
#708 = ORIENTED_EDGE ( 'NONE', *, *, #672, .F. ) ;
#709 = CARTESIAN_POINT ( 'NONE',  ( -19.51446836517997241, 0.000000000000000000, -56.55462425323317177 ) ) ;
#710 = ORIENTED_EDGE ( 'NONE', *, *, #924, .F. ) ;
#711 = DIRECTION ( 'NONE',  ( 0.3886560633082938865, 0.000000000000000000, 0.9213829087050070532 ) ) ;
#712 = EDGE_CURVE ( 'NONE', #481, #296, #196, .T. ) ;
#713 = DIRECTION ( 'NONE',  ( 0.1439398457141104759, 0.000000000000000000, -0.9895864392845113988 ) ) ;
#714 = LINE ( 'NONE', #1355, #1652 ) ;
#715 = AXIS2_PLACEMENT_3D ( 'NONE', #1922, #635, #1135 ) ;
#716 = ORIENTED_EDGE ( 'NONE', *, *, #1734, .T. ) ;
#717 = ORIENTED_EDGE ( 'NONE', *, *, #1653, .T. ) ;
#718 = PLANE ( 'NONE',  #1254 ) ;
#719 = VERTEX_POINT ( 'NONE', #25 ) ;
#720 = DIRECTION ( 'NONE',  ( -0.000000000000000000, -1.000000000000000000, -0.000000000000000000 ) ) ;
#721 = ADVANCED_FACE ( 'NONE', ( #1419 ), #1894, .F. ) ;
#722 = CARTESIAN_POINT ( 'NONE',  ( 66.79999999999999716, 4.000000000000000000, -55.00000000000000000 ) ) ;
#723 = FACE_BOUND ( 'NONE', #917, .T. ) ;
#724 = CONICAL_SURFACE ( 'NONE', #1664, 1.524999999999998579, 0.7853981633974452814 ) ;
#725 = EDGE_LOOP ( 'NONE', ( #1172, #277, #1842, #1606 ) ) ;
#726 = DIRECTION ( 'NONE',  ( -0.1439398457141105314, 0.000000000000000000, 0.9895864392845113988 ) ) ;
#727 = ADVANCED_FACE ( 'NONE', ( #339 ), #455, .F. ) ;
#728 = EDGE_CURVE ( 'NONE', #1812, #754, #1398, .T. ) ;
#729 = ORIENTED_EDGE ( 'NONE', *, *, #1245, .F. ) ;
#730 = DIRECTION ( 'NONE',  ( -0.000000000000000000, -1.000000000000000000, -0.000000000000000000 ) ) ;
#731 = CYLINDRICAL_SURFACE ( 'NONE', #1737, 1.249999999999993783 ) ;
#732 = FACE_BOUND ( 'NONE', #1198, .T. ) ;
#733 = VERTEX_POINT ( 'NONE', #656 ) ;
#734 = CARTESIAN_POINT ( 'NONE',  ( 74.79270315824507520, -4.315137318989336488E-15, -40.47636805498363088 ) ) ;
#735 = AXIS2_PLACEMENT_3D ( 'NONE', #280, #1224, #1352 ) ;
#736 = ORIENTED_EDGE ( 'NONE', *, *, #1814, .F. ) ;
#737 = VERTEX_POINT ( 'NONE', #1097 ) ;
#738 = PLANE ( 'NONE',  #1161 ) ;
#739 = CYLINDRICAL_SURFACE ( 'NONE', #838, 2.499999999999998668 ) ;
#740 = CARTESIAN_POINT ( 'NONE',  ( 66.79999999999999716, 3.724999999999988542, -56.24999999999998579 ) ) ;
#741 = AXIS2_PLACEMENT_3D ( 'NONE', #132, #588, #429 ) ;
#742 = DIRECTION ( 'NONE',  ( -0.000000000000000000, -1.000000000000000000, -0.000000000000000000 ) ) ;
#743 = VERTEX_POINT ( 'NONE', #947 ) ;
#744 = DIRECTION ( 'NONE',  ( 0.000000000000000000, 0.000000000000000000, 1.000000000000000000 ) ) ;
#745 = EDGE_CURVE ( 'NONE', #1206, #1168, #1264, .T. ) ;
#746 = EDGE_LOOP ( 'NONE', ( #436, #716, #593, #62 ) ) ;
#747 = EDGE_LOOP ( 'NONE', ( #933, #365, #1013, #79 ) ) ;
#748 = EDGE_CURVE ( 'NONE', #607, #42, #1597, .T. ) ;
#749 = FACE_OUTER_BOUND ( 'NONE', #193, .T. ) ;
#750 = ORIENTED_EDGE ( 'NONE', *, *, #1600, .F. ) ;
#751 = LINE ( 'NONE', #447, #1502 ) ;
#752 = EDGE_CURVE ( 'NONE', #1566, #1229, #179, .T. ) ;
#753 = LINE ( 'NONE', #597, #875 ) ;
#754 = VERTEX_POINT ( 'NONE', #203 ) ;
#755 = DIRECTION ( 'NONE',  ( 0.000000000000000000, -1.000000000000000000, 0.000000000000000000 ) ) ;
#756 = AXIS2_PLACEMENT_3D ( 'NONE', #961, #1404, #1582 ) ;
#757 = ORIENTED_EDGE ( 'NONE', *, *, #210, .T. ) ;
#758 = DIRECTION ( 'NONE',  ( -0.9707342196324381112, -0.2401563549744235582, 0.000000000000000000 ) ) ;
#759 = EDGE_LOOP ( 'NONE', ( #1576, #1426, #1719, #316 ) ) ;
#760 = EDGE_CURVE ( 'NONE', #1787, #671, #967, .T. ) ;
#761 = EDGE_CURVE ( 'NONE', #1229, #707, #328, .T. ) ;
#762 = PLANE ( 'NONE',  #568 ) ;
#763 = VERTEX_POINT ( 'NONE', #1268 ) ;
#764 = DIRECTION ( 'NONE',  ( 0.000000000000000000, 0.000000000000000000, -1.000000000000000000 ) ) ;
#765 = CARTESIAN_POINT ( 'NONE',  ( 29.40000000000000213, 0.000000000000000000, 2.500000000000003997 ) ) ;
#766 = AXIS2_PLACEMENT_3D ( 'NONE', #1470, #88, #1033 ) ;
#767 = ORIENTED_EDGE ( 'NONE', *, *, #508, .T. ) ;
#768 = DIRECTION ( 'NONE',  ( -0.000000000000000000, -1.000000000000000000, -0.000000000000000000 ) ) ;
#769 = CYLINDRICAL_SURFACE ( 'NONE', #501, 2.999999999999999112 ) ;
#770 = AXIS2_PLACEMENT_3D ( 'NONE', #1815, #385, #406 ) ;
#771 = ORIENTED_EDGE ( 'NONE', *, *, #1029, .F. ) ;
#772 = CARTESIAN_POINT ( 'NONE',  ( 64.53698915111469603, 4.000000000000000000, -11.65241395073296005 ) ) ;
#773 = VERTEX_POINT ( 'NONE', #1904 ) ;
#774 = FACE_OUTER_BOUND ( 'NONE', #1681, .T. ) ;
#775 = ORIENTED_EDGE ( 'NONE', *, *, #1140, .T. ) ;
#776 = FACE_OUTER_BOUND ( 'NONE', #1322, .T. ) ;
#777 = CARTESIAN_POINT ( 'NONE',  ( -23.20000000000000284, 0.000000000000000000, -55.00000000000000000 ) ) ;
#778 = AXIS2_PLACEMENT_3D ( 'NONE', #1290, #840, #371 ) ;
#779 = ORIENTED_EDGE ( 'NONE', *, *, #1656, .T. ) ;
#780 = PLANE ( 'NONE',  #1016 ) ;
#781 = CARTESIAN_POINT ( 'NONE',  ( 1.880399719933968372, 4.000000000000000000, -5.834031810075131830 ) ) ;
#782 = ORIENTED_EDGE ( 'NONE', *, *, #661, .F. ) ;
#783 = FACE_BOUND ( 'NONE', #1180, .T. ) ;
#784 = ADVANCED_FACE ( 'NONE', ( #1439 ), #1274, .F. ) ;
#785 = ORIENTED_EDGE ( 'NONE', *, *, #519, .F. ) ;
#786 = CIRCLE ( 'NONE', #423, 1.524999999999998579 ) ;
#787 = CARTESIAN_POINT ( 'NONE',  ( 64.79999999999999716, 3.250000000000000000, -41.25000000000000000 ) ) ;
#788 = DIRECTION ( 'NONE',  ( 0.000000000000000000, 0.000000000000000000, 1.000000000000000000 ) ) ;
#789 = DIRECTION ( 'NONE',  ( 0.000000000000000000, 0.000000000000000000, -1.000000000000000000 ) ) ;
#790 = EDGE_CURVE ( 'NONE', #1071, #1229, #511, .T. ) ;
#791 = ORIENTED_EDGE ( 'NONE', *, *, #1929, .T. ) ;
#792 = LINE ( 'NONE', #1380, #477 ) ;
#793 = FACE_OUTER_BOUND ( 'NONE', #289, .T. ) ;
#794 = EDGE_CURVE ( 'NONE', #1817, #1586, #1236, .T. ) ;
#795 = CARTESIAN_POINT ( 'NONE',  ( -23.20000000000000284, 4.000000000000000000, -55.00000000000000000 ) ) ;
#796 = VECTOR ( 'NONE', #31, 1000.000000000000114 ) ;
#797 = ADVANCED_FACE ( 'NONE', ( #469 ), #317, .T. ) ;
#798 = ORIENTED_EDGE ( 'NONE', *, *, #1801, .T. ) ;
#799 = EDGE_LOOP ( 'NONE', ( #21, #975 ) ) ;
#800 = CYLINDRICAL_SURFACE ( 'NONE', #1454, 2.499999999999995115 ) ;
#801 = CARTESIAN_POINT ( 'NONE',  ( 66.79999999999999716, 4.000000000000000000, -55.00000000000000000 ) ) ;
#802 = DIRECTION ( 'NONE',  ( 0.000000000000000000, -1.000000000000000000, 0.000000000000000000 ) ) ;
#803 = CARTESIAN_POINT ( 'NONE',  ( 14.70000000000000107, 0.000000000000000000, 9.001153973733047589E-16 ) ) ;
#804 = CARTESIAN_POINT ( 'NONE',  ( -0.6635069208641469762, 4.000000000000000000, 1.000000000000000444 ) ) ;
#805 = CARTESIAN_POINT ( 'NONE',  ( 4.644548446049008739, 4.000000000000000000, -4.000000000000000000 ) ) ;
#806 = AXIS2_PLACEMENT_3D ( 'NONE', #460, #1518, #1668 ) ;
#807 = EDGE_CURVE ( 'NONE', #810, #1566, #990, .T. ) ;
#808 = VERTEX_POINT ( 'NONE', #73 ) ;
#809 = CIRCLE ( 'NONE', #411, 2.500000000000002220 ) ;
#810 = VERTEX_POINT ( 'NONE', #701 ) ;
#811 = CARTESIAN_POINT ( 'NONE',  ( -0.6635069208641469762, 0.000000000000000000, 1.000000000000000444 ) ) ;
#812 = CARTESIAN_POINT ( 'NONE',  ( 66.79999999999999716, 4.000000000000001776, -55.00000000000000000 ) ) ;
#813 = FACE_OUTER_BOUND ( 'NONE', #399, .T. ) ;
#814 = ORIENTED_EDGE ( 'NONE', *, *, #1042, .T. ) ;
#815 = AXIS2_PLACEMENT_3D ( 'NONE', #825, #1442, #515 ) ;
#816 = ADVANCED_FACE ( 'NONE', ( #1936 ), #552, .T. ) ;
#817 = VECTOR ( 'NONE', #720, 1000.000000000000000 ) ;
#818 =( GEOMETRIC_REPRESENTATION_CONTEXT ( 3 ) GLOBAL_UNCERTAINTY_ASSIGNED_CONTEXT ( ( #517 ) ) GLOBAL_UNIT_ASSIGNED_CONTEXT ( ( #958, #1598, #837 ) ) REPRESENTATION_CONTEXT ( 'NONE', 'WORKASPACE' ) );
#819 = EDGE_LOOP ( 'NONE', ( #77, #135, #1359, #516 ) ) ;
#820 = DIRECTION ( 'NONE',  ( 0.000000000000000000, 0.000000000000000000, 1.000000000000000000 ) ) ;
#821 = FACE_OUTER_BOUND ( 'NONE', #1223, .T. ) ;
#822 = EDGE_CURVE ( 'NONE', #510, #1812, #1285, .T. ) ;
#823 = ADVANCED_FACE ( 'NONE', ( #1143 ), #1928, .F. ) ;
#824 = CARTESIAN_POINT ( 'NONE',  ( 44.10000000000000142, 0.000000000000000000, 2.700346192119913882E-15 ) ) ;
#825 = CARTESIAN_POINT ( 'NONE',  ( 66.79999999999999716, 0.000000000000000000, -55.00000000000000000 ) ) ;
#826 = ORIENTED_EDGE ( 'NONE', *, *, #1343, .T. ) ;
#827 = CIRCLE ( 'NONE', #1361, 2.500000000000002220 ) ;
#828 = COLOUR_RGB ( '',0.7921568627450980005, 0.8196078431372548767, 0.9333333333333333481 ) ;
#829 = VERTEX_POINT ( 'NONE', #541 ) ;
#830 = DIRECTION ( 'NONE',  ( 0.000000000000000000, 0.000000000000000000, -1.000000000000000000 ) ) ;
#831 = LINE ( 'NONE', #1250, #1562 ) ;
#832 = DIRECTION ( 'NONE',  ( 0.000000000000000000, 0.7071067811865452413, 0.7071067811865497932 ) ) ;
#833 = LINE ( 'NONE', #1277, #1061 ) ;
#834 = ORIENTED_EDGE ( 'NONE', *, *, #661, .T. ) ;
#835 = ORIENTED_EDGE ( 'NONE', *, *, #748, .T. ) ;
#836 = CARTESIAN_POINT ( 'NONE',  ( -23.20000000000000284, 3.724999999999988542, -56.24999999999998579 ) ) ;
#837 =( NAMED_UNIT ( * ) SI_UNIT ( $, .STERADIAN. ) SOLID_ANGLE_UNIT ( ) );
#838 = AXIS2_PLACEMENT_3D ( 'NONE', #292, #1985, #585 ) ;
#839 = DIRECTION ( 'NONE',  ( -0.000000000000000000, -1.000000000000000000, -0.000000000000000000 ) ) ;
#840 = DIRECTION ( 'NONE',  ( 0.000000000000000000, -1.000000000000000000, 0.000000000000000000 ) ) ;
#841 = VERTEX_POINT ( 'NONE', #243 ) ;
#842 = CIRCLE ( 'NONE', #778, 2.499999999999995115 ) ;
#843 = EDGE_CURVE ( 'NONE', #313, #1846, #545, .T. ) ;
#844 = AXIS2_PLACEMENT_3D ( 'NONE', #1475, #1782, #1944 ) ;
#845 = ORIENTED_EDGE ( 'NONE', *, *, #93, .T. ) ;
#846 = DIRECTION ( 'NONE',  ( -0.9895864392845115098, -0.000000000000000000, -0.1439398457141105869 ) ) ;
#847 = DIRECTION ( 'NONE',  ( 0.000000000000000000, -1.000000000000000000, 0.000000000000000000 ) ) ;
#848 = CIRCLE ( 'NONE', #715, 1.525000000000005462 ) ;
#849 = CARTESIAN_POINT ( 'NONE',  ( 55.71327912722575348, 0.000000000000000000, -6.568180462857682755 ) ) ;
#850 = EDGE_LOOP ( 'NONE', ( #591, #287, #127, #1344 ) ) ;
#851 = CARTESIAN_POINT ( 'NONE',  ( 29.40000000000000213, 3.250000000000000000, 1.800230794746609518E-15 ) ) ;
#852 = EDGE_CURVE ( 'NONE', #1833, #743, #1773, .T. ) ;
#853 = EDGE_CURVE ( 'NONE', #1240, #249, #1515, .T. ) ;
#854 = ORIENTED_EDGE ( 'NONE', *, *, #1370, .T. ) ;
#855 = CARTESIAN_POINT ( 'NONE',  ( 70.47450778682176065, 4.000000000000000000, -10.78877487644829714 ) ) ;
#856 = CIRCLE ( 'NONE', #1112, 3.999999999999996447 ) ;
#857 = DIRECTION ( 'NONE',  ( -0.000000000000000000, 1.000000000000000000, -0.000000000000000000 ) ) ;
#858 = DIRECTION ( 'NONE',  ( 0.000000000000000000, -1.000000000000000000, 0.000000000000000000 ) ) ;
#859 = CARTESIAN_POINT ( 'NONE',  ( 62.84165424286193513, 4.000000000000000000, -55.57575938285644668 ) ) ;
#860 = ORIENTED_EDGE ( 'NONE', *, *, #1876, .F. ) ;
#861 = LINE ( 'NONE', #1469, #414 ) ;
#862 = CARTESIAN_POINT ( 'NONE',  ( 60.80000000000000426, 0.000000000000000000, -16.25000000000000711 ) ) ;
#863 = AXIS2_PLACEMENT_3D ( 'NONE', #370, #1735, #1129 ) ;
#864 = VERTEX_POINT ( 'NONE', #1625 ) ;
#865 = CARTESIAN_POINT ( 'NONE',  ( -23.20000000000000284, 4.000000000000001776, -55.00000000000000000 ) ) ;
#866 = AXIS2_PLACEMENT_3D ( 'NONE', #1967, #1146, #1183 ) ;
#867 = LINE ( 'NONE', #1477, #1777 ) ;
#868 = EDGE_CURVE ( 'NONE', #810, #671, #534, .T. ) ;
#869 = CARTESIAN_POINT ( 'NONE',  ( -23.20000000000000284, 4.000000000000000000, -56.24999999999999289 ) ) ;
#870 = EDGE_LOOP ( 'NONE', ( #913, #896, #580, #1739 ) ) ;
#871 = CYLINDRICAL_SURFACE ( 'NONE', #1076, 2.999999999999999112 ) ;
#872 = DIRECTION ( 'NONE',  ( 0.9895864392845113988, -0.000000000000000000, 0.1439398457141106979 ) ) ;
#873 = AXIS2_PLACEMENT_3D ( 'NONE', #1950, #1690, #293 ) ;
#874 = EDGE_CURVE ( 'NONE', #296, #145, #232, .T. ) ;
#875 = VECTOR ( 'NONE', #271, 1000.000000000000000 ) ;
#876 = ORIENTED_EDGE ( 'NONE', *, *, #613, .T. ) ;
#877 = PLANE ( 'NONE',  #995 ) ;
#878 = DIRECTION ( 'NONE',  ( -0.3886560633082938865, 0.000000000000000000, -0.9213829087050070532 ) ) ;
#879 = FACE_BOUND ( 'NONE', #566, .T. ) ;
#880 = ADVANCED_FACE ( 'NONE', ( #1298 ), #528, .T. ) ;
#881 = ORIENTED_EDGE ( 'NONE', *, *, #495, .F. ) ;
#882 = CARTESIAN_POINT ( 'NONE',  ( 64.79999999999999716, 0.000000000000000000, -41.25000000000000000 ) ) ;
#883 = VERTEX_POINT ( 'NONE', #92 ) ;
#884 = CARTESIAN_POINT ( 'NONE',  ( -11.60000000000000142, 3.250000000000000000, -25.00000000000000000 ) ) ;
#885 = DIRECTION ( 'NONE',  ( 0.000000000000000000, -1.000000000000000000, 0.000000000000000000 ) ) ;
#886 = DIRECTION ( 'NONE',  ( 0.000000000000000000, 0.000000000000000000, 1.000000000000000000 ) ) ;
#887 = ORIENTED_EDGE ( 'NONE', *, *, #116, .F. ) ;
#888 = DIRECTION ( 'NONE',  ( 0.1439398457141106979, 0.000000000000000000, -0.9895864392845113988 ) ) ;
#889 = ORIENTED_EDGE ( 'NONE', *, *, #853, .T. ) ;
#890 = FACE_OUTER_BOUND ( 'NONE', #372, .T. ) ;
#891 = CIRCLE ( 'NONE', #2001, 2.999999999999999112 ) ;
#892 = VECTOR ( 'NONE', #911, 1000.000000000000000 ) ;
#893 = DIRECTION ( 'NONE',  ( -0.000000000000000000, -1.000000000000000000, -0.000000000000000000 ) ) ;
#894 = FACE_OUTER_BOUND ( 'NONE', #1672, .T. ) ;
#895 = DIRECTION ( 'NONE',  ( 0.000000000000000000, 0.000000000000000000, -1.000000000000000000 ) ) ;
#896 = ORIENTED_EDGE ( 'NONE', *, *, #1564, .T. ) ;
#897 = DIRECTION ( 'NONE',  ( 0.000000000000000000, 0.000000000000000000, -1.000000000000000000 ) ) ;
#898 = ADVANCED_FACE ( 'NONE', ( #1173 ), #1921, .F. ) ;
#899 = EDGE_LOOP ( 'NONE', ( #1444, #1366 ) ) ;
#900 = CARTESIAN_POINT ( 'NONE',  ( 66.79999999999999716, 4.000000000000001776, -53.47500000000000142 ) ) ;
#901 = EDGE_LOOP ( 'NONE', ( #757, #908 ) ) ;
#902 = DIRECTION ( 'NONE',  ( 0.000000000000000000, 0.000000000000000000, -1.000000000000000000 ) ) ;
#903 = CIRCLE ( 'NONE', #1422, 1.524999999999998579 ) ;
#904 = LINE ( 'NONE', #1661, #383 ) ;
#905 = ORIENTED_EDGE ( 'NONE', *, *, #344, .F. ) ;
#906 = FACE_OUTER_BOUND ( 'NONE', #44, .T. ) ;
#907 = DIRECTION ( 'NONE',  ( -0.000000000000000000, -1.000000000000000000, -0.000000000000000000 ) ) ;
#908 = ORIENTED_EDGE ( 'NONE', *, *, #670, .T. ) ;
#909 = CARTESIAN_POINT ( 'NONE',  ( -17.40000000000000213, 3.250000000000000000, -41.25000000000000000 ) ) ;
#910 = VERTEX_POINT ( 'NONE', #675 ) ;
#911 = DIRECTION ( 'NONE',  ( -0.000000000000000000, 1.000000000000000000, -0.000000000000000000 ) ) ;
#912 = DIRECTION ( 'NONE',  ( -0.8938727186422531501, 0.2425356250363345789, 0.3770517649545506167 ) ) ;
#913 = ORIENTED_EDGE ( 'NONE', *, *, #1140, .F. ) ;
#914 = CARTESIAN_POINT ( 'NONE',  ( -14.85505014350524000, 2.220446049250316039E-16, -9.487023767996110024 ) ) ;
#915 = AXIS2_PLACEMENT_3D ( 'NONE', #483, #1098, #494 ) ;
#916 = DIRECTION ( 'NONE',  ( 0.000000000000000000, 0.000000000000000000, -1.000000000000000000 ) ) ;
#917 = EDGE_LOOP ( 'NONE', ( #424, #1189 ) ) ;
#918 = DIRECTION ( 'NONE',  ( -0.000000000000000000, 1.000000000000000000, -0.000000000000000000 ) ) ;
#919 = ORIENTED_EDGE ( 'NONE', *, *, #1778, .F. ) ;
#920 = DIRECTION ( 'NONE',  ( -1.000000000000000000, 0.000000000000000000, 5.750918071703409321E-17 ) ) ;
#921 = EDGE_LOOP ( 'NONE', ( #1635, #775 ) ) ;
#922 = CARTESIAN_POINT ( 'NONE',  ( -23.20000000000000284, 4.000000000000001776, -53.47499999999999432 ) ) ;
#923 = DIRECTION ( 'NONE',  ( -0.000000000000000000, 1.000000000000000000, -0.000000000000000000 ) ) ;
#924 = EDGE_CURVE ( 'NONE', #459, #754, #1007, .T. ) ;
#925 = ORIENTED_EDGE ( 'NONE', *, *, #1698, .T. ) ;
#926 = DIRECTION ( 'NONE',  ( -0.000000000000000000, -1.000000000000000000, -0.000000000000000000 ) ) ;
#927 = DIRECTION ( 'NONE',  ( 0.000000000000000000, -1.000000000000000000, 0.000000000000000000 ) ) ;
#928 = AXIS2_PLACEMENT_3D ( 'NONE', #1637, #703, #1804 ) ;
#929 = ORIENTED_EDGE ( 'NONE', *, *, #456, .T. ) ;
#930 = DIRECTION ( 'NONE',  ( 0.000000000000000000, 0.000000000000000000, -1.000000000000000000 ) ) ;
#931 = AXIS2_PLACEMENT_3D ( 'NONE', #909, #1825, #427 ) ;
#932 = EDGE_CURVE ( 'NONE', #2000, #945, #419, .T. ) ;
#933 = ORIENTED_EDGE ( 'NONE', *, *, #1042, .F. ) ;
#934 = CARTESIAN_POINT ( 'NONE',  ( -9.213829087050076083, 2.220446049250316039E-16, 3.886560633082942751 ) ) ;
#935 = CARTESIAN_POINT ( 'NONE',  ( 62.79999999999999716, 3.250000000000000000, -27.49999999999999645 ) ) ;
#936 = CARTESIAN_POINT ( 'NONE',  ( 44.10000000000000142, 3.250000000000000000, 2.700346192119913882E-15 ) ) ;
#937 = CARTESIAN_POINT ( 'NONE',  ( 1.530808498934183682E-16, 4.000000000000000000, -1.249999999999993783 ) ) ;
#938 = CIRCLE ( 'NONE', #1348, 1.249999999999987121 ) ;
#939 = ORIENTED_EDGE ( 'NONE', *, *, #1698, .F. ) ;
#940 = DIRECTION ( 'NONE',  ( 0.000000000000000000, 0.000000000000000000, -1.000000000000000000 ) ) ;
#941 = CARTESIAN_POINT ( 'NONE',  ( 66.79999999999999716, 4.000000000000000000, -55.00000000000000000 ) ) ;
#942 = EDGE_CURVE ( 'NONE', #743, #1071, #521, .T. ) ;
#943 = EDGE_LOOP ( 'NONE', ( #533, #1993, #380, #492 ) ) ;
#944 = DIRECTION ( 'NONE',  ( 0.000000000000000000, -1.000000000000000000, 0.000000000000000000 ) ) ;
#945 = VERTEX_POINT ( 'NONE', #836 ) ;
#946 = EDGE_LOOP ( 'NONE', ( #1353, #710, #1612, #1438 ) ) ;
#947 = CARTESIAN_POINT ( 'NONE',  ( -9.326752691275197904, 4.000000000000000000, -11.81896014784588544 ) ) ;
#948 = DIRECTION ( 'NONE',  ( -0.000000000000000000, -1.000000000000000000, -0.000000000000000000 ) ) ;
#949 = CARTESIAN_POINT ( 'NONE',  ( 64.79999999999999716, 3.250000000000000000, -41.25000000000000000 ) ) ;
#950 = CARTESIAN_POINT ( 'NONE',  ( 66.79999999999999716, 0.000000000000000000, -59.00000000000000711 ) ) ;
#951 = ADVANCED_FACE ( 'NONE', ( #54 ), #877, .F. ) ;
#952 = LINE ( 'NONE', #1723, #796 ) ;
#953 = CONICAL_SURFACE ( 'NONE', #1605, 1.524999999999998579, 0.7853981633974452814 ) ;
#954 = ORIENTED_EDGE ( 'NONE', *, *, #1499, .F. ) ;
#955 = ORIENTED_EDGE ( 'NONE', *, *, #1067, .F. ) ;
#956 = DIRECTION ( 'NONE',  ( -0.000000000000000000, -1.000000000000000000, -0.000000000000000000 ) ) ;
#957 = CARTESIAN_POINT ( 'NONE',  ( 59.66506859866110091, 4.000000000000000000, 0.9999999999999965583 ) ) ;
#958 =( LENGTH_UNIT ( ) NAMED_UNIT ( * ) SI_UNIT ( .MILLI., .METRE. ) );
#959 = DIRECTION ( 'NONE',  ( -0.000000000000000000, 1.000000000000000000, -0.000000000000000000 ) ) ;
#960 = ADVANCED_FACE ( 'NONE', ( #213 ), #738, .T. ) ;
#961 = CARTESIAN_POINT ( 'NONE',  ( 62.79999999999999716, 3.250000000000000000, -27.49999999999999645 ) ) ;
#962 = AXIS2_PLACEMENT_3D ( 'NONE', #1090, #432, #744 ) ;
#963 = ORIENTED_EDGE ( 'NONE', *, *, #1908, .T. ) ;
#964 = AXIS2_PLACEMENT_3D ( 'NONE', #1498, #1460, #265 ) ;
#965 = ADVANCED_FACE ( 'NONE', ( #1966 ), #1984, .F. ) ;
#966 = EDGE_LOOP ( 'NONE', ( #434, #264, #188, #91 ) ) ;
#967 = LINE ( 'NONE', #1119, #225 ) ;
#968 = DIRECTION ( 'NONE',  ( 0.1439398457141105869, -0.000000000000000000, -0.9895864392845115098 ) ) ;
#969 = CARTESIAN_POINT ( 'NONE',  ( 66.79999999999999716, 4.000000000000001776, -55.00000000000000000 ) ) ;
#970 = DIRECTION ( 'NONE',  ( 0.000000000000000000, 0.000000000000000000, 1.000000000000000000 ) ) ;
#971 = ORIENTED_EDGE ( 'NONE', *, *, #1446, .F. ) ;
#972 = ADVANCED_FACE ( 'NONE', ( #1483 ), #560, .F. ) ;
#973 = AXIS2_PLACEMENT_3D ( 'NONE', #1409, #36, #820 ) ;
#974 = EDGE_CURVE ( 'NONE', #1674, #1448, #1028, .T. ) ;
#975 = ORIENTED_EDGE ( 'NONE', *, *, #1005, .F. ) ;
#976 = FACE_OUTER_BOUND ( 'NONE', #1338, .T. ) ;
#977 = DIRECTION ( 'NONE',  ( 0.000000000000000000, -1.000000000000000000, 0.000000000000000000 ) ) ;
#978 = CARTESIAN_POINT ( 'NONE',  ( 0.000000000000000000, 0.000000000000000000, 0.000000000000000000 ) ) ;
#979 = ORIENTED_EDGE ( 'NONE', *, *, #251, .F. ) ;
#980 = EDGE_LOOP ( 'NONE', ( #201, #72, #122, #1855 ) ) ;
#981 = CARTESIAN_POINT ( 'NONE',  ( -26.88553163482002972, 4.000000000000000000, -53.44537574676682823 ) ) ;
#982 = DIRECTION ( 'NONE',  ( -0.000000000000000000, -1.000000000000000000, -0.000000000000000000 ) ) ;
#983 = LINE ( 'NONE', #1111, #1642 ) ;
#984 = LINE ( 'NONE', #1610, #1980 ) ;
#985 = ADVANCED_FACE ( 'NONE', ( #890 ), #1181, .T. ) ;
#986 = ORIENTED_EDGE ( 'NONE', *, *, #417, .T. ) ;
#987 = CONICAL_SURFACE ( 'NONE', #211, 1.524999999999998579, 0.7853981633974452814 ) ;
#988 = EDGE_CURVE ( 'NONE', #653, #1710, #198, .T. ) ;
#989 = ORIENTED_EDGE ( 'NONE', *, *, #1216, .T. ) ;
#990 = LINE ( 'NONE', #981, #1103 ) ;
#991 = FACE_OUTER_BOUND ( 'NONE', #1791, .T. ) ;
#992 = DIRECTION ( 'NONE',  ( -0.000000000000000000, 1.000000000000000000, -0.000000000000000000 ) ) ;
#993 = VERTEX_POINT ( 'NONE', #413 ) ;
#994 = PLANE ( 'NONE',  #1678 ) ;
#995 = AXIS2_PLACEMENT_3D ( 'NONE', #1134, #1767, #366 ) ;
#996 = ORIENTED_EDGE ( 'NONE', *, *, #1295, .F. ) ;
#997 = CARTESIAN_POINT ( 'NONE',  ( -14.85505014350524355, 4.000000000000000000, -9.487023767996115353 ) ) ;
#998 = AXIS2_PLACEMENT_3D ( 'NONE', #1364, #802, #1269 ) ;
#999 = CARTESIAN_POINT ( 'NONE',  ( 67.47760605681405366, -4.315137318989336488E-15, 9.814924517354752354 ) ) ;
#1000 = CARTESIAN_POINT ( 'NONE',  ( 66.79999999999999716, 4.000000000000000000, -59.00000000000000711 ) ) ;
#1001 = CARTESIAN_POINT ( 'NONE',  ( -5.800000000000006040, 0.000000000000000000, -11.24999999999999822 ) ) ;
#1002 = VERTEX_POINT ( 'NONE', #884 ) ;
#1003 = LINE ( 'NONE', #1225, #681 ) ;
#1004 = FACE_OUTER_BOUND ( 'NONE', #819, .T. ) ;
#1005 = EDGE_CURVE ( 'NONE', #1217, #1379, #1887, .T. ) ;
#1006 = EDGE_LOOP ( 'NONE', ( #1546, #1807, #1292, #1203 ) ) ;
#1007 = LINE ( 'NONE', #1323, #166 ) ;
#1008 = AXIS2_PLACEMENT_3D ( 'NONE', #1555, #1399, #1884 ) ;
#1009 = AXIS2_PLACEMENT_3D ( 'NONE', #226, #1306, #1627 ) ;
#1010 = CYLINDRICAL_SURFACE ( 'NONE', #509, 1.249999999999994227 ) ;
#1011 = CARTESIAN_POINT ( 'NONE',  ( 58.80000000000000426, 4.000000000000001776, 1.524999999999998579 ) ) ;
#1012 = EDGE_CURVE ( 'NONE', #1032, #864, #109, .T. ) ;
#1013 = ORIENTED_EDGE ( 'NONE', *, *, #664, .T. ) ;
#1014 = VERTEX_POINT ( 'NONE', #268 ) ;
#1015 = CARTESIAN_POINT ( 'NONE',  ( 29.40000000000000213, 3.250000000000000000, -2.500000000000000444 ) ) ;
#1016 = AXIS2_PLACEMENT_3D ( 'NONE', #914, #1510, #8 ) ;
#1017 = ADVANCED_FACE ( 'NONE', ( #1037 ), #1811, .F. ) ;
#1018 = ORIENTED_EDGE ( 'NONE', *, *, #1531, .T. ) ;
#1019 = DIRECTION ( 'NONE',  ( 0.000000000000000000, 0.000000000000000000, 1.000000000000000000 ) ) ;
#1020 = AXIS2_PLACEMENT_3D ( 'NONE', #1581, #1888, #486 ) ;
#1021 = EDGE_CURVE ( 'NONE', #773, #468, #1717, .T. ) ;
#1022 = DIRECTION ( 'NONE',  ( -0.000000000000000000, -1.000000000000000000, -0.000000000000000000 ) ) ;
#1023 = FACE_BOUND ( 'NONE', #1231, .T. ) ;
#1024 = ORIENTED_EDGE ( 'NONE', *, *, #1054, .F. ) ;
#1025 = DIRECTION ( 'NONE',  ( -0.1439398457141107257, 0.000000000000000000, 0.9895864392845115098 ) ) ;
#1026 = VECTOR ( 'NONE', #923, 1000.000000000000000 ) ;
#1027 = VERTEX_POINT ( 'NONE', #305 ) ;
#1028 = LINE ( 'NONE', #102, #817 ) ;
#1029 = EDGE_CURVE ( 'NONE', #883, #733, #278, .T. ) ;
#1030 = DIRECTION ( 'NONE',  ( 0.9895864392845115098, -6.938893903907229610E-17, 0.1439398457141105037 ) ) ;
#1031 = CARTESIAN_POINT ( 'NONE',  ( -9.213829087050076083, 4.000000000000000000, 3.886560633082942751 ) ) ;
#1032 = VERTEX_POINT ( 'NONE', #1387 ) ;
#1033 = DIRECTION ( 'NONE',  ( 0.000000000000000000, 0.000000000000000000, -1.000000000000000000 ) ) ;
#1034 = ORIENTED_EDGE ( 'NONE', *, *, #1653, .F. ) ;
#1035 = CARTESIAN_POINT ( 'NONE',  ( 44.10000000000000142, 3.250000000000000000, 2.700346192119913882E-15 ) ) ;
#1036 = AXIS2_PLACEMENT_3D ( 'NONE', #795, #605, #488 ) ;
#1037 = FACE_OUTER_BOUND ( 'NONE', #1081, .T. ) ;
#1038 = CARTESIAN_POINT ( 'NONE',  ( -14.85505014350524355, 4.000000000000000000, -9.487023767996115353 ) ) ;
#1039 = LINE ( 'NONE', #1011, #124 ) ;
#1040 = VERTEX_POINT ( 'NONE', #1675 ) ;
#1041 = CARTESIAN_POINT ( 'NONE',  ( -5.424425077936348316, 0.9411764705882265103, -13.46503288656336217 ) ) ;
#1042 = EDGE_CURVE ( 'NONE', #202, #1151, #1055, .T. ) ;
#1043 = ORIENTED_EDGE ( 'NONE', *, *, #761, .T. ) ;
#1044 = PRODUCT ( 'Board Mount', 'Board Mount', '', ( #1149 ) ) ;
#1045 = EDGE_LOOP ( 'NONE', ( #736, #954, #1018, #1329 ) ) ;
#1046 = AXIS2_PLACEMENT_3D ( 'NONE', #1226, #2007, #1204 ) ;
#1047 = DIRECTION ( 'NONE',  ( -0.000000000000000000, 1.000000000000000000, -0.000000000000000000 ) ) ;
#1048 = ORIENTED_EDGE ( 'NONE', *, *, #485, .F. ) ;
#1049 = DIRECTION ( 'NONE',  ( 1.000000000000000000, 0.000000000000000000, -5.750918071703409321E-17 ) ) ;
#1050 = CARTESIAN_POINT ( 'NONE',  ( 74.79270315824507520, 4.000000000000000000, -40.47636805498365931 ) ) ;
#1051 = EDGE_CURVE ( 'NONE', #252, #274, #435, .T. ) ;
#1052 = EDGE_LOOP ( 'NONE', ( #586, #1255, #1334, #1903 ) ) ;
#1053 = DIRECTION ( 'NONE',  ( 0.000000000000000000, 0.000000000000000000, 1.000000000000000000 ) ) ;
#1054 = EDGE_CURVE ( 'NONE', #883, #362, #129, .T. ) ;
#1055 = CIRCLE ( 'NONE', #1312, 2.500000000000002220 ) ;
#1056 = ORIENTED_EDGE ( 'NONE', *, *, #1600, .T. ) ;
#1057 = ORIENTED_EDGE ( 'NONE', *, *, #229, .F. ) ;
#1058 = CARTESIAN_POINT ( 'NONE',  ( 4.644548446049008739, 4.000000000000000000, -4.000000000000000000 ) ) ;
#1059 = CYLINDRICAL_SURFACE ( 'NONE', #873, 1.249999999999994227 ) ;
#1060 = CARTESIAN_POINT ( 'NONE',  ( -17.40000000000000213, 3.250000000000000000, -43.75000000000000711 ) ) ;
#1061 = VECTOR ( 'NONE', #1917, 1000.000000000000000 ) ;
#1062 = CARTESIAN_POINT ( 'NONE',  ( 44.10000000000000142, 3.250000000000000000, 2.500000000000004885 ) ) ;
#1063 = AXIS2_PLACEMENT_3D ( 'NONE', #1823, #1330, #1975 ) ;
#1064 = ORIENTED_EDGE ( 'NONE', *, *, #1910, .T. ) ;
#1065 = DIRECTION ( 'NONE',  ( 0.000000000000000000, -1.000000000000000000, 0.000000000000000000 ) ) ;
#1066 = CARTESIAN_POINT ( 'NONE',  ( 75.68292193966664172, 3.500000000000002665, -46.59662217725701083 ) ) ;
#1067 = EDGE_CURVE ( 'NONE', #403, #1453, #1701, .T. ) ;
#1068 = ORIENTED_EDGE ( 'NONE', *, *, #194, .T. ) ;
#1069 = ADVANCED_FACE ( 'NONE', ( #1667 ), #154, .F. ) ;
#1070 = DIRECTION ( 'NONE',  ( 0.000000000000000000, 0.000000000000000000, -1.000000000000000000 ) ) ;
#1071 = VERTEX_POINT ( 'NONE', #1528 ) ;
#1072 = CARTESIAN_POINT ( 'NONE',  ( 52.74451980937220696, 0.000000000000000000, -3.999999999999996447 ) ) ;
#1073 = PLANE ( 'NONE',  #34 ) ;
#1074 = ORIENTED_EDGE ( 'NONE', *, *, #485, .T. ) ;
#1075 = FACE_OUTER_BOUND ( 'NONE', #1045, .T. ) ;
#1076 = AXIS2_PLACEMENT_3D ( 'NONE', #141, #1480, #1986 ) ;
#1077 = SURFACE_STYLE_USAGE ( .BOTH. , #637 ) ;
#1078 = ADVANCED_FACE ( 'NONE', ( #749 ), #762, .F. ) ;
#1079 = EDGE_LOOP ( 'NONE', ( #2011, #1490 ) ) ;
#1080 = DIRECTION ( 'NONE',  ( 0.000000000000000000, -1.000000000000000000, 0.000000000000000000 ) ) ;
#1081 = EDGE_LOOP ( 'NONE', ( #1851, #1965, #700, #322 ) ) ;
#1082 = ADVANCED_FACE ( 'NONE', ( #1157 ), #1585, .F. ) ;
#1083 = DIRECTION ( 'NONE',  ( 0.000000000000000000, 0.000000000000000000, -1.000000000000000000 ) ) ;
#1084 = CYLINDRICAL_SURFACE ( 'NONE', #1992, 2.499999999999995115 ) ;
#1085 = DIRECTION ( 'NONE',  ( 0.000000000000000000, 0.000000000000000000, -1.000000000000000000 ) ) ;
#1086 = ADVANCED_FACE ( 'NONE', ( #774 ), #388, .T. ) ;
#1087 = CARTESIAN_POINT ( 'NONE',  ( -23.20000000000000284, 4.000000000000000000, -53.75000000000000711 ) ) ;
#1088 = AXIS2_PLACEMENT_3D ( 'NONE', #1288, #1101, #1899 ) ;
#1089 = ORIENTED_EDGE ( 'NONE', *, *, #1622, .F. ) ;
#1090 = CARTESIAN_POINT ( 'NONE',  ( 66.79999999999999716, 4.000000000000000000, -55.00000000000000000 ) ) ;
#1091 = CARTESIAN_POINT ( 'NONE',  ( 70.47450778682176065, 4.000000000000000000, -10.78877487644829714 ) ) ;
#1092 = ORIENTED_EDGE ( 'NONE', *, *, #807, .T. ) ;
#1093 = DIRECTION ( 'NONE',  ( -0.000000000000000000, 1.000000000000000000, -0.000000000000000000 ) ) ;
#1094 = CIRCLE ( 'NONE', #1416, 2.500000000000002220 ) ;
#1095 = ORIENTED_EDGE ( 'NONE', *, *, #1956, .T. ) ;
#1096 = ORIENTED_EDGE ( 'NONE', *, *, #1656, .F. ) ;
#1097 = CARTESIAN_POINT ( 'NONE',  ( 44.10000000000000142, 0.000000000000000000, -2.499999999999999556 ) ) ;
#1098 = DIRECTION ( 'NONE',  ( -0.000000000000000000, 1.000000000000000000, -0.000000000000000000 ) ) ;
#1099 = DIRECTION ( 'NONE',  ( -0.000000000000000000, -1.000000000000000000, -0.000000000000000000 ) ) ;
#1100 = VECTOR ( 'NONE', #742, 1000.000000000000000 ) ;
#1101 = DIRECTION ( 'NONE',  ( -0.000000000000000000, -1.000000000000000000, -0.000000000000000000 ) ) ;
#1102 = DIRECTION ( 'NONE',  ( 0.000000000000000000, 0.000000000000000000, -1.000000000000000000 ) ) ;
#1103 = VECTOR ( 'NONE', #1636, 1000.000000000000000 ) ;
#1104 = DIRECTION ( 'NONE',  ( 0.000000000000000000, 1.000000000000000000, -0.000000000000000000 ) ) ;
#1105 = ORIENTED_EDGE ( 'NONE', *, *, #584, .F. ) ;
#1106 = AXIS2_PLACEMENT_3D ( 'NONE', #190, #1099, #789 ) ;
#1107 = VERTEX_POINT ( 'NONE', #1001 ) ;
#1108 = DIRECTION ( 'NONE',  ( -0.1439398457141105314, 6.842277657836022373E-49, 0.9895864392845115098 ) ) ;
#1109 = DIRECTION ( 'NONE',  ( 0.000000000000000000, 0.000000000000000000, -1.000000000000000000 ) ) ;
#1110 = CARTESIAN_POINT ( 'NONE',  ( 0.000000000000000000, 0.000000000000000000, 1.250000000000000000 ) ) ;
#1111 = CARTESIAN_POINT ( 'NONE',  ( -23.20000000000000284, 4.000000000000001776, -53.47499999999999432 ) ) ;
#1112 = AXIS2_PLACEMENT_3D ( 'NONE', #1466, #1775, #531 ) ;
#1113 = PLANE ( 'NONE',  #756 ) ;
#1114 = ADVANCED_FACE ( 'NONE', ( #237 ), #85, .F. ) ;
#1115 = DIRECTION ( 'NONE',  ( 0.000000000000000000, 1.000000000000000000, 0.000000000000000000 ) ) ;
#1116 = VECTOR ( 'NONE', #907, 1000.000000000000000 ) ;
#1117 = ADVANCED_FACE ( 'NONE', ( #547 ), #445, .T. ) ;
#1118 = ORIENTED_EDGE ( 'NONE', *, *, #454, .T. ) ;
#1119 = CARTESIAN_POINT ( 'NONE',  ( -26.51473204275406914, 4.000000000000000000, -37.12851102914635248 ) ) ;
#1120 = DIRECTION ( 'NONE',  ( 0.000000000000000000, 1.000000000000000000, -0.000000000000000000 ) ) ;
#1121 = CARTESIAN_POINT ( 'NONE',  ( -17.40000000000000213, 3.250000000000000000, -38.75000000000000000 ) ) ;
#1122 = FILL_AREA_STYLE_COLOUR ( '', #828 ) ;
#1123 = VECTOR ( 'NONE', #648, 1000.000000000000000 ) ;
#1124 = ORIENTED_EDGE ( 'NONE', *, *, #760, .F. ) ;
#1125 = CIRCLE ( 'NONE', #1281, 2.499999999999995115 ) ;
#1126 = ORIENTED_EDGE ( 'NONE', *, *, #1902, .T. ) ;
#1127 = DIRECTION ( 'NONE',  ( -0.000000000000000000, -1.000000000000000000, -0.000000000000000000 ) ) ;
#1128 = CARTESIAN_POINT ( 'NONE',  ( 58.80000000000000426, 4.000000000000001776, 0.000000000000000000 ) ) ;
#1129 = DIRECTION ( 'NONE',  ( 0.000000000000000000, 0.000000000000000000, 1.000000000000000000 ) ) ;
#1130 = DIRECTION ( 'NONE',  ( -0.000000000000000000, 1.000000000000000000, -0.000000000000000000 ) ) ;
#1131 = CIRCLE ( 'NONE', #575, 2.499999999999998668 ) ;
#1132 = EDGE_LOOP ( 'NONE', ( #1024, #209, #1385, #409 ) ) ;
#1133 = ORIENTED_EDGE ( 'NONE', *, *, #1778, .T. ) ;
#1134 = CARTESIAN_POINT ( 'NONE',  ( 70.47450778682174644, -4.315137318989336488E-15, -10.78877487644828648 ) ) ;
#1135 = DIRECTION ( 'NONE',  ( 0.000000000000000000, 0.000000000000000000, 1.000000000000000000 ) ) ;
#1136 = ADVANCED_FACE ( 'NONE', ( #119 ), #739, .F. ) ;
#1137 = CARTESIAN_POINT ( 'NONE',  ( -11.60000000000000142, 0.000000000000000000, -25.00000000000000000 ) ) ;
#1138 = CARTESIAN_POINT ( 'NONE',  ( 66.79999999999999716, 4.000000000000001776, -55.00000000000000000 ) ) ;
#1139 = ORIENTED_EDGE ( 'NONE', *, *, #988, .T. ) ;
#1140 = EDGE_CURVE ( 'NONE', #1974, #1771, #1094, .T. ) ;
#1141 = EDGE_CURVE ( 'NONE', #362, #993, #1973, .T. ) ;
#1142 = ORIENTED_EDGE ( 'NONE', *, *, #672, .T. ) ;
#1143 = FACE_OUTER_BOUND ( 'NONE', #1279, .T. ) ;
#1144 = EDGE_CURVE ( 'NONE', #630, #10, #1476, .T. ) ;
#1145 = ADVANCED_FACE ( 'NONE', ( #1488 ), #718, .F. ) ;
#1146 = DIRECTION ( 'NONE',  ( -0.000000000000000000, -1.000000000000000000, -0.000000000000000000 ) ) ;
#1147 = CARTESIAN_POINT ( 'NONE',  ( 74.79270315824507520, -4.315137318989336488E-15, -40.47636805498363088 ) ) ;
#1148 = ORIENTED_EDGE ( 'NONE', *, *, #291, .F. ) ;
#1149 = PRODUCT_CONTEXT ( 'NONE', #473, 'mechanical' ) ;
#1150 = VECTOR ( 'NONE', #172, 1000.000000000000114 ) ;
#1151 = VERTEX_POINT ( 'NONE', #1015 ) ;
#1152 = DIRECTION ( 'NONE',  ( 0.000000000000000000, -1.000000000000000000, 0.000000000000000000 ) ) ;
#1153 = VECTOR ( 'NONE', #730, 1000.000000000000000 ) ;
#1154 = ADVANCED_FACE ( 'NONE', ( #1960 ), #78, .F. ) ;
#1155 = FACE_OUTER_BOUND ( 'NONE', #628, .T. ) ;
#1156 = LINE ( 'NONE', #1147, #1421 ) ;
#1157 = FACE_OUTER_BOUND ( 'NONE', #1052, .T. ) ;
#1158 = ORIENTED_EDGE ( 'NONE', *, *, #794, .T. ) ;
#1159 = CARTESIAN_POINT ( 'NONE',  ( -23.20000000000000284, 4.000000000000000000, -55.00000000000000000 ) ) ;
#1160 = AXIS2_PLACEMENT_3D ( 'NONE', #1377, #157, #2008 ) ;
#1161 = AXIS2_PLACEMENT_3D ( 'NONE', #1350, #1339, #425 ) ;
#1162 = ORIENTED_EDGE ( 'NONE', *, *, #1316, .F. ) ;
#1163 = CARTESIAN_POINT ( 'NONE',  ( -26.88553163482002972, 4.000000000000000000, -53.44537574676682823 ) ) ;
#1164 = EDGE_CURVE ( 'NONE', #1674, #106, #379, .T. ) ;
#1165 = DIRECTION ( 'NONE',  ( 0.000000000000000000, 0.000000000000000000, 1.000000000000000000 ) ) ;
#1166 = DIRECTION ( 'NONE',  ( -6.866635310940556882E-17, -1.000000000000000000, -9.987833179549885987E-18 ) ) ;
#1167 = CARTESIAN_POINT ( 'NONE',  ( 14.70000000000000107, 3.250000000000000000, 2.499999999999999556 ) ) ;
#1168 = VERTEX_POINT ( 'NONE', #228 ) ;
#1169 = EDGE_LOOP ( 'NONE', ( #138, #1756, #1728, #60 ) ) ;
#1170 = CARTESIAN_POINT ( 'NONE',  ( -3.427655646979173909, 0.000000000000000000, 2.165968189924867282 ) ) ;
#1171 = ADVANCED_FACE ( 'NONE', ( #1004 ), #557, .T. ) ;
#1172 = ORIENTED_EDGE ( 'NONE', *, *, #592, .F. ) ;
#1173 = FACE_OUTER_BOUND ( 'NONE', #870, .T. ) ;
#1174 = CIRCLE ( 'NONE', #692, 2.500000000000002220 ) ;
#1175 = DIRECTION ( 'NONE',  ( -0.000000000000000000, -1.000000000000000000, -0.000000000000000000 ) ) ;
#1176 = FACE_BOUND ( 'NONE', #899, .T. ) ;
#1177 = ORIENTED_EDGE ( 'NONE', *, *, #1294, .F. ) ;
#1178 = DIRECTION ( 'NONE',  ( 0.000000000000000000, 0.000000000000000000, -1.000000000000000000 ) ) ;
#1179 = AXIS2_PLACEMENT_3D ( 'NONE', #146, #1874, #1671 ) ;
#1180 = EDGE_LOOP ( 'NONE', ( #1933, #1266 ) ) ;
#1181 = PLANE ( 'NONE',  #1063 ) ;
#1182 = VECTOR ( 'NONE', #1646, 1000.000000000000000 ) ;
#1183 = DIRECTION ( 'NONE',  ( 0.000000000000000000, 0.000000000000000000, -1.000000000000000000 ) ) ;
#1184 = LINE ( 'NONE', #576, #1762 ) ;
#1185 = VERTEX_POINT ( 'NONE', #698 ) ;
#1186 = DIRECTION ( 'NONE',  ( 0.000000000000000000, 0.000000000000000000, -1.000000000000000000 ) ) ;
#1187 = APPLICATION_CONTEXT ( 'automotive_design' ) ;
#1188 = VECTOR ( 'NONE', #472, 1000.000000000000000 ) ;
#1189 = ORIENTED_EDGE ( 'NONE', *, *, #1141, .F. ) ;
#1190 = DIRECTION ( 'NONE',  ( -0.000000000000000000, -1.000000000000000000, -0.000000000000000000 ) ) ;
#1191 = VECTOR ( 'NONE', #1913, 1000.000000000000000 ) ;
#1192 = DIRECTION ( 'NONE',  ( 0.000000000000000000, -1.000000000000000000, 0.000000000000000000 ) ) ;
#1193 = EDGE_CURVE ( 'NONE', #1371, #356, #258, .T. ) ;
#1194 = DIRECTION ( 'NONE',  ( 0.000000000000000000, 0.000000000000000000, 1.000000000000000000 ) ) ;
#1195 = ORIENTED_EDGE ( 'NONE', *, *, #1051, .T. ) ;
#1196 = DIRECTION ( 'NONE',  ( 0.000000000000000000, -1.000000000000000000, 0.000000000000000000 ) ) ;
#1197 = ORIENTED_EDGE ( 'NONE', *, *, #1324, .T. ) ;
#1198 = EDGE_LOOP ( 'NONE', ( #750, #1759 ) ) ;
#1199 = DIRECTION ( 'NONE',  ( 0.9213829087050070532, 0.000000000000000000, -0.3886560633082940530 ) ) ;
#1200 = EDGE_CURVE ( 'NONE', #274, #1027, #537, .T. ) ;
#1201 = AXIS2_PLACEMENT_3D ( 'NONE', #941, #1707, #916 ) ;
#1202 = DIRECTION ( 'NONE',  ( 0.000000000000000000, 0.000000000000000000, 1.000000000000000000 ) ) ;
#1203 = ORIENTED_EDGE ( 'NONE', *, *, #519, .T. ) ;
#1204 = DIRECTION ( 'NONE',  ( 0.000000000000000000, 0.000000000000000000, 1.000000000000000000 ) ) ;
#1205 = LINE ( 'NONE', #1031, #652 ) ;
#1206 = VERTEX_POINT ( 'NONE', #1308 ) ;
#1207 = DIRECTION ( 'NONE',  ( 0.8938727186422530391, -0.2425356250363345512, -0.3770517649545508387 ) ) ;
#1208 = ORIENTED_EDGE ( 'NONE', *, *, #1029, .T. ) ;
#1209 = EDGE_LOOP ( 'NONE', ( #1105, #1702, #876, #767 ) ) ;
#1210 = CIRCLE ( 'NONE', #863, 3.000000000000003553 ) ;
#1211 = VECTOR ( 'NONE', #428, 1000.000000000000227 ) ;
#1212 = DIRECTION ( 'NONE',  ( -0.000000000000000000, 1.000000000000000000, -0.000000000000000000 ) ) ;
#1213 = VERTEX_POINT ( 'NONE', #550 ) ;
#1214 = DIRECTION ( 'NONE',  ( -0.000000000000000000, 1.000000000000000000, -0.000000000000000000 ) ) ;
#1215 = LINE ( 'NONE', #937, #1188 ) ;
#1216 = EDGE_CURVE ( 'NONE', #35, #810, #1780, .T. ) ;
#1217 = VERTEX_POINT ( 'NONE', #410 ) ;
#1218 = DIRECTION ( 'NONE',  ( -0.000000000000000000, 1.000000000000000000, -0.000000000000000000 ) ) ;
#1219 = AXIS2_PLACEMENT_3D ( 'NONE', #1655, #261, #1491 ) ;
#1220 = ORIENTED_EDGE ( 'NONE', *, *, #422, .T. ) ;
#1221 = CARTESIAN_POINT ( 'NONE',  ( -23.20000000000000284, 0.000000000000000000, -55.00000000000000000 ) ) ;
#1222 = ADVANCED_FACE ( 'NONE', ( #1481 ), #994, .F. ) ;
#1223 = EDGE_LOOP ( 'NONE', ( #464, #1297, #242, #158 ) ) ;
#1224 = DIRECTION ( 'NONE',  ( -0.000000000000000000, 1.000000000000000000, -0.000000000000000000 ) ) ;
#1225 = CARTESIAN_POINT ( 'NONE',  ( 70.75834575713803076, 0.000000000000000000, -54.42424061714356043 ) ) ;
#1226 = CARTESIAN_POINT ( 'NONE',  ( -23.20000000000000284, 4.000000000000001776, -55.00000000000000000 ) ) ;
#1227 = CARTESIAN_POINT ( 'NONE',  ( -20.98643459052402704, 4.000000000000000000, -39.46044740899611725 ) ) ;
#1228 = EDGE_CURVE ( 'NONE', #1151, #202, #809, .T. ) ;
#1229 = VERTEX_POINT ( 'NONE', #1170 ) ;
#1230 = LINE ( 'NONE', #285, #598 ) ;
#1231 = EDGE_LOOP ( 'NONE', ( #507, #1089 ) ) ;
#1232 = CARTESIAN_POINT ( 'NONE',  ( 59.66506859866110091, 4.000000000000000000, 0.9999999999999965583 ) ) ;
#1233 = ADVANCED_FACE ( 'NONE', ( #240 ), #1320, .T. ) ;
#1234 = EDGE_CURVE ( 'NONE', #10, #630, #1545, .T. ) ;
#1235 = ORIENTED_EDGE ( 'NONE', *, *, #1961, .T. ) ;
#1236 = LINE ( 'NONE', #1554, #1982 ) ;
#1237 = CYLINDRICAL_SURFACE ( 'NONE', #76, 4.000000000000003553 ) ;
#1238 = DIRECTION ( 'NONE',  ( -0.000000000000000000, -1.000000000000000000, -0.000000000000000000 ) ) ;
#1239 = CARTESIAN_POINT ( 'NONE',  ( 66.79999999999999716, 4.000000000000000000, -53.75000000000000711 ) ) ;
#1240 = VERTEX_POINT ( 'NONE', #862 ) ;
#1241 = CARTESIAN_POINT ( 'NONE',  ( -17.40000000000000213, 0.000000000000000000, -43.75000000000000711 ) ) ;
#1242 = DIRECTION ( 'NONE',  ( 0.000000000000000000, 0.000000000000000000, 1.000000000000000000 ) ) ;
#1243 = ORIENTED_EDGE ( 'NONE', *, *, #1684, .F. ) ;
#1244 = LINE ( 'NONE', #805, #1401 ) ;
#1245 = EDGE_CURVE ( 'NONE', #1014, #1002, #28, .T. ) ;
#1246 = EDGE_LOOP ( 'NONE', ( #674, #299, #690, #1749 ) ) ;
#1247 = ORIENTED_EDGE ( 'NONE', *, *, #1193, .T. ) ;
#1248 = DIRECTION ( 'NONE',  ( 0.000000000000000000, 0.000000000000000000, -1.000000000000000000 ) ) ;
#1249 = DIRECTION ( 'NONE',  ( 0.000000000000000000, 0.000000000000000000, -1.000000000000000000 ) ) ;
#1250 = CARTESIAN_POINT ( 'NONE',  ( -5.800000000000006040, 3.250000000000000000, -11.24999999999999822 ) ) ;
#1251 = CARTESIAN_POINT ( 'NONE',  ( 0.000000000000000000, 4.000000000000001776, 1.525000000000000355 ) ) ;
#1252 = FACE_OUTER_BOUND ( 'NONE', #1676, .T. ) ;
#1253 = LINE ( 'NONE', #1890, #1116 ) ;
#1254 = AXIS2_PLACEMENT_3D ( 'NONE', #1345, #872, #888 ) ;
#1255 = ORIENTED_EDGE ( 'NONE', *, *, #1886, .T. ) ;
#1256 = VERTEX_POINT ( 'NONE', #1818 ) ;
#1257 = DIRECTION ( 'NONE',  ( 0.000000000000000000, 0.000000000000000000, -1.000000000000000000 ) ) ;
#1258 = CARTESIAN_POINT ( 'NONE',  ( 70.75834575713803076, 0.000000000000000000, -54.42424061714356043 ) ) ;
#1259 = PLANE ( 'NONE',  #620 ) ;
#1260 = VECTOR ( 'NONE', #283, 1000.000000000000000 ) ;
#1261 = EDGE_CURVE ( 'NONE', #1722, #1256, #421, .T. ) ;
#1262 = DIRECTION ( 'NONE',  ( 0.000000000000000000, 0.000000000000000000, -1.000000000000000000 ) ) ;
#1263 = CARTESIAN_POINT ( 'NONE',  ( 66.79999999999999716, 4.000000000000001776, -56.52499999999999858 ) ) ;
#1264 = CIRCLE ( 'NONE', #1952, 2.500000000000009326 ) ;
#1265 = FACE_OUTER_BOUND ( 'NONE', #1397, .T. ) ;
#1266 = ORIENTED_EDGE ( 'NONE', *, *, #71, .F. ) ;
#1267 = ORIENTED_EDGE ( 'NONE', *, *, #93, .F. ) ;
#1268 = CARTESIAN_POINT ( 'NONE',  ( 1.530808498934191571E-16, 0.000000000000000000, -1.250000000000000000 ) ) ;
#1269 = DIRECTION ( 'NONE',  ( 0.000000000000000000, 0.000000000000000000, -1.000000000000000000 ) ) ;
#1270 = FACE_OUTER_BOUND ( 'NONE', #609, .T. ) ;
#1271 = LINE ( 'NONE', #1875, #1436 ) ;
#1272 = ORIENTED_EDGE ( 'NONE', *, *, #728, .T. ) ;
#1273 = ORIENTED_EDGE ( 'NONE', *, *, #1433, .T. ) ;
#1274 = CYLINDRICAL_SURFACE ( 'NONE', #67, 1.249999999999993783 ) ;
#1275 = LINE ( 'NONE', #1914, #1356 ) ;
#1276 = CARTESIAN_POINT ( 'NONE',  ( 64.79999999999999716, 3.250000000000000000, -41.25000000000000000 ) ) ;
#1277 = CARTESIAN_POINT ( 'NONE',  ( 0.000000000000000000, 4.000000000000000000, 1.249999999999993783 ) ) ;
#1278 = CIRCLE ( 'NONE', #1611, 2.499999999999995115 ) ;
#1279 = EDGE_LOOP ( 'NONE', ( #1048, #324, #1593, #1649 ) ) ;
#1280 = SHAPE_DEFINITION_REPRESENTATION ( #657, #167 ) ;
#1281 = AXIS2_PLACEMENT_3D ( 'NONE', #1957, #1299, #233 ) ;
#1282 = AXIS2_PLACEMENT_3D ( 'NONE', #579, #1788, #99 ) ;
#1283 = EDGE_CURVE ( 'NONE', #249, #1240, #276, .T. ) ;
#1284 = VERTEX_POINT ( 'NONE', #311 ) ;
#1285 = LINE ( 'NONE', #1607, #654 ) ;
#1286 = CARTESIAN_POINT ( 'NONE',  ( 70.75834575713803076, 4.000000000000000000, -54.42424061714356043 ) ) ;
#1287 = CLOSED_SHELL ( 'NONE', ( #898, #1783, #506, #694, #1680, #1489, #1500, #70, #699, #1493, #1382, #1017, #369, #1082, #1806, #1798, #1850, #244, #1233, #880, #1658, #266, #1078, #236, #1222, #47, #1145, #384, #1069, #32, #1154, #105, #599, #1732, #727, #784, #1686, #9, #320, #1594, #214, #1347, #1964, #823, #273, #721, #1522, #965, #359, #1659, #1086, #1136, #1437, #1114, #816, #1574, #985, #1953, #1117, #1378, #972, #797, #960, #1171, #951, #1632, #161 ) ) ;
#1288 = CARTESIAN_POINT ( 'NONE',  ( 44.10000000000000142, 3.250000000000000000, 2.700346192119913882E-15 ) ) ;
#1289 = EDGE_CURVE ( 'NONE', #1071, #1552, #891, .T. ) ;
#1290 = CARTESIAN_POINT ( 'NONE',  ( 62.79999999999999716, 3.250000000000000000, -27.49999999999999645 ) ) ;
#1291 = CIRCLE ( 'NONE', #1386, 2.500000000000002220 ) ;
#1292 = ORIENTED_EDGE ( 'NONE', *, *, #430, .T. ) ;
#1293 = AXIS2_PLACEMENT_3D ( 'NONE', #1456, #1463, #395 ) ;
#1294 = EDGE_CURVE ( 'NONE', #526, #1185, #22, .T. ) ;
#1295 = EDGE_CURVE ( 'NONE', #274, #356, #441, .T. ) ;
#1296 = AXIS2_PLACEMENT_3D ( 'NONE', #1919, #689, #1584 ) ;
#1297 = ORIENTED_EDGE ( 'NONE', *, *, #139, .F. ) ;
#1298 = FACE_OUTER_BOUND ( 'NONE', #600, .T. ) ;
#1299 = DIRECTION ( 'NONE',  ( 0.000000000000000000, -1.000000000000000000, 0.000000000000000000 ) ) ;
#1300 = CARTESIAN_POINT ( 'NONE',  ( 68.85518452253799637, -4.315137318989336488E-15, -41.34000712926828669 ) ) ;
#1301 = ORIENTED_EDGE ( 'NONE', *, *, #868, .T. ) ;
#1302 = CIRCLE ( 'NONE', #1008, 4.000000000000003553 ) ;
#1303 = ORIENTED_EDGE ( 'NONE', *, *, #39, .T. ) ;
#1304 = DIRECTION ( 'NONE',  ( -0.000000000000000000, 1.000000000000000000, -0.000000000000000000 ) ) ;
#1305 = DIRECTION ( 'NONE',  ( 0.000000000000000000, 0.000000000000000000, 1.000000000000000000 ) ) ;
#1306 = DIRECTION ( 'NONE',  ( -0.000000000000000000, 1.000000000000000000, -0.000000000000000000 ) ) ;
#1307 = ORIENTED_EDGE ( 'NONE', *, *, #1972, .T. ) ;
#1308 = CARTESIAN_POINT ( 'NONE',  ( 60.80000000000000426, 3.250000000000000000, -11.24999999999998934 ) ) ;
#1309 = EDGE_CURVE ( 'NONE', #35, #910, #1230, .T. ) ;
#1310 = ORIENTED_EDGE ( 'NONE', *, *, #1734, .F. ) ;
#1311 = DIRECTION ( 'NONE',  ( 0.000000000000000000, -0.000000000000000000, -1.000000000000000000 ) ) ;
#1312 = AXIS2_PLACEMENT_3D ( 'NONE', #1994, #2, #1070 ) ;
#1313 = EDGE_CURVE ( 'NONE', #733, #993, #792, .T. ) ;
#1314 = PLANE ( 'NONE',  #602 ) ;
#1315 = DIRECTION ( 'NONE',  ( -6.866635310940556882E-17, -1.000000000000000000, -9.987833179549885987E-18 ) ) ;
#1316 = EDGE_CURVE ( 'NONE', #1346, #607, #1852, .T. ) ;
#1317 = DIRECTION ( 'NONE',  ( 0.000000000000000000, -0.000000000000000000, -1.000000000000000000 ) ) ;
#1318 = ORIENTED_EDGE ( 'NONE', *, *, #1988, .T. ) ;
#1319 = ORIENTED_EDGE ( 'NONE', *, *, #570, .T. ) ;
#1320 = CYLINDRICAL_SURFACE ( 'NONE', #1942, 3.999999999999996447 ) ;
#1321 = AXIS2_PLACEMENT_3D ( 'NONE', #645, #956, #1257 ) ;
#1322 = EDGE_LOOP ( 'NONE', ( #1267, #231, #1273, #394 ) ) ;
#1323 = CARTESIAN_POINT ( 'NONE',  ( 70.47450778682173222, 3.500000000000002665, -10.78877487644827760 ) ) ;
#1324 = EDGE_CURVE ( 'NONE', #252, #1371, #1863, .T. ) ;
#1325 = DIRECTION ( 'NONE',  ( 0.000000000000000000, 0.000000000000000000, 1.000000000000000000 ) ) ;
#1326 = CARTESIAN_POINT ( 'NONE',  ( 70.47450778682174644, -4.315137318989336488E-15, -10.78877487644828648 ) ) ;
#1327 = EDGE_LOOP ( 'NONE', ( #1406, #971 ) ) ;
#1328 = CARTESIAN_POINT ( 'NONE',  ( 64.79999999999999716, 0.000000000000000000, -41.25000000000000000 ) ) ;
#1329 = ORIENTED_EDGE ( 'NONE', *, *, #1234, .T. ) ;
#1330 = DIRECTION ( 'NONE',  ( 0.000000000000000000, -1.000000000000000000, 0.000000000000000000 ) ) ;
#1331 = VECTOR ( 'NONE', #325, 999.9999999999998863 ) ;
#1332 = CYLINDRICAL_SURFACE ( 'NONE', #866, 2.500000000000002220 ) ;
#1333 = CARTESIAN_POINT ( 'NONE',  ( 70.47450778682173222, 3.500000000000002665, -10.78877487644827760 ) ) ;
#1334 = ORIENTED_EDGE ( 'NONE', *, *, #71, .T. ) ;
#1335 = DIRECTION ( 'NONE',  ( 0.000000000000000000, -1.000000000000000000, 0.000000000000000000 ) ) ;
#1336 = AXIS2_PLACEMENT_3D ( 'NONE', #1840, #1218, #1053 ) ;
#1337 = EDGE_CURVE ( 'NONE', #1549, #1990, #1539, .T. ) ;
#1338 = EDGE_LOOP ( 'NONE', ( #771, #619, #306, #655 ) ) ;
#1339 = DIRECTION ( 'NONE',  ( -0.2234681796605649251, -0.9701425001453315433, 0.09426294123863837582 ) ) ;
#1340 = CARTESIAN_POINT ( 'NONE',  ( -23.20000000000000284, 4.000000000000000000, -55.00000000000000000 ) ) ;
#1341 = VECTOR ( 'NONE', #1689, 1000.000000000000000 ) ;
#1342 = FACE_BOUND ( 'NONE', #1327, .T. ) ;
#1343 = EDGE_CURVE ( 'NONE', #1995, #1830, #1682, .T. ) ;
#1344 = ORIENTED_EDGE ( 'NONE', *, *, #807, .F. ) ;
#1345 = CARTESIAN_POINT ( 'NONE',  ( 62.84165424286193513, 4.000000000000000000, -55.57575938285644668 ) ) ;
#1346 = VERTEX_POINT ( 'NONE', #463 ) ;
#1347 = ADVANCED_FACE ( 'NONE', ( #1075 ), #1403, .F. ) ;
#1348 = AXIS2_PLACEMENT_3D ( 'NONE', #438, #1679, #886 ) ;
#1349 = EDGE_LOOP ( 'NONE', ( #53, #680 ) ) ;
#1350 = CARTESIAN_POINT ( 'NONE',  ( -19.48781197877043425, 0.9411764705882265103, -46.80495872905792965 ) ) ;
#1351 = AXIS2_PLACEMENT_3D ( 'NONE', #685, #1152, #1311 ) ;
#1352 = DIRECTION ( 'NONE',  ( 0.000000000000000000, 0.000000000000000000, 1.000000000000000000 ) ) ;
#1353 = ORIENTED_EDGE ( 'NONE', *, *, #1841, .T. ) ;
#1354 = LINE ( 'NONE', #1987, #1657 ) ;
#1355 = CARTESIAN_POINT ( 'NONE',  ( -20.98643459052401994, 2.220446049250316039E-16, -39.46044740899609593 ) ) ;
#1356 = VECTOR ( 'NONE', #341, 1000.000000000000000 ) ;
#1357 = ORIENTED_EDGE ( 'NONE', *, *, #376, .F. ) ;
#1358 = CARTESIAN_POINT ( 'NONE',  ( 59.66506859866108670, 0.000000000000000000, 3.999999999999996447 ) ) ;
#1359 = ORIENTED_EDGE ( 'NONE', *, *, #363, .T. ) ;
#1360 = EDGE_LOOP ( 'NONE', ( #1822, #1873, #1402, #955 ) ) ;
#1361 = AXIS2_PLACEMENT_3D ( 'NONE', #499, #1080, #11 ) ;
#1362 = DIRECTION ( 'NONE',  ( -5.750918071703409321E-17, 0.000000000000000000, -1.000000000000000000 ) ) ;
#1363 = ORIENTED_EDGE ( 'NONE', *, *, #613, .F. ) ;
#1364 = CARTESIAN_POINT ( 'NONE',  ( -5.800000000000006040, 0.000000000000000000, -13.74999999999999822 ) ) ;
#1365 = CARTESIAN_POINT ( 'NONE',  ( -5.800000000000006040, 3.250000000000000000, -13.74999999999999822 ) ) ;
#1366 = ORIENTED_EDGE ( 'NONE', *, *, #1283, .F. ) ;
#1367 = DIRECTION ( 'NONE',  ( 0.000000000000000000, 0.000000000000000000, 1.000000000000000000 ) ) ;
#1368 = VERTEX_POINT ( 'NONE', #1358 ) ;
#1369 = DIRECTION ( 'NONE',  ( -0.3886560633082938865, -0.000000000000000000, -0.9213829087050070532 ) ) ;
#1370 = EDGE_CURVE ( 'NONE', #1912, #1949, #1443, .T. ) ;
#1371 = VERTEX_POINT ( 'NONE', #1547 ) ;
#1372 = VECTOR ( 'NONE', #401, 1000.000000000000114 ) ;
#1373 = VECTOR ( 'NONE', #535, 1000.000000000000000 ) ;
#1374 = DIRECTION ( 'NONE',  ( 0.000000000000000000, -1.000000000000000000, 0.000000000000000000 ) ) ;
#1375 = VERTEX_POINT ( 'NONE', #1695 ) ;
#1376 = DIRECTION ( 'NONE',  ( 0.000000000000000000, -1.000000000000000000, 0.000000000000000000 ) ) ;
#1377 = CARTESIAN_POINT ( 'NONE',  ( -23.20000000000000284, 0.000000000000000000, -55.00000000000000000 ) ) ;
#1378 = ADVANCED_FACE ( 'NONE', ( #159 ), #780, .T. ) ;
#1379 = VERTEX_POINT ( 'NONE', #1241 ) ;
#1380 = CARTESIAN_POINT ( 'NONE',  ( 14.70000000000000107, 3.250000000000000000, -2.499999999999997780 ) ) ;
#1381 = CARTESIAN_POINT ( 'NONE',  ( 60.80000000000000426, 0.000000000000000000, -11.24999999999998934 ) ) ;
#1382 = ADVANCED_FACE ( 'NONE', ( #475 ), #601, .F. ) ;
#1383 = ORIENTED_EDGE ( 'NONE', *, *, #304, .F. ) ;
#1384 = PLANE ( 'NONE',  #48 ) ;
#1385 = ORIENTED_EDGE ( 'NONE', *, *, #1313, .T. ) ;
#1386 = AXIS2_PLACEMENT_3D ( 'NONE', #1544, #1532, #143 ) ;
#1387 = CARTESIAN_POINT ( 'NONE',  ( 62.63382791651464743, 4.000000000000000000, 1.431819537142310361 ) ) ;
#1388 = ORIENTED_EDGE ( 'NONE', *, *, #308, .T. ) ;
#1389 = DIRECTION ( 'NONE',  ( 0.000000000000000000, 0.000000000000000000, 1.000000000000000000 ) ) ;
#1390 = LINE ( 'NONE', #1860, #518 ) ;
#1391 = EDGE_LOOP ( 'NONE', ( #310, #1509, #835, #1126 ) ) ;
#1392 = DIRECTION ( 'NONE',  ( -0.000000000000000000, -1.000000000000000000, -0.000000000000000000 ) ) ;
#1393 = DIRECTION ( 'NONE',  ( -0.000000000000000000, -1.000000000000000000, -0.000000000000000000 ) ) ;
#1394 = ORIENTED_EDGE ( 'NONE', *, *, #39, .F. ) ;
#1395 = AXIS2_PLACEMENT_3D ( 'NONE', #504, #522, #37 ) ;
#1396 = PLANE ( 'NONE',  #1036 ) ;
#1397 = EDGE_LOOP ( 'NONE', ( #979, #532, #329, #1882 ) ) ;
#1398 = LINE ( 'NONE', #503, #577 ) ;
#1399 = DIRECTION ( 'NONE',  ( 0.000000000000000000, 1.000000000000000000, 0.000000000000000000 ) ) ;
#1400 = DIRECTION ( 'NONE',  ( -0.000000000000000000, -1.000000000000000000, -0.000000000000000000 ) ) ;
#1401 = VECTOR ( 'NONE', #136, 1000.000000000000000 ) ;
#1402 = ORIENTED_EDGE ( 'NONE', *, *, #449, .T. ) ;
#1403 = CYLINDRICAL_SURFACE ( 'NONE', #1501, 2.499999999999995115 ) ;
#1404 = DIRECTION ( 'NONE',  ( 0.000000000000000000, -1.000000000000000000, 0.000000000000000000 ) ) ;
#1405 = CARTESIAN_POINT ( 'NONE',  ( 29.40000000000000213, 3.250000000000000000, 2.500000000000003997 ) ) ;
#1406 = ORIENTED_EDGE ( 'NONE', *, *, #298, .F. ) ;
#1407 = EDGE_CURVE ( 'NONE', #1375, #1213, #1991, .T. ) ;
#1408 = EDGE_LOOP ( 'NONE', ( #1596, #1779 ) ) ;
#1409 = CARTESIAN_POINT ( 'NONE',  ( -23.20000000000000284, 4.000000000000001776, -55.00000000000000000 ) ) ;
#1410 = DIRECTION ( 'NONE',  ( 0.000000000000000000, 0.000000000000000000, -1.000000000000000000 ) ) ;
#1411 = DIRECTION ( 'NONE',  ( 0.000000000000000000, -0.000000000000000000, -1.000000000000000000 ) ) ;
#1412 = CIRCLE ( 'NONE', #23, 2.499999999999995115 ) ;
#1413 = CARTESIAN_POINT ( 'NONE',  ( 66.79999999999999716, 4.000000000000001776, -53.47500000000000142 ) ) ;
#1414 = DIRECTION ( 'NONE',  ( 8.659560562354906974E-17, 0.7071067811865496822, -0.7071067811865453523 ) ) ;
#1415 = DIRECTION ( 'NONE',  ( -0.2400099655793483666, 0.9701425001453318764, -0.03491054044790516120 ) ) ;
#1416 = AXIS2_PLACEMENT_3D ( 'NONE', #140, #1374, #2005 ) ;
#1417 = ORIENTED_EDGE ( 'NONE', *, *, #368, .T. ) ;
#1418 = ORIENTED_EDGE ( 'NONE', *, *, #1718, .F. ) ;
#1419 = FACE_OUTER_BOUND ( 'NONE', #474, .T. ) ;
#1420 = DIRECTION ( 'NONE',  ( 0.000000000000000000, -1.000000000000000000, 0.000000000000000000 ) ) ;
#1421 = VECTOR ( 'NONE', #1166, 1000.000000000000000 ) ;
#1422 = AXIS2_PLACEMENT_3D ( 'NONE', #1138, #1130, #1764 ) ;
#1423 = DIRECTION ( 'NONE',  ( 0.000000000000000000, 0.000000000000000000, 1.000000000000000000 ) ) ;
#1424 = CARTESIAN_POINT ( 'NONE',  ( 67.47760605681405366, 3.499999999999999112, 9.814924517354752354 ) ) ;
#1425 = VECTOR ( 'NONE', #14, 1000.000000000000227 ) ;
#1426 = ORIENTED_EDGE ( 'NONE', *, *, #1814, .T. ) ;
#1427 = AXIS2_PLACEMENT_3D ( 'NONE', #170, #1120, #1430 ) ;
#1428 = ORIENTED_EDGE ( 'NONE', *, *, #852, .F. ) ;
#1429 = DIRECTION ( 'NONE',  ( 0.000000000000000000, -1.000000000000000000, 0.000000000000000000 ) ) ;
#1430 = DIRECTION ( 'NONE',  ( 0.000000000000000000, 0.000000000000000000, -1.000000000000000000 ) ) ;
#1431 = DIRECTION ( 'NONE',  ( 0.000000000000000000, 0.000000000000000000, 1.000000000000000000 ) ) ;
#1432 = CARTESIAN_POINT ( 'NONE',  ( 66.79999999999999716, 4.000000000000000000, -55.00000000000000000 ) ) ;
#1433 = EDGE_CURVE ( 'NONE', #1614, #1995, #1776, .T. ) ;
#1434 = ORIENTED_EDGE ( 'NONE', *, *, #1988, .F. ) ;
#1435 = AXIS2_PLACEMENT_3D ( 'NONE', #335, #1093, #1550 ) ;
#1436 = VECTOR ( 'NONE', #1548, 1000.000000000000000 ) ;
#1437 = ADVANCED_FACE ( 'NONE', ( #906 ), #1521, .T. ) ;
#1438 = ORIENTED_EDGE ( 'NONE', *, *, #874, .T. ) ;
#1439 = FACE_OUTER_BOUND ( 'NONE', #1006, .T. ) ;
#1440 = DIRECTION ( 'NONE',  ( 8.659560562354932858E-17, 0.7071067811865474617, -0.7071067811865474617 ) ) ;
#1441 = DIRECTION ( 'NONE',  ( -0.000000000000000000, -1.000000000000000000, -0.000000000000000000 ) ) ;
#1442 = DIRECTION ( 'NONE',  ( -0.000000000000000000, 1.000000000000000000, -0.000000000000000000 ) ) ;
#1443 = CIRCLE ( 'NONE', #405, 1.250000000000001110 ) ;
#1444 = ORIENTED_EDGE ( 'NONE', *, *, #853, .F. ) ;
#1445 = AXIS2_PLACEMENT_3D ( 'NONE', #1457, #254, #1325 ) ;
#1446 = EDGE_CURVE ( 'NONE', #1920, #737, #81, .T. ) ;
#1447 = AXIS2_PLACEMENT_3D ( 'NONE', #1541, #1212, #1202 ) ;
#1448 = VERTEX_POINT ( 'NONE', #668 ) ;
#1449 = DIRECTION ( 'NONE',  ( 0.000000000000000000, 0.000000000000000000, 1.000000000000000000 ) ) ;
#1450 = CARTESIAN_POINT ( 'NONE',  ( 64.79999999999999716, 3.250000000000000000, -43.75000000000000000 ) ) ;
#1451 = PLANE ( 'NONE',  #1553 ) ;
#1452 = AXIS2_PLACEMENT_3D ( 'NONE', #1035, #1813, #1666 ) ;
#1453 = VERTEX_POINT ( 'NONE', #1413 ) ;
#1454 = AXIS2_PLACEMENT_3D ( 'NONE', #787, #1127, #1248 ) ;
#1455 = ORIENTED_EDGE ( 'NONE', *, *, #1289, .T. ) ;
#1456 = CARTESIAN_POINT ( 'NONE',  ( -17.40000000000000213, 3.250000000000000000, -41.25000000000000000 ) ) ;
#1457 = CARTESIAN_POINT ( 'NONE',  ( 58.80000000000000426, 0.000000000000000000, 0.000000000000000000 ) ) ;
#1458 = CARTESIAN_POINT ( 'NONE',  ( 44.10000000000000142, 3.250000000000000000, 2.700346192119913882E-15 ) ) ;
#1459 = EDGE_LOOP ( 'NONE', ( #1417, #1272, #1630, #431, #551, #389, #1542, #1162 ) ) ;
#1460 = DIRECTION ( 'NONE',  ( 0.000000000000000000, -1.000000000000000000, 0.000000000000000000 ) ) ;
#1461 = AXIS2_PLACEMENT_3D ( 'NONE', #1221, #1104, #315 ) ;
#1462 = ORIENTED_EDGE ( 'NONE', *, *, #728, .F. ) ;
#1463 = DIRECTION ( 'NONE',  ( -0.000000000000000000, -1.000000000000000000, -0.000000000000000000 ) ) ;
#1464 = EDGE_CURVE ( 'NONE', #1453, #1565, #1809, .T. ) ;
#1465 = CARTESIAN_POINT ( 'NONE',  ( 44.10000000000000142, 3.250000000000000000, 2.500000000000004885 ) ) ;
#1466 = CARTESIAN_POINT ( 'NONE',  ( -23.20000000000000284, 4.000000000000000000, -55.00000000000000000 ) ) ;
#1467 = DIRECTION ( 'NONE',  ( -0.1439398457141107257, 0.000000000000000000, 0.9895864392845115098 ) ) ;
#1468 = ORIENTED_EDGE ( 'NONE', *, *, #573, .T. ) ;
#1469 = CARTESIAN_POINT ( 'NONE',  ( -17.40000000000000213, 3.250000000000000000, -43.75000000000000711 ) ) ;
#1470 = CARTESIAN_POINT ( 'NONE',  ( -11.60000000000000142, 3.250000000000000000, -27.50000000000000000 ) ) ;
#1471 = AXIS2_PLACEMENT_3D ( 'NONE', #678, #977, #206 ) ;
#1472 = AXIS2_PLACEMENT_3D ( 'NONE', #471, #1192, #4 ) ;
#1473 = EDGE_CURVE ( 'NONE', #1014, #1990, #182, .T. ) ;
#1474 = EDGE_LOOP ( 'NONE', ( #1699, #1096, #986, #412 ) ) ;
#1475 = CARTESIAN_POINT ( 'NONE',  ( 62.79999999999999716, 3.250000000000000000, -27.49999999999999645 ) ) ;
#1476 = CIRCLE ( 'NONE', #115, 2.499999999999995115 ) ;
#1477 = CARTESIAN_POINT ( 'NONE',  ( 1.880399719933968372, 4.000000000000000000, -5.834031810075131830 ) ) ;
#1478 = DIRECTION ( 'NONE',  ( -0.000000000000000000, 1.000000000000000000, -0.000000000000000000 ) ) ;
#1479 = ORIENTED_EDGE ( 'NONE', *, *, #96, .F. ) ;
#1480 = DIRECTION ( 'NONE',  ( -0.000000000000000000, -1.000000000000000000, -0.000000000000000000 ) ) ;
#1481 = FACE_OUTER_BOUND ( 'NONE', #1459, .T. ) ;
#1482 = ORIENTED_EDGE ( 'NONE', *, *, #1526, .T. ) ;
#1483 = FACE_OUTER_BOUND ( 'NONE', #446, .T. ) ;
#1484 = CIRCLE ( 'NONE', #1427, 3.999999999999996447 ) ;
#1485 = CARTESIAN_POINT ( 'NONE',  ( -5.800000000000006040, 3.250000000000000000, -16.25000000000000000 ) ) ;
#1486 = FACE_OUTER_BOUND ( 'NONE', #444, .T. ) ;
#1487 = EDGE_LOOP ( 'NONE', ( #155, #1795, #24, #1462 ) ) ;
#1488 = FACE_OUTER_BOUND ( 'NONE', #3, .T. ) ;
#1489 = ADVANCED_FACE ( 'NONE', ( #1924 ), #1590, .F. ) ;
#1490 = ORIENTED_EDGE ( 'NONE', *, *, #843, .F. ) ;
#1491 = DIRECTION ( 'NONE',  ( 0.000000000000000000, 0.000000000000000000, -1.000000000000000000 ) ) ;
#1492 =( GEOMETRIC_REPRESENTATION_CONTEXT ( 3 ) GLOBAL_UNCERTAINTY_ASSIGNED_CONTEXT ( ( #1724 ) ) GLOBAL_UNIT_ASSIGNED_CONTEXT ( ( #1864, #616, #476 ) ) REPRESENTATION_CONTEXT ( 'NONE', 'WORKASPACE' ) );
#1493 = ADVANCED_FACE ( 'NONE', ( #1609 ), #987, .F. ) ;
#1494 = FACE_OUTER_BOUND ( 'NONE', #1619, .T. ) ;
#1495 = DIRECTION ( 'NONE',  ( -0.000000000000000000, 1.000000000000000000, -0.000000000000000000 ) ) ;
#1496 = EDGE_CURVE ( 'NONE', #993, #362, #1911, .T. ) ;
#1497 = ORIENTED_EDGE ( 'NONE', *, *, #932, .F. ) ;
#1498 = CARTESIAN_POINT ( 'NONE',  ( 14.70000000000000107, 0.000000000000000000, 9.001153973733047589E-16 ) ) ;
#1499 = EDGE_CURVE ( 'NONE', #719, #614, #1278, .T. ) ;
#1500 = ADVANCED_FACE ( 'NONE', ( #1745 ), #1916, .F. ) ;
#1501 = AXIS2_PLACEMENT_3D ( 'NONE', #275, #1706, #451 ) ;
#1502 = VECTOR ( 'NONE', #1238, 1000.000000000000000 ) ;
#1503 = ORIENTED_EDGE ( 'NONE', *, *, #1464, .F. ) ;
#1504 = CARTESIAN_POINT ( 'NONE',  ( 44.10000000000000142, 3.250000000000000000, 2.700346192119913882E-15 ) ) ;
#1505 = CARTESIAN_POINT ( 'NONE',  ( 58.80000000000000426, 4.000000000000001776, 0.000000000000000000 ) ) ;
#1506 = CYLINDRICAL_SURFACE ( 'NONE', #1824, 1.249999999999994227 ) ;
#1507 = VECTOR ( 'NONE', #458, 1000.000000000000000 ) ;
#1508 = FACE_OUTER_BOUND ( 'NONE', #966, .T. ) ;
#1509 = ORIENTED_EDGE ( 'NONE', *, *, #422, .F. ) ;
#1510 = DIRECTION ( 'NONE',  ( 0.3886560633082940530, -4.012354050806741132E-33, 0.9213829087050070532 ) ) ;
#1511 = EDGE_LOOP ( 'NONE', ( #1503, #112 ) ) ;
#1512 = EDGE_CURVE ( 'NONE', #1368, #864, #1210, .T. ) ;
#1513 = VECTOR ( 'NONE', #992, 1000.000000000000000 ) ;
#1514 = ORIENTED_EDGE ( 'NONE', *, *, #1164, .T. ) ;
#1515 = CIRCLE ( 'NONE', #1789, 2.500000000000009326 ) ;
#1516 = DIRECTION ( 'NONE',  ( -7.212991720404869028E-17, 0.000000000000000000, 1.000000000000000000 ) ) ;
#1517 = ORIENTED_EDGE ( 'NONE', *, *, #1956, .F. ) ;
#1518 = DIRECTION ( 'NONE',  ( -0.000000000000000000, -1.000000000000000000, -0.000000000000000000 ) ) ;
#1519 = CARTESIAN_POINT ( 'NONE',  ( 58.80000000000000426, 0.000000000000000000, 1.250000000000001110 ) ) ;
#1520 = ORIENTED_EDGE ( 'NONE', *, *, #1295, .T. ) ;
#1521 = PLANE ( 'NONE',  #314 ) ;
#1522 = ADVANCED_FACE ( 'NONE', ( #57 ), #1763, .T. ) ;
#1523 = VERTEX_POINT ( 'NONE', #1572 ) ;
#1524 = CARTESIAN_POINT ( 'NONE',  ( 66.79999999999999716, 4.000000000000001776, -55.00000000000000000 ) ) ;
#1525 = ORIENTED_EDGE ( 'NONE', *, *, #355, .T. ) ;
#1526 = EDGE_CURVE ( 'NONE', #2000, #1846, #983, .T. ) ;
#1527 = CIRCLE ( 'NONE', #466, 3.000000000000003553 ) ;
#1528 = CARTESIAN_POINT ( 'NONE',  ( -3.427655646979173909, 4.000000000000000000, 2.165968189924867282 ) ) ;
#1529 = DIRECTION ( 'NONE',  ( -0.000000000000000000, -1.000000000000000000, -0.000000000000000000 ) ) ;
#1530 = DIRECTION ( 'NONE',  ( 0.000000000000000000, -1.000000000000000000, 0.000000000000000000 ) ) ;
#1531 = EDGE_CURVE ( 'NONE', #719, #10, #352, .T. ) ;
#1532 = DIRECTION ( 'NONE',  ( 0.000000000000000000, -1.000000000000000000, 0.000000000000000000 ) ) ;
#1533 = ORIENTED_EDGE ( 'NONE', *, *, #304, .T. ) ;
#1534 = CARTESIAN_POINT ( 'NONE',  ( 70.75834575713803076, 4.000000000000000000, -54.42424061714356043 ) ) ;
#1535 = DIRECTION ( 'NONE',  ( 0.000000000000000000, 0.000000000000000000, -1.000000000000000000 ) ) ;
#1536 = VERTEX_POINT ( 'NONE', #342 ) ;
#1537 = CARTESIAN_POINT ( 'NONE',  ( 66.79999999999999716, 0.000000000000000000, -55.00000000000000000 ) ) ;
#1538 = ORIENTED_EDGE ( 'NONE', *, *, #1589, .F. ) ;
#1539 = CIRCLE ( 'NONE', #639, 2.499999999999998668 ) ;
#1540 = CIRCLE ( 'NONE', #1810, 2.499999999999995115 ) ;
#1541 = CARTESIAN_POINT ( 'NONE',  ( 0.000000000000000000, 4.000000000000001776, 0.000000000000000000 ) ) ;
#1542 = ORIENTED_EDGE ( 'NONE', *, *, #748, .F. ) ;
#1543 = DIRECTION ( 'NONE',  ( -0.000000000000000000, 1.000000000000000000, -0.000000000000000000 ) ) ;
#1544 = CARTESIAN_POINT ( 'NONE',  ( 29.40000000000000213, 0.000000000000000000, 1.800230794746609518E-15 ) ) ;
#1545 = CIRCLE ( 'NONE', #59, 2.499999999999995115 ) ;
#1546 = ORIENTED_EDGE ( 'NONE', *, *, #631, .F. ) ;
#1547 = CARTESIAN_POINT ( 'NONE',  ( 62.84165424286194934, 0.000000000000000000, -55.57575938285644668 ) ) ;
#1548 = DIRECTION ( 'NONE',  ( -0.000000000000000000, -1.000000000000000000, -0.000000000000000000 ) ) ;
#1549 = VERTEX_POINT ( 'NONE', #1137 ) ;
#1550 = DIRECTION ( 'NONE',  ( 0.000000000000000000, 0.000000000000000000, 1.000000000000000000 ) ) ;
#1551 = AXIS2_PLACEMENT_3D ( 'NONE', #1931, #1938, #970 ) ;
#1552 = VERTEX_POINT ( 'NONE', #505 ) ;
#1553 = AXIS2_PLACEMENT_3D ( 'NONE', #1458, #546, #687 ) ;
#1554 = CARTESIAN_POINT ( 'NONE',  ( 4.644548446049008739, 0.000000000000000000, -4.000000000000000000 ) ) ;
#1555 = CARTESIAN_POINT ( 'NONE',  ( 66.79999999999999716, 4.000000000000000000, -55.00000000000000000 ) ) ;
#1556 = DIRECTION ( 'NONE',  ( 0.000000000000000000, 0.000000000000000000, 1.000000000000000000 ) ) ;
#1557 = DIRECTION ( 'NONE',  ( 0.000000000000000000, -1.000000000000000000, 0.000000000000000000 ) ) ;
#1558 = AXIS2_PLACEMENT_3D ( 'NONE', #404, #1304, #1019 ) ;
#1559 = ORIENTED_EDGE ( 'NONE', *, *, #376, .T. ) ;
#1560 = DIRECTION ( 'NONE',  ( 0.1439398457141105869, -0.000000000000000000, -0.9895864392845115098 ) ) ;
#1561 = ORIENTED_EDGE ( 'NONE', *, *, #229, .T. ) ;
#1562 = VECTOR ( 'NONE', #982, 1000.000000000000000 ) ;
#1563 = DIRECTION ( 'NONE',  ( 0.000000000000000000, 0.000000000000000000, -1.000000000000000000 ) ) ;
#1564 = EDGE_CURVE ( 'NONE', #1974, #1217, #1769, .T. ) ;
#1565 = VERTEX_POINT ( 'NONE', #659 ) ;
#1566 = VERTEX_POINT ( 'NONE', #65 ) ;
#1567 = CARTESIAN_POINT ( 'NONE',  ( 60.80000000000000426, 3.250000000000000000, -13.74999999999999822 ) ) ;
#1568 = CARTESIAN_POINT ( 'NONE',  ( 4.644548446048994528, 0.000000000000000000, -6.999999999999999112 ) ) ;
#1569 = CARTESIAN_POINT ( 'NONE',  ( 62.79999999999999716, 3.250000000000000000, -25.00000000000000000 ) ) ;
#1570 = VECTOR ( 'NONE', #183, 999.9999999999998863 ) ;
#1571 = AXIS2_PLACEMENT_3D ( 'NONE', #1889, #927, #192 ) ;
#1572 = CARTESIAN_POINT ( 'NONE',  ( 62.79999999999999716, 3.250000000000000000, -29.99999999999999289 ) ) ;
#1573 = LINE ( 'NONE', #1424, #1570 ) ;
#1574 = ADVANCED_FACE ( 'NONE', ( #1270 ), #686, .F. ) ;
#1575 = CARTESIAN_POINT ( 'NONE',  ( -5.800000000000006040, 3.250000000000000000, -11.24999999999999822 ) ) ;
#1576 = ORIENTED_EDGE ( 'NONE', *, *, #217, .F. ) ;
#1577 = EDGE_LOOP ( 'NONE', ( #502, #450, #1307, #1056 ) ) ;
#1578 = CARTESIAN_POINT ( 'NONE',  ( -26.88553163482002972, 0.000000000000000000, -53.44537574676682823 ) ) ;
#1579 = CARTESIAN_POINT ( 'NONE',  ( 44.10000000000000142, 0.000000000000000000, 2.500000000000004885 ) ) ;
#1580 = AXIS2_PLACEMENT_3D ( 'NONE', #1660, #1945, #878 ) ;
#1581 = CARTESIAN_POINT ( 'NONE',  ( -11.60000000000000142, 3.250000000000000000, -27.50000000000000000 ) ) ;
#1582 = DIRECTION ( 'NONE',  ( 0.000000000000000000, -0.000000000000000000, -1.000000000000000000 ) ) ;
#1583 = VERTEX_POINT ( 'NONE', #950 ) ;
#1584 = DIRECTION ( 'NONE',  ( 1.000000000000000000, 0.000000000000000000, 0.000000000000000000 ) ) ;
#1585 = CONICAL_SURFACE ( 'NONE', #1447, 1.525000000000000355, 0.7853981633974482790 ) ;
#1586 = VERTEX_POINT ( 'NONE', #29 ) ;
#1587 = DIRECTION ( 'NONE',  ( 0.000000000000000000, 0.000000000000000000, 1.000000000000000000 ) ) ;
#1588 = LINE ( 'NONE', #1885, #524 ) ;
#1589 = EDGE_CURVE ( 'NONE', #1833, #1375, #191, .T. ) ;
#1590 = CYLINDRICAL_SURFACE ( 'NONE', #1088, 2.500000000000002220 ) ;
#1591 = CARTESIAN_POINT ( 'NONE',  ( 14.70000000000000107, 3.250000000000000000, 9.001153973733047589E-16 ) ) ;
#1592 = AXIS2_PLACEMENT_3D ( 'NONE', #811, #666, #830 ) ;
#1593 = ORIENTED_EDGE ( 'NONE', *, *, #514, .T. ) ;
#1594 = ADVANCED_FACE ( 'NONE', ( #245 ), #1010, .F. ) ;
#1595 = VECTOR ( 'NONE', #1859, 1000.000000000000000 ) ;
#1596 = ORIENTED_EDGE ( 'NONE', *, *, #1934, .F. ) ;
#1597 = LINE ( 'NONE', #357, #1191 ) ;
#1598 =( NAMED_UNIT ( * ) PLANE_ANGLE_UNIT ( ) SI_UNIT ( $, .RADIAN. ) );
#1599 = EDGE_CURVE ( 'NONE', #1536, #101, #1752, .T. ) ;
#1600 = EDGE_CURVE ( 'NONE', #829, #617, #1643, .T. ) ;
#1601 = DIRECTION ( 'NONE',  ( 0.000000000000000000, -1.000000000000000000, 0.000000000000000000 ) ) ;
#1602 = DIRECTION ( 'NONE',  ( 0.000000000000000000, 0.000000000000000000, 1.000000000000000000 ) ) ;
#1603 = ORIENTED_EDGE ( 'NONE', *, *, #761, .F. ) ;
#1604 = VECTOR ( 'NONE', #1369, 1000.000000000000114 ) ;
#1605 = AXIS2_PLACEMENT_3D ( 'NONE', #30, #1736, #1242 ) ;
#1606 = ORIENTED_EDGE ( 'NONE', *, *, #932, .T. ) ;
#1607 = CARTESIAN_POINT ( 'NONE',  ( 74.79270315824506099, 3.500000000000002665, -40.47636805498363088 ) ) ;
#1608 = EDGE_CURVE ( 'NONE', #1185, #1536, #415, .T. ) ;
#1609 = FACE_OUTER_BOUND ( 'NONE', #1360, .T. ) ;
#1610 = CARTESIAN_POINT ( 'NONE',  ( -0.6635069208641306560, 4.000000000000000000, 4.000000000000000000 ) ) ;
#1611 = AXIS2_PLACEMENT_3D ( 'NONE', #1276, #1601, #49 ) ;
#1612 = ORIENTED_EDGE ( 'NONE', *, *, #570, .F. ) ;
#1613 = AXIS2_PLACEMENT_3D ( 'NONE', #1505, #1047, #608 ) ;
#1614 = VERTEX_POINT ( 'NONE', #1937 ) ;
#1615 = DIRECTION ( 'NONE',  ( -0.000000000000000000, 1.000000000000000000, -0.000000000000000000 ) ) ;
#1616 = CARTESIAN_POINT ( 'NONE',  ( 44.10000000000000142, 3.250000000000000000, -2.499999999999999556 ) ) ;
#1617 = DIRECTION ( 'NONE',  ( 0.000000000000000000, 0.000000000000000000, 1.000000000000000000 ) ) ;
#1618 = CIRCLE ( 'NONE', #64, 1.525000000000000355 ) ;
#1619 = EDGE_LOOP ( 'NONE', ( #86, #785, #826, #1 ) ) ;
#1620 = DIRECTION ( 'NONE',  ( -0.9895864392845115098, 0.000000000000000000, -0.1439398457141105592 ) ) ;
#1621 = VECTOR ( 'NONE', #1108, 999.9999999999998863 ) ;
#1622 = EDGE_CURVE ( 'NONE', #1844, #338, #1125, .T. ) ;
#1623 = PRODUCT_DEFINITION_FORMATION_WITH_SPECIFIED_SOURCE ( 'ANY', '', #1044, .NOT_KNOWN. ) ;
#1624 = EDGE_LOOP ( 'NONE', ( #69, #1428, #697, #7 ) ) ;
#1625 = CARTESIAN_POINT ( 'NONE',  ( 62.63382791651464743, 0.000000000000000000, 1.431819537142310361 ) ) ;
#1626 = CARTESIAN_POINT ( 'NONE',  ( 0.000000000000000000, 4.000000000000001776, 0.000000000000000000 ) ) ;
#1627 = DIRECTION ( 'NONE',  ( 0.000000000000000000, 0.000000000000000000, 1.000000000000000000 ) ) ;
#1628 = CARTESIAN_POINT ( 'NONE',  ( 29.40000000000000213, 3.250000000000000000, 1.800230794746609518E-15 ) ) ;
#1629 = EDGE_LOOP ( 'NONE', ( #1918, #452, #1525, #662 ) ) ;
#1630 = ORIENTED_EDGE ( 'NONE', *, *, #1841, .F. ) ;
#1631 = DIRECTION ( 'NONE',  ( 0.3886560633082938865, 0.000000000000000000, 0.9213829087050070532 ) ) ;
#1632 = ADVANCED_FACE ( 'NONE', ( #1155 ), #1314, .T. ) ;
#1633 = CIRCLE ( 'NONE', #177, 4.000000000000003553 ) ;
#1634 = MECHANICAL_DESIGN_GEOMETRIC_PRESENTATION_REPRESENTATION (  '', ( #467 ), #1492 ) ;
#1635 = ORIENTED_EDGE ( 'NONE', *, *, #139, .T. ) ;
#1636 = DIRECTION ( 'NONE',  ( -0.000000000000000000, -1.000000000000000000, -0.000000000000000000 ) ) ;
#1637 = CARTESIAN_POINT ( 'NONE',  ( 58.80000000000000426, 4.000000000000001776, 0.000000000000000000 ) ) ;
#1638 = CARTESIAN_POINT ( 'NONE',  ( 0.000000000000000000, 4.000000000000001776, 0.000000000000000000 ) ) ;
#1639 = ORIENTED_EDGE ( 'NONE', *, *, #752, .F. ) ;
#1640 = ORIENTED_EDGE ( 'NONE', *, *, #1512, .T. ) ;
#1641 = DIRECTION ( 'NONE',  ( -0.000000000000000000, -1.000000000000000000, -0.000000000000000000 ) ) ;
#1642 = VECTOR ( 'NONE', #832, 1000.000000000000000 ) ;
#1643 = CIRCLE ( 'NONE', #770, 2.500000000000002220 ) ;
#1644 = ORIENTED_EDGE ( 'NONE', *, *, #152, .T. ) ;
#1645 = CARTESIAN_POINT ( 'NONE',  ( -26.88553163482002972, 4.000000000000000000, -53.44537574676682823 ) ) ;
#1646 = DIRECTION ( 'NONE',  ( -0.000000000000000000, -1.000000000000000000, -0.000000000000000000 ) ) ;
#1647 = EDGE_CURVE ( 'NONE', #303, #1722, #867, .T. ) ;
#1648 = LINE ( 'NONE', #869, #416 ) ;
#1649 = ORIENTED_EDGE ( 'NONE', *, *, #1725, .T. ) ;
#1650 = DIRECTION ( 'NONE',  ( 0.000000000000000000, 0.000000000000000000, -1.000000000000000000 ) ) ;
#1651 = VECTOR ( 'NONE', #1315, 1000.000000000000000 ) ;
#1652 = VECTOR ( 'NONE', #1989, 1000.000000000000000 ) ;
#1653 = EDGE_CURVE ( 'NONE', #653, #1920, #1784, .T. ) ;
#1654 = ORIENTED_EDGE ( 'NONE', *, *, #874, .F. ) ;
#1655 = CARTESIAN_POINT ( 'NONE',  ( -17.40000000000000213, 0.000000000000000000, -41.25000000000000000 ) ) ;
#1656 = EDGE_CURVE ( 'NONE', #468, #773, #347, .T. ) ;
#1657 = VECTOR ( 'NONE', #1049, 1000.000000000000000 ) ;
#1658 = ADVANCED_FACE ( 'NONE', ( #991 ), #82, .F. ) ;
#1659 = ADVANCED_FACE ( 'NONE', ( #94 ), #553, .F. ) ;
#1660 = CARTESIAN_POINT ( 'NONE',  ( -26.88553163482002972, 4.000000000000000000, -53.44537574676682823 ) ) ;
#1661 = CARTESIAN_POINT ( 'NONE',  ( 66.79999999999999716, 4.000000000000000000, -56.24999999999999289 ) ) ;
#1662 = EDGE_LOOP ( 'NONE', ( #925, #13, #212, #1520 ) ) ;
#1663 = CARTESIAN_POINT ( 'NONE',  ( -5.800000000000006040, 3.250000000000000000, -13.74999999999999822 ) ) ;
#1664 = AXIS2_PLACEMENT_3D ( 'NONE', #1524, #918, #2012 ) ;
#1665 = EDGE_LOOP ( 'NONE', ( #1559, #989, #1301, #1124, #881, #260, #1891, #1455, #354, #1303, #963, #1654, #327, #1644, #1926, #1220, #248, #1195, #1853, #1142, #1893, #1068 ) ) ;
#1666 = DIRECTION ( 'NONE',  ( 0.000000000000000000, 0.000000000000000000, -1.000000000000000000 ) ) ;
#1667 = FACE_OUTER_BOUND ( 'NONE', #1781, .T. ) ;
#1668 = DIRECTION ( 'NONE',  ( 0.000000000000000000, 0.000000000000000000, -1.000000000000000000 ) ) ;
#1669 = CARTESIAN_POINT ( 'NONE',  ( 58.80000000000000426, 3.724999999999988542, 1.249999999999987121 ) ) ;
#1670 = ORIENTED_EDGE ( 'NONE', *, *, #144, .T. ) ;
#1671 = DIRECTION ( 'NONE',  ( 0.000000000000000000, 0.000000000000000000, 1.000000000000000000 ) ) ;
#1672 = EDGE_LOOP ( 'NONE', ( #1865, #171, #1927, #1726 ) ) ;
#1673 = AXIS2_PLACEMENT_3D ( 'NONE', #1340, #1214, #1556 ) ;
#1674 = VERTEX_POINT ( 'NONE', #1485 ) ;
#1675 = CARTESIAN_POINT ( 'NONE',  ( -20.98643459052403770, 2.000000000000000888, -39.46044740899609593 ) ) ;
#1676 = EDGE_LOOP ( 'NONE', ( #1118, #1133 ) ) ;
#1677 = LINE ( 'NONE', #1871, #1211 ) ;
#1678 = AXIS2_PLACEMENT_3D ( 'NONE', #1941, #1620, #726 ) ;
#1679 = DIRECTION ( 'NONE',  ( -0.000000000000000000, 1.000000000000000000, -0.000000000000000000 ) ) ;
#1680 = ADVANCED_FACE ( 'NONE', ( #103 ), #1332, .F. ) ;
#1681 = EDGE_LOOP ( 'NONE', ( #374, #814 ) ) ;
#1682 = LINE ( 'NONE', #1251, #1150 ) ;
#1683 = ORIENTED_EDGE ( 'NONE', *, *, #144, .F. ) ;
#1684 = EDGE_CURVE ( 'NONE', #1107, #1448, #247, .T. ) ;
#1685 = CIRCLE ( 'NONE', #815, 1.250000000000001110 ) ;
#1686 = ADVANCED_FACE ( 'NONE', ( #1494 ), #151, .F. ) ;
#1687 = ORIENTED_EDGE ( 'NONE', *, *, #1289, .F. ) ;
#1688 = AXIS2_PLACEMENT_3D ( 'NONE', #1792, #691, #375 ) ;
#1689 = DIRECTION ( 'NONE',  ( 0.000000000000000000, 0.7071067811865496822, 0.7071067811865453523 ) ) ;
#1690 = DIRECTION ( 'NONE',  ( -0.000000000000000000, 1.000000000000000000, -0.000000000000000000 ) ) ;
#1691 = CYLINDRICAL_SURFACE ( 'NONE', #806, 2.499999999999998668 ) ;
#1692 = LINE ( 'NONE', #295, #255 ) ;
#1693 = VECTOR ( 'NONE', #1905, 1000.000000000000000 ) ;
#1694 = ORIENTED_EDGE ( 'NONE', *, *, #126, .F. ) ;
#1695 = CARTESIAN_POINT ( 'NONE',  ( -14.85505014350523645, 3.500000000000009326, -9.487023767996113577 ) ) ;
#1696 = ORIENTED_EDGE ( 'NONE', *, *, #1245, .T. ) ;
#1697 = DIRECTION ( 'NONE',  ( 0.000000000000000000, 0.000000000000000000, 1.000000000000000000 ) ) ;
#1698 = EDGE_CURVE ( 'NONE', #356, #1817, #2003, .T. ) ;
#1699 = ORIENTED_EDGE ( 'NONE', *, *, #1758, .F. ) ;
#1700 = CIRCLE ( 'NONE', #137, 1.250000000000001110 ) ;
#1701 = LINE ( 'NONE', #900, #1341 ) ;
#1702 = ORIENTED_EDGE ( 'NONE', *, *, #393, .F. ) ;
#1703 = CARTESIAN_POINT ( 'NONE',  ( 58.80000000000000426, 4.000000000000000000, -1.249999999999994227 ) ) ;
#1704 = DIRECTION ( 'NONE',  ( 0.000000000000000000, -0.000000000000000000, -1.000000000000000000 ) ) ;
#1705 = ORIENTED_EDGE ( 'NONE', *, *, #712, .T. ) ;
#1706 = DIRECTION ( 'NONE',  ( -0.000000000000000000, -1.000000000000000000, -0.000000000000000000 ) ) ;
#1707 = DIRECTION ( 'NONE',  ( -0.000000000000000000, -1.000000000000000000, -0.000000000000000000 ) ) ;
#1708 = ORIENTED_EDGE ( 'NONE', *, *, #1879, .F. ) ;
#1709 = FACE_OUTER_BOUND ( 'NONE', #284, .T. ) ;
#1710 = VERTEX_POINT ( 'NONE', #1616 ) ;
#1711 = AXIS2_PLACEMENT_3D ( 'NONE', #969, #959, #1423 ) ;
#1712 = AXIS2_PLACEMENT_3D ( 'NONE', #1626, #857, #1930 ) ;
#1713 = DIRECTION ( 'NONE',  ( -0.000000000000000000, -1.000000000000000000, -0.000000000000000000 ) ) ;
#1714 = CARTESIAN_POINT ( 'NONE',  ( 0.000000000000000000, 4.000000000000001776, 0.000000000000000000 ) ) ;
#1715 = CARTESIAN_POINT ( 'NONE',  ( 64.79999999999999716, 3.250000000000000000, -38.75000000000000711 ) ) ;
#1716 = DIRECTION ( 'NONE',  ( -0.000000000000000000, 1.000000000000000000, -0.000000000000000000 ) ) ;
#1717 = CIRCLE ( 'NONE', #735, 1.250000000000001110 ) ;
#1718 = EDGE_CURVE ( 'NONE', #1168, #1206, #564, .T. ) ;
#1719 = ORIENTED_EDGE ( 'NONE', *, *, #1144, .T. ) ;
#1720 = DIRECTION ( 'NONE',  ( -0.000000000000000000, 1.000000000000000000, -0.000000000000000000 ) ) ;
#1721 = CARTESIAN_POINT ( 'NONE',  ( -23.20000000000000284, 4.000000000000001776, -56.52500000000000568 ) ) ;
#1722 = VERTEX_POINT ( 'NONE', #695 ) ;
#1723 = CARTESIAN_POINT ( 'NONE',  ( -9.213829087050076083, 3.500000000000012434, 3.886560633082941862 ) ) ;
#1724 = UNCERTAINTY_MEASURE_WITH_UNIT (LENGTH_MEASURE( 1.000000000000000082E-05 ), #1864, 'distance_accuracy_value', 'NONE');
#1725 = EDGE_CURVE ( 'NONE', #338, #1844, #1540, .T. ) ;
#1726 = ORIENTED_EDGE ( 'NONE', *, *, #1526, .F. ) ;
#1727 = CIRCLE ( 'NONE', #489, 4.000000000000003553 ) ;
#1728 = ORIENTED_EDGE ( 'NONE', *, *, #220, .T. ) ;
#1729 = FACE_OUTER_BOUND ( 'NONE', #759, .T. ) ;
#1730 = FACE_OUTER_BOUND ( 'NONE', #1391, .T. ) ;
#1731 = CARTESIAN_POINT ( 'NONE',  ( -17.40000000000000213, 3.250000000000000000, -38.75000000000000000 ) ) ;
#1732 = ADVANCED_FACE ( 'NONE', ( #596 ), #1847, .F. ) ;
#1733 = AXIS2_PLACEMENT_3D ( 'NONE', #865, #1615, #1449 ) ;
#1734 = EDGE_CURVE ( 'NONE', #1040, #1213, #1677, .T. ) ;
#1735 = DIRECTION ( 'NONE',  ( 0.000000000000000000, 1.000000000000000000, 0.000000000000000000 ) ) ;
#1736 = DIRECTION ( 'NONE',  ( -0.000000000000000000, 1.000000000000000000, -0.000000000000000000 ) ) ;
#1737 = AXIS2_PLACEMENT_3D ( 'NONE', #1826, #610, #1389 ) ;
#1738 = CARTESIAN_POINT ( 'NONE',  ( -26.51473204275406914, 3.500000000000009326, -37.12851102914633117 ) ) ;
#1739 = ORIENTED_EDGE ( 'NONE', *, *, #12, .F. ) ;
#1740 = EDGE_LOOP ( 'NONE', ( #798, #1139 ) ) ;
#1741 = CARTESIAN_POINT ( 'NONE',  ( 60.80000000000000426, 3.250000000000000000, -13.74999999999999822 ) ) ;
#1742 = DIRECTION ( 'NONE',  ( 0.000000000000000000, 0.000000000000000000, 1.000000000000000000 ) ) ;
#1743 = CARTESIAN_POINT ( 'NONE',  ( 66.79999999999999716, 0.000000000000000000, -56.25000000000000000 ) ) ;
#1744 = AXIS2_PLACEMENT_3D ( 'NONE', #312, #343, #1102 ) ;
#1745 = FACE_OUTER_BOUND ( 'NONE', #51, .T. ) ;
#1746 = LINE ( 'NONE', #1721, #1906 ) ;
#1747 = ORIENTED_EDGE ( 'NONE', *, *, #1647, .F. ) ;
#1748 = VECTOR ( 'NONE', #523, 1000.000000000000000 ) ;
#1749 = ORIENTED_EDGE ( 'NONE', *, *, #1647, .T. ) ;
#1750 = CARTESIAN_POINT ( 'NONE',  ( 0.000000000000000000, 4.000000000000000000, 0.000000000000000000 ) ) ;
#1751 = CARTESIAN_POINT ( 'NONE',  ( 52.74451980937220696, 4.000000000000000000, -3.999999999999996447 ) ) ;
#1752 = CIRCLE ( 'NONE', #928, 1.524999999999998579 ) ;
#1753 = DIRECTION ( 'NONE',  ( 0.000000000000000000, 0.000000000000000000, -1.000000000000000000 ) ) ;
#1754 = EDGE_CURVE ( 'NONE', #1002, #1549, #751, .T. ) ;
#1755 = DIRECTION ( 'NONE',  ( -0.000000000000000000, -1.000000000000000000, -0.000000000000000000 ) ) ;
#1756 = ORIENTED_EDGE ( 'NONE', *, *, #426, .T. ) ;
#1757 = EDGE_CURVE ( 'NONE', #1002, #1014, #641, .T. ) ;
#1758 = EDGE_CURVE ( 'NONE', #773, #1185, #282, .T. ) ;
#1759 = ORIENTED_EDGE ( 'NONE', *, *, #664, .F. ) ;
#1760 = DIRECTION ( 'NONE',  ( 0.000000000000000000, 0.000000000000000000, -1.000000000000000000 ) ) ;
#1761 = CARTESIAN_POINT ( 'NONE',  ( 0.000000000000000000, 3.724999999999988542, 1.249999999999987121 ) ) ;
#1762 = VECTOR ( 'NONE', #563, 1000.000000000000000 ) ;
#1763 = PLANE ( 'NONE',  #1471 ) ;
#1764 = DIRECTION ( 'NONE',  ( 0.000000000000000000, 0.000000000000000000, 1.000000000000000000 ) ) ;
#1765 = ORIENTED_EDGE ( 'NONE', *, *, #1446, .T. ) ;
#1766 = ORIENTED_EDGE ( 'NONE', *, *, #1876, .T. ) ;
#1767 = DIRECTION ( 'NONE',  ( 0.1439398457141105869, -2.006177025403370566E-33, -0.9895864392845115098 ) ) ;
#1768 = CARTESIAN_POINT ( 'NONE',  ( -11.60000000000000142, 0.000000000000000000, -27.50000000000000000 ) ) ;
#1769 = LINE ( 'NONE', #1121, #149 ) ;
#1770 = DIRECTION ( 'NONE',  ( -0.000000000000000000, -1.000000000000000000, -0.000000000000000000 ) ) ;
#1771 = VERTEX_POINT ( 'NONE', #1060 ) ;
#1772 = ORIENTED_EDGE ( 'NONE', *, *, #1757, .T. ) ;
#1773 = LINE ( 'NONE', #997, #1898 ) ;
#1774 = CARTESIAN_POINT ( 'NONE',  ( 52.74451980937222118, 0.000000000000000000, -6.999999999999995559 ) ) ;
#1775 = DIRECTION ( 'NONE',  ( 0.000000000000000000, 1.000000000000000000, -0.000000000000000000 ) ) ;
#1776 = CIRCLE ( 'NONE', #1336, 1.249999999999987121 ) ;
#1777 = VECTOR ( 'NONE', #1022, 1000.000000000000000 ) ;
#1778 = EDGE_CURVE ( 'NONE', #1978, #1523, #1412, .T. ) ;
#1779 = ORIENTED_EDGE ( 'NONE', *, *, #1337, .F. ) ;
#1780 = CIRCLE ( 'NONE', #1282, 3.999999999999996447 ) ;
#1781 = EDGE_LOOP ( 'NONE', ( #1158, #1694, #708, #1235 ) ) ;
#1782 = DIRECTION ( 'NONE',  ( -0.000000000000000000, -1.000000000000000000, -0.000000000000000000 ) ) ;
#1783 = ADVANCED_FACE ( 'NONE', ( #623 ), #1691, .F. ) ;
#1784 = LINE ( 'NONE', #1465, #1182 ) ;
#1785 = FACE_OUTER_BOUND ( 'NONE', #1662, .T. ) ;
#1786 = DIRECTION ( 'NONE',  ( 1.000000000000000000, 0.000000000000000000, 7.212991720404869028E-17 ) ) ;
#1787 = VERTEX_POINT ( 'NONE', #294 ) ;
#1788 = DIRECTION ( 'NONE',  ( 0.000000000000000000, 1.000000000000000000, -0.000000000000000000 ) ) ;
#1789 = AXIS2_PLACEMENT_3D ( 'NONE', #80, #382, #222 ) ;
#1790 = VECTOR ( 'NONE', #968, 999.9999999999998863 ) ;
#1791 = EDGE_LOOP ( 'NONE', ( #548, #1310, #1969, #279, #1092, #684, #125, #33 ) ) ;
#1792 = CARTESIAN_POINT ( 'NONE',  ( -23.20000000000000284, 4.000000000000000000, -55.00000000000000000 ) ) ;
#1793 = DIRECTION ( 'NONE',  ( 0.000000000000000000, 0.000000000000000000, -1.000000000000000000 ) ) ;
#1794 = LINE ( 'NONE', #121, #1100 ) ;
#1795 = ORIENTED_EDGE ( 'NONE', *, *, #241, .F. ) ;
#1796 = EDGE_LOOP ( 'NONE', ( #1434, #527 ) ) ;
#1797 = DIRECTION ( 'NONE',  ( 0.000000000000000000, 0.000000000000000000, -1.000000000000000000 ) ) ;
#1798 = ADVANCED_FACE ( 'NONE', ( #894 ), #84, .F. ) ;
#1799 = CIRCLE ( 'NONE', #1461, 3.999999999999996447 ) ;
#1800 = PRESENTATION_LAYER_ASSIGNMENT (  '', '', ( #467 ) ) ;
#1801 = EDGE_CURVE ( 'NONE', #1710, #653, #1939, .T. ) ;
#1802 = ORIENTED_EDGE ( 'NONE', *, *, #1283, .T. ) ;
#1803 = DIRECTION ( 'NONE',  ( -0.9600398623173924673, -0.2425356250363331911, -0.1396421617916206448 ) ) ;
#1804 = DIRECTION ( 'NONE',  ( 0.000000000000000000, 0.000000000000000000, 1.000000000000000000 ) ) ;
#1805 = CYLINDRICAL_SURFACE ( 'NONE', #1892, 2.500000000000002220 ) ;
#1806 = ADVANCED_FACE ( 'NONE', ( #776 ), #731, .F. ) ;
#1807 = ORIENTED_EDGE ( 'NONE', *, *, #402, .F. ) ;
#1808 = DIRECTION ( 'NONE',  ( 0.000000000000000000, 0.000000000000000000, -1.000000000000000000 ) ) ;
#1809 = CIRCLE ( 'NONE', #1711, 1.524999999999998579 ) ;
#1810 = AXIS2_PLACEMENT_3D ( 'NONE', #1996, #587, #764 ) ;
#1811 = CONICAL_SURFACE ( 'NONE', #1613, 1.524999999999998579, 0.7853981633974452814 ) ;
#1812 = VERTEX_POINT ( 'NONE', #1837 ) ;
#1813 = DIRECTION ( 'NONE',  ( 0.000000000000000000, -1.000000000000000000, 0.000000000000000000 ) ) ;
#1814 = EDGE_CURVE ( 'NONE', #614, #630, #1976, .T. ) ;
#1815 = CARTESIAN_POINT ( 'NONE',  ( 29.40000000000000213, 0.000000000000000000, 1.800230794746609518E-15 ) ) ;
#1816 = FACE_BOUND ( 'NONE', #642, .T. ) ;
#1817 = VERTEX_POINT ( 'NONE', #1072 ) ;
#1818 = CARTESIAN_POINT ( 'NONE',  ( -19.51446836517997241, 0.000000000000000000, -56.55462425323317177 ) ) ;
#1819 = AXIS2_PLACEMENT_3D ( 'NONE', #75, #858, #704 ) ;
#1820 = CIRCLE ( 'NONE', #542, 1.249999999999987121 ) ;
#1821 = AXIS2_PLACEMENT_3D ( 'NONE', #118, #583, #1199 ) ;
#1822 = ORIENTED_EDGE ( 'NONE', *, *, #187, .F. ) ;
#1823 = CARTESIAN_POINT ( 'NONE',  ( -11.60000000000000142, 3.250000000000000000, -27.50000000000000000 ) ) ;
#1824 = AXIS2_PLACEMENT_3D ( 'NONE', #120, #1543, #156 ) ;
#1825 = DIRECTION ( 'NONE',  ( 0.000000000000000000, -1.000000000000000000, 0.000000000000000000 ) ) ;
#1826 = CARTESIAN_POINT ( 'NONE',  ( 0.000000000000000000, 4.000000000000000000, 0.000000000000000000 ) ) ;
#1827 = DIRECTION ( 'NONE',  ( -0.000000000000000000, -1.000000000000000000, -0.000000000000000000 ) ) ;
#1828 = EDGE_LOOP ( 'NONE', ( #108, #604 ) ) ;
#1829 = DIRECTION ( 'NONE',  ( 0.000000000000000000, 0.000000000000000000, 1.000000000000000000 ) ) ;
#1830 = VERTEX_POINT ( 'NONE', #574 ) ;
#1831 = AXIS2_PLACEMENT_3D ( 'NONE', #1232, #465, #930 ) ;
#1832 = CIRCLE ( 'NONE', #1009, 1.249999999999987121 ) ;
#1833 = VERTEX_POINT ( 'NONE', #1038 ) ;
#1834 = DIRECTION ( 'NONE',  ( 0.000000000000000000, 0.000000000000000000, -1.000000000000000000 ) ) ;
#1835 = CARTESIAN_POINT ( 'NONE',  ( 14.70000000000000107, 3.250000000000000000, 9.001153973733047589E-16 ) ) ;
#1836 = ORIENTED_EDGE ( 'NONE', *, *, #1144, .F. ) ;
#1837 = CARTESIAN_POINT ( 'NONE',  ( 68.85518452253798216, 2.000000000000000000, -41.34000712926829380 ) ) ;
#1838 = CARTESIAN_POINT ( 'NONE',  ( 74.79270315824507520, 3.500000000000008438, -40.47636805498363799 ) ) ;
#1839 = ORIENTED_EDGE ( 'NONE', *, *, #126, .T. ) ;
#1840 = CARTESIAN_POINT ( 'NONE',  ( 0.000000000000000000, 3.724999999999988542, 0.000000000000000000 ) ) ;
#1841 = EDGE_CURVE ( 'NONE', #145, #754, #270, .T. ) ;
#1842 = ORIENTED_EDGE ( 'NONE', *, *, #603, .T. ) ;
#1843 = AXIS2_PLACEMENT_3D ( 'NONE', #224, #847, #74 ) ;
#1844 = VERTEX_POINT ( 'NONE', #131 ) ;
#1845 = DIRECTION ( 'NONE',  ( 0.000000000000000000, -1.000000000000000000, 0.000000000000000000 ) ) ;
#1846 = VERTEX_POINT ( 'NONE', #922 ) ;
#1847 = CYLINDRICAL_SURFACE ( 'NONE', #1673, 1.249999999999994227 ) ;
#1848 = AXIS2_PLACEMENT_3D ( 'NONE', #1835, #1845, #594 ) ;
#1849 = LINE ( 'NONE', #448, #326 ) ;
#1850 = ADVANCED_FACE ( 'NONE', ( #319 ), #1506, .F. ) ;
#1851 = ORIENTED_EDGE ( 'NONE', *, *, #355, .F. ) ;
#1852 = LINE ( 'NONE', #1534, #114 ) ;
#1853 = ORIENTED_EDGE ( 'NONE', *, *, #1200, .T. ) ;
#1854 = FACE_BOUND ( 'NONE', #1796, .T. ) ;
#1855 = ORIENTED_EDGE ( 'NONE', *, *, #1473, .F. ) ;
#1856 = AXIS2_PLACEMENT_3D ( 'NONE', #1741, #330, #1760 ) ;
#1857 = CARTESIAN_POINT ( 'NONE',  ( -0.6635069208641309890, 4.000000000000000000, 4.000000000000000000 ) ) ;
#1858 = DIRECTION ( 'NONE',  ( 0.1439398457141105869, -0.000000000000000000, -0.9895864392845115098 ) ) ;
#1859 = DIRECTION ( 'NONE',  ( -0.000000000000000000, -1.000000000000000000, -0.000000000000000000 ) ) ;
#1860 = CARTESIAN_POINT ( 'NONE',  ( 4.644548446049008739, 4.000000000000000000, -4.000000000000000000 ) ) ;
#1861 = VECTOR ( 'NONE', #1400, 1000.000000000000000 ) ;
#1862 = VERTEX_POINT ( 'NONE', #740 ) ;
#1863 = LINE ( 'NONE', #1999, #561 ) ;
#1864 =( LENGTH_UNIT ( ) NAMED_UNIT ( * ) SI_UNIT ( .MILLI., .METRE. ) );
#1865 = ORIENTED_EDGE ( 'NONE', *, *, #558, .F. ) ;
#1866 = FACE_OUTER_BOUND ( 'NONE', #1487, .T. ) ;
#1867 = ORIENTED_EDGE ( 'NONE', *, *, #1021, .T. ) ;
#1868 = EDGE_CURVE ( 'NONE', #1552, #176, #1354, .T. ) ;
#1869 = DIRECTION ( 'NONE',  ( -1.000000000000000000, -0.000000000000000000, -7.212991720404867796E-17 ) ) ;
#1870 = CARTESIAN_POINT ( 'NONE',  ( 29.40000000000000213, 3.250000000000000000, 2.500000000000003997 ) ) ;
#1871 = CARTESIAN_POINT ( 'NONE',  ( -23.39013959210928917, 2.000000000000000000, -45.15888599034044404 ) ) ;
#1872 = LINE ( 'NONE', #1087, #1026 ) ;
#1873 = ORIENTED_EDGE ( 'NONE', *, *, #251, .T. ) ;
#1874 = DIRECTION ( 'NONE',  ( -0.000000000000000000, 1.000000000000000000, -0.000000000000000000 ) ) ;
#1875 = CARTESIAN_POINT ( 'NONE',  ( 60.80000000000000426, 3.250000000000000000, -16.25000000000000711 ) ) ;
#1876 = EDGE_CURVE ( 'NONE', #1448, #1107, #581, .T. ) ;
#1877 = ORIENTED_EDGE ( 'NONE', *, *, #988, .F. ) ;
#1878 = LINE ( 'NONE', #184, #1604 ) ;
#1879 = EDGE_CURVE ( 'NONE', #106, #1107, #831, .T. ) ;
#1880 = EDGE_LOOP ( 'NONE', ( #1877, #717, #1765, #195 ) ) ;
#1881 = AXIS2_PLACEMENT_3D ( 'NONE', #824, #215, #333 ) ;
#1882 = ORIENTED_EDGE ( 'NONE', *, *, #1464, .T. ) ;
#1883 = DIRECTION ( 'NONE',  ( -0.9213829087050070532, 5.551115123125782086E-17, 0.3886560633082939975 ) ) ;
#1884 = DIRECTION ( 'NONE',  ( 0.000000000000000000, 0.000000000000000000, 1.000000000000000000 ) ) ;
#1885 = CARTESIAN_POINT ( 'NONE',  ( -26.51473204275406204, 2.220446049250316039E-16, -37.12851102914633117 ) ) ;
#1886 = EDGE_CURVE ( 'NONE', #1614, #227, #667, .T. ) ;
#1887 = CIRCLE ( 'NONE', #1219, 2.500000000000002220 ) ;
#1888 = DIRECTION ( 'NONE',  ( -0.000000000000000000, -1.000000000000000000, -0.000000000000000000 ) ) ;
#1889 = CARTESIAN_POINT ( 'NONE',  ( 44.10000000000000142, 0.000000000000000000, 2.700346192119913882E-15 ) ) ;
#1890 = CARTESIAN_POINT ( 'NONE',  ( 60.80000000000000426, 3.250000000000000000, -11.24999999999998934 ) ) ;
#1891 = ORIENTED_EDGE ( 'NONE', *, *, #942, .T. ) ;
#1892 = AXIS2_PLACEMENT_3D ( 'NONE', #1365, #1827, #895 ) ;
#1893 = ORIENTED_EDGE ( 'NONE', *, *, #291, .T. ) ;
#1894 = CYLINDRICAL_SURFACE ( 'NONE', #1856, 2.500000000000009326 ) ;
#1895 = CARTESIAN_POINT ( 'NONE',  ( -23.20000000000000284, 4.000000000000000000, -59.00000000000000000 ) ) ;
#1896 = CARTESIAN_POINT ( 'NONE',  ( -23.20000000000000284, 3.724999999999988542, -53.75000000000001421 ) ) ;
#1897 = EDGE_CURVE ( 'NONE', #743, #1213, #55, .T. ) ;
#1898 = VECTOR ( 'NONE', #1955, 1000.000000000000114 ) ;
#1899 = DIRECTION ( 'NONE',  ( 0.000000000000000000, 0.000000000000000000, -1.000000000000000000 ) ) ;
#1900 = CARTESIAN_POINT ( 'NONE',  ( 62.79999999999999716, 0.000000000000000000, -29.99999999999999289 ) ) ;
#1901 = CARTESIAN_POINT ( 'NONE',  ( 64.79999999999999716, 3.250000000000000000, -41.25000000000000000 ) ) ;
#1902 = EDGE_CURVE ( 'NONE', #42, #1583, #496, .T. ) ;
#1903 = ORIENTED_EDGE ( 'NONE', *, *, #1343, .F. ) ;
#1904 = CARTESIAN_POINT ( 'NONE',  ( 58.80000000000000426, 0.000000000000000000, -1.250000000000001110 ) ) ;
#1905 = DIRECTION ( 'NONE',  ( -5.114702598701986415E-17, -1.000000000000000000, 2.157474550725202123E-17 ) ) ;
#1906 = VECTOR ( 'NONE', #679, 1000.000000000000000 ) ;
#1907 = CARTESIAN_POINT ( 'NONE',  ( -14.85505014350524000, 2.220446049250316039E-16, -9.487023767996110024 ) ) ;
#1908 = EDGE_CURVE ( 'NONE', #1032, #145, #204, .T. ) ;
#1909 = ORIENTED_EDGE ( 'NONE', *, *, #220, .F. ) ;
#1910 = EDGE_CURVE ( 'NONE', #1846, #313, #848, .T. ) ;
#1911 = CIRCLE ( 'NONE', #1971, 2.499999999999998668 ) ;
#1912 = VERTEX_POINT ( 'NONE', #1743 ) ;
#1913 = DIRECTION ( 'NONE',  ( -0.000000000000000000, -1.000000000000000000, -0.000000000000000000 ) ) ;
#1914 = CARTESIAN_POINT ( 'NONE',  ( 29.40000000000000213, 3.250000000000000000, -2.500000000000000444 ) ) ;
#1915 = VECTOR ( 'NONE', #396, 1000.000000000000000 ) ;
#1916 = CYLINDRICAL_SURFACE ( 'NONE', #346, 2.500000000000009326 ) ;
#1917 = DIRECTION ( 'NONE',  ( -0.000000000000000000, 1.000000000000000000, -0.000000000000000000 ) ) ;
#1918 = ORIENTED_EDGE ( 'NONE', *, *, #1021, .F. ) ;
#1919 = CARTESIAN_POINT ( 'NONE',  ( 0.000000000000000000, 0.000000000000000000, 0.000000000000000000 ) ) ;
#1920 = VERTEX_POINT ( 'NONE', #1579 ) ;
#1921 = CYLINDRICAL_SURFACE ( 'NONE', #1293, 2.500000000000002220 ) ;
#1922 = CARTESIAN_POINT ( 'NONE',  ( -23.20000000000000284, 4.000000000000001776, -55.00000000000000000 ) ) ;
#1923 = CIRCLE ( 'NONE', #741, 1.249999999999987121 ) ;
#1924 = FACE_OUTER_BOUND ( 'NONE', #1880, .T. ) ;
#1925 = LINE ( 'NONE', #1000, #1947 ) ;
#1926 = ORIENTED_EDGE ( 'NONE', *, *, #1316, .T. ) ;
#1927 = ORIENTED_EDGE ( 'NONE', *, *, #843, .T. ) ;
#1928 = CYLINDRICAL_SURFACE ( 'NONE', #844, 2.499999999999995115 ) ;
#1929 = EDGE_CURVE ( 'NONE', #1787, #162, #1588, .T. ) ;
#1930 = DIRECTION ( 'NONE',  ( 0.000000000000000000, 0.000000000000000000, 1.000000000000000000 ) ) ;
#1931 = CARTESIAN_POINT ( 'NONE',  ( 58.80000000000000426, 4.000000000000000000, 0.000000000000000000 ) ) ;
#1932 = CIRCLE ( 'NONE', #1962, 2.499999999999995115 ) ;
#1933 = ORIENTED_EDGE ( 'NONE', *, *, #543, .F. ) ;
#1934 = EDGE_CURVE ( 'NONE', #1990, #1549, #230, .T. ) ;
#1935 = VERTEX_POINT ( 'NONE', #197 ) ;
#1936 = FACE_OUTER_BOUND ( 'NONE', #281, .T. ) ;
#1937 = CARTESIAN_POINT ( 'NONE',  ( 1.530808498934179984E-16, 3.724999999999988542, -1.249999999999987121 ) ) ;
#1938 = DIRECTION ( 'NONE',  ( -0.000000000000000000, 1.000000000000000000, -0.000000000000000000 ) ) ;
#1939 = CIRCLE ( 'NONE', #186, 2.500000000000002220 ) ;
#1940 = ORIENTED_EDGE ( 'NONE', *, *, #974, .T. ) ;
#1941 = CARTESIAN_POINT ( 'NONE',  ( 70.75834575713803076, 4.000000000000000000, -54.42424061714356043 ) ) ;
#1942 = AXIS2_PLACEMENT_3D ( 'NONE', #1159, #391, #1650 ) ;
#1943 = EDGE_LOOP ( 'NONE', ( #919, #1074, #400, #97 ) ) ;
#1944 = DIRECTION ( 'NONE',  ( 0.000000000000000000, 0.000000000000000000, -1.000000000000000000 ) ) ;
#1945 = DIRECTION ( 'NONE',  ( 0.9213829087050071642, 0.000000000000000000, -0.3886560633082939420 ) ) ;
#1946 = CYLINDRICAL_SURFACE ( 'NONE', #1551, 1.249999999999994227 ) ;
#1947 = VECTOR ( 'NONE', #83, 1000.000000000000000 ) ;
#1948 = DIRECTION ( 'NONE',  ( 0.000000000000000000, 0.000000000000000000, -1.000000000000000000 ) ) ;
#1949 = VERTEX_POINT ( 'NONE', #512 ) ;
#1950 = CARTESIAN_POINT ( 'NONE',  ( 58.80000000000000426, 4.000000000000000000, 0.000000000000000000 ) ) ;
#1951 = DIRECTION ( 'NONE',  ( -0.9895864392845115098, 0.000000000000000000, -0.1439398457141105869 ) ) ;
#1952 = AXIS2_PLACEMENT_3D ( 'NONE', #1567, #1429, #1083 ) ;
#1953 = ADVANCED_FACE ( 'NONE', ( #821 ), #658, .F. ) ;
#1954 = ORIENTED_EDGE ( 'NONE', *, *, #1934, .T. ) ;
#1955 = DIRECTION ( 'NONE',  ( 0.9213829087050070532, -0.000000000000000000, -0.3886560633082940530 ) ) ;
#1956 = EDGE_CURVE ( 'NONE', #1256, #910, #1484, .T. ) ;
#1957 = CARTESIAN_POINT ( 'NONE',  ( 62.79999999999999716, 0.000000000000000000, -27.49999999999999645 ) ) ;
#1958 = FACE_BOUND ( 'NONE', #1408, .T. ) ;
#1959 = ORIENTED_EDGE ( 'NONE', *, *, #66, .T. ) ;
#1960 = FACE_OUTER_BOUND ( 'NONE', #1246, .T. ) ;
#1961 = EDGE_CURVE ( 'NONE', #1027, #1817, #367, .T. ) ;
#1962 = AXIS2_PLACEMENT_3D ( 'NONE', #1901, #944, #1563 ) ;
#1963 = VECTOR ( 'NONE', #1393, 1000.000000000000000 ) ;
#1964 = ADVANCED_FACE ( 'NONE', ( #16 ), #1259, .T. ) ;
#1965 = ORIENTED_EDGE ( 'NONE', *, *, #1608, .T. ) ;
#1966 = FACE_OUTER_BOUND ( 'NONE', #1981, .T. ) ;
#1967 = CARTESIAN_POINT ( 'NONE',  ( 29.40000000000000213, 3.250000000000000000, 1.800230794746609518E-15 ) ) ;
#1968 = DIRECTION ( 'NONE',  ( -0.000000000000000000, 1.000000000000000000, -0.000000000000000000 ) ) ;
#1969 = ORIENTED_EDGE ( 'NONE', *, *, #569, .F. ) ;
#1970 = DIRECTION ( 'NONE',  ( 0.000000000000000000, -1.000000000000000000, 0.000000000000000000 ) ) ;
#1971 = AXIS2_PLACEMENT_3D ( 'NONE', #803, #40, #1262 ) ;
#1972 = EDGE_CURVE ( 'NONE', #1151, #829, #1275, .T. ) ;
#1973 = CIRCLE ( 'NONE', #964, 2.499999999999998668 ) ;
#1974 = VERTEX_POINT ( 'NONE', #1731 ) ;
#1975 = DIRECTION ( 'NONE',  ( 0.000000000000000000, -0.000000000000000000, -1.000000000000000000 ) ) ;
#1976 = LINE ( 'NONE', #1715, #1595 ) ;
#1977 = DIRECTION ( 'NONE',  ( -0.3886560633082939975, 0.000000000000000000, -0.9213829087050070532 ) ) ;
#1978 = VERTEX_POINT ( 'NONE', #1569 ) ;
#1979 = DIRECTION ( 'NONE',  ( 0.1439398457141105869, -2.006177025403370566E-33, -0.9895864392845115098 ) ) ;
#1980 = VECTOR ( 'NONE', #216, 1000.000000000000000 ) ;
#1981 = EDGE_LOOP ( 'NONE', ( #1034, #98, #117, #688 ) ) ;
#1982 = VECTOR ( 'NONE', #1869, 1000.000000000000000 ) ;
#1983 = VERTEX_POINT ( 'NONE', #1110 ) ;
#1984 = CYLINDRICAL_SURFACE ( 'NONE', #683, 2.500000000000002220 ) ;
#1985 = DIRECTION ( 'NONE',  ( -0.000000000000000000, -1.000000000000000000, -0.000000000000000000 ) ) ;
#1986 = DIRECTION ( 'NONE',  ( 0.000000000000000000, 0.000000000000000000, -1.000000000000000000 ) ) ;
#1987 = CARTESIAN_POINT ( 'NONE',  ( -0.6635069208641309890, 4.000000000000000000, 4.000000000000000000 ) ) ;
#1988 = EDGE_CURVE ( 'NONE', #101, #1536, #786, .T. ) ;
#1989 = DIRECTION ( 'NONE',  ( -5.114702598701986415E-17, -1.000000000000000000, 2.157474550725202123E-17 ) ) ;
#1990 = VERTEX_POINT ( 'NONE', #647 ) ;
#1991 = LINE ( 'NONE', #1041, #673 ) ;
#1992 = AXIS2_PLACEMENT_3D ( 'NONE', #935, #26, #1249 ) ;
#1993 = ORIENTED_EDGE ( 'NONE', *, *, #592, .T. ) ;
#1994 = CARTESIAN_POINT ( 'NONE',  ( 29.40000000000000213, 3.250000000000000000, 1.800230794746609518E-15 ) ) ;
#1995 = VERTEX_POINT ( 'NONE', #1761 ) ;
#1996 = CARTESIAN_POINT ( 'NONE',  ( 62.79999999999999716, 0.000000000000000000, -27.49999999999999645 ) ) ;
#1997 = DIRECTION ( 'NONE',  ( 0.000000000000000000, 0.000000000000000000, 1.000000000000000000 ) ) ;
#1998 = ORIENTED_EDGE ( 'NONE', *, *, #1193, .F. ) ;
#1999 = CARTESIAN_POINT ( 'NONE',  ( 62.84165424286194934, 4.000000000000000000, -55.57575938285644668 ) ) ;
#2000 = VERTEX_POINT ( 'NONE', #1896 ) ;
#2001 = AXIS2_PLACEMENT_3D ( 'NONE', #297, #323, #940 ) ;
#2002 = CARTESIAN_POINT ( 'NONE',  ( 1.867586368699714066E-16, 4.000000000000001776, -1.525000000000000355 ) ) ;
#2003 = CIRCLE ( 'NONE', #408, 2.999999999999999112 ) ;
#2004 = ORIENTED_EDGE ( 'NONE', *, *, #745, .F. ) ;
#2005 = DIRECTION ( 'NONE',  ( 0.000000000000000000, 0.000000000000000000, -1.000000000000000000 ) ) ;
#2006 = ORIENTED_EDGE ( 'NONE', *, *, #1234, .F. ) ;
#2007 = DIRECTION ( 'NONE',  ( -0.000000000000000000, 1.000000000000000000, -0.000000000000000000 ) ) ;
#2008 = DIRECTION ( 'NONE',  ( 0.000000000000000000, 0.000000000000000000, 1.000000000000000000 ) ) ;
#2009 = ORIENTED_EDGE ( 'NONE', *, *, #241, .T. ) ;
#2010 = CARTESIAN_POINT ( 'NONE',  ( 55.71327912722575348, 4.000000000000000000, -6.568180462857682755 ) ) ;
#2011 = ORIENTED_EDGE ( 'NONE', *, *, #1910, .F. ) ;
#2012 = DIRECTION ( 'NONE',  ( 0.000000000000000000, 0.000000000000000000, 1.000000000000000000 ) ) ;
#2013 = VECTOR ( 'NONE', #1716, 1000.000000000000000 ) ;
ENDSEC;
END-ISO-10303-21;
