ISO-10303-21;
HEADER;
FILE_DESCRIPTION (( 'STEP AP214' ),
    '1' );
FILE_NAME ('Chip Holder.STEP',
    '2026-08-10T21:57:04',
    ( '' ),
    ( '' ),
    'SwSTEP 2.0',
    'SolidWorks 2024',
    '' );
FILE_SCHEMA (( 'AUTOMOTIVE_DESIGN' ));
ENDSEC;

DATA;
#1 = EDGE_LOOP ( 'NONE', ( #2937, #600, #1527, #1984 ) ) ;
#2 = DIRECTION ( 'NONE',  ( -0.3886560633082943306, -0.000000000000000000, -0.9213829087050069422 ) ) ;
#3 = CARTESIAN_POINT ( 'NONE',  ( 20.41165424889249280, 0.7500000000000002220, 37.38032848344725778 ) ) ;
#4 = ORIENTED_EDGE ( 'NONE', *, *, #2789, .F. ) ;
#5 = EDGE_CURVE ( 'NONE', #780, #1386, #674, .T. ) ;
#6 = DIRECTION ( 'NONE',  ( 0.000000000000000000, 0.000000000000000000, -1.000000000000000000 ) ) ;
#7 = EDGE_CURVE ( 'NONE', #2261, #3137, #1003, .T. ) ;
#8 = EDGE_CURVE ( 'NONE', #2451, #2422, #2783, .T. ) ;
#9 = LINE ( 'NONE', #1195, #3657 ) ;
#10 = ORIENTED_EDGE ( 'NONE', *, *, #2294, .F. ) ;
#11 = AXIS2_PLACEMENT_3D ( 'NONE', #2415, #2038, #602 ) ;
#12 = ORIENTED_EDGE ( 'NONE', *, *, #3306, .F. ) ;
#13 = CYLINDRICAL_SURFACE ( 'NONE', #2403, 4.199999999999999289 ) ;
#14 = DIRECTION ( 'NONE',  ( 0.000000000000000000, 1.000000000000000000, 0.000000000000000000 ) ) ;
#15 = EDGE_CURVE ( 'NONE', #1488, #3016, #1235, .T. ) ;
#16 = EDGE_LOOP ( 'NONE', ( #2490, #3486 ) ) ;
#17 = DIRECTION ( 'NONE',  ( 0.000000000000000000, 1.000000000000000000, -0.000000000000000000 ) ) ;
#18 = DIRECTION ( 'NONE',  ( -0.000000000000000000, 1.000000000000000000, -0.000000000000000000 ) ) ;
#19 = CARTESIAN_POINT ( 'NONE',  ( -46.88834575110750791, -5.596194077712567605, -21.74467151655274932 ) ) ;
#20 = EDGE_CURVE ( 'NONE', #619, #468, #550, .T. ) ;
#21 = EDGE_LOOP ( 'NONE', ( #1297, #743, #221, #2866 ) ) ;
#22 = DIRECTION ( 'NONE',  ( 0.000000000000000000, 0.000000000000000000, 1.000000000000000000 ) ) ;
#23 = ORIENTED_EDGE ( 'NONE', *, *, #1184, .T. ) ;
#24 = VECTOR ( 'NONE', #3676, 1000.000000000000000 ) ;
#25 = AXIS2_PLACEMENT_3D ( 'NONE', #1771, #3263, #589 ) ;
#26 = CARTESIAN_POINT ( 'NONE',  ( 35.11165424889249209, 0.000000000000000000, 31.88032848344724712 ) ) ;
#27 = FACE_BOUND ( 'NONE', #243, .T. ) ;
#28 = ORIENTED_EDGE ( 'NONE', *, *, #588, .T. ) ;
#29 = EDGE_LOOP ( 'NONE', ( #414, #849, #1428, #1222 ) ) ;
#30 = DIRECTION ( 'NONE',  ( 0.000000000000000000, 1.000000000000000000, 0.000000000000000000 ) ) ;
#31 = DIRECTION ( 'NONE',  ( 0.000000000000000000, 1.000000000000000000, 0.000000000000000000 ) ) ;
#32 = AXIS2_PLACEMENT_3D ( 'NONE', #164, #1078, #3129 ) ;
#33 = ORIENTED_EDGE ( 'NONE', *, *, #1786, .T. ) ;
#34 = ORIENTED_EDGE ( 'NONE', *, *, #275, .T. ) ;
#35 = DIRECTION ( 'NONE',  ( 0.000000000000000000, 1.000000000000000000, 0.000000000000000000 ) ) ;
#36 = CARTESIAN_POINT ( 'NONE',  ( -35.28834575110749938, 0.7500000000000002220, 7.380328483447256005 ) ) ;
#37 = DIRECTION ( 'NONE',  ( 1.442598344080972573E-16, -0.000000000000000000, 1.000000000000000000 ) ) ;
#38 = EDGE_CURVE ( 'NONE', #3597, #3773, #2714, .T. ) ;
#39 = EDGE_LOOP ( 'NONE', ( #1729, #1933, #1305, #1265 ) ) ;
#40 = CARTESIAN_POINT ( 'NONE',  ( -9.408345751107500377, 7.724400000000000155, -32.47993183372690140 ) ) ;
#41 = ADVANCED_FACE ( 'NONE', ( #3669, #2223 ), #1284, .F. ) ;
#42 = CIRCLE ( 'NONE', #3628, 2.999999999999999112 ) ;
#43 = CARTESIAN_POINT ( 'NONE',  ( -19.04379730505850787, 8.000000000000000000, 30.68032848344725139 ) ) ;
#44 = AXIS2_PLACEMENT_3D ( 'NONE', #1927, #190, #226 ) ;
#45 = CARTESIAN_POINT ( 'NONE',  ( 29.05617405826471611, 8.000000000000000000, 27.88032848344725778 ) ) ;
#46 = CARTESIAN_POINT ( 'NONE',  ( -46.88834575110750791, 4.000000000000000000, -20.11967151655274222 ) ) ;
#47 = EDGE_LOOP ( 'NONE', ( #2792, #2475, #1379, #2673 ) ) ;
#48 = VERTEX_POINT ( 'NONE', #964 ) ;
#49 = EDGE_LOOP ( 'NONE', ( #2400, #1299, #62, #2474 ) ) ;
#50 = AXIS2_PLACEMENT_3D ( 'NONE', #1993, #3179, #257 ) ;
#51 = CARTESIAN_POINT ( 'NONE',  ( -23.68834575110749796, 4.000000000000000000, 34.88032848344725778 ) ) ;
#52 = CIRCLE ( 'NONE', #3273, 2.499999999999995115 ) ;
#53 = DIRECTION ( 'NONE',  ( 0.000000000000000000, 0.000000000000000000, 1.000000000000000000 ) ) ;
#54 = VECTOR ( 'NONE', #3159, 1000.000000000000000 ) ;
#55 = EDGE_LOOP ( 'NONE', ( #1080, #3178, #1940, #556 ) ) ;
#56 = ORIENTED_EDGE ( 'NONE', *, *, #962, .F. ) ;
#57 = DIRECTION ( 'NONE',  ( -0.000000000000000000, -1.000000000000000000, -0.000000000000000000 ) ) ;
#58 = EDGE_CURVE ( 'NONE', #265, #3597, #1835, .T. ) ;
#59 = DIRECTION ( 'NONE',  ( 0.000000000000000000, 0.000000000000000000, -1.000000000000000000 ) ) ;
#60 = DIRECTION ( 'NONE',  ( -0.000000000000000000, 1.000000000000000000, -0.000000000000000000 ) ) ;
#61 = EDGE_CURVE ( 'NONE', #939, #2479, #3350, .T. ) ;
#62 = ORIENTED_EDGE ( 'NONE', *, *, #577, .T. ) ;
#63 = VECTOR ( 'NONE', #986, 1000.000000000000000 ) ;
#64 = DIRECTION ( 'NONE',  ( 0.000000000000000000, 0.000000000000000000, 1.000000000000000000 ) ) ;
#65 = FACE_OUTER_BOUND ( 'NONE', #1991, .T. ) ;
#66 = DIRECTION ( 'NONE',  ( -0.000000000000000000, -1.000000000000000000, -0.000000000000000000 ) ) ;
#67 = EDGE_CURVE ( 'NONE', #820, #3538, #733, .T. ) ;
#68 = DIRECTION ( 'NONE',  ( 0.3886560633082939975, 0.000000000000000000, 0.9213829087050071642 ) ) ;
#69 = ORIENTED_EDGE ( 'NONE', *, *, #1397, .F. ) ;
#70 = EDGE_LOOP ( 'NONE', ( #2167, #2998 ) ) ;
#71 = VERTEX_POINT ( 'NONE', #382 ) ;
#72 = CARTESIAN_POINT ( 'NONE',  ( -35.43079690484199773, -1.000000000000000000, 22.99502876617463087 ) ) ;
#73 = CARTESIAN_POINT ( 'NONE',  ( -46.88834575110750791, 8.000000000000000000, -24.31967151655274151 ) ) ;
#74 = DIRECTION ( 'NONE',  ( 0.000000000000000000, 0.000000000000000000, 1.000000000000000000 ) ) ;
#75 = ORIENTED_EDGE ( 'NONE', *, *, #3798, .T. ) ;
#76 = CARTESIAN_POINT ( 'NONE',  ( 8.091654248892503176, 3.000000000000000000, -9.479931833726903179 ) ) ;
#77 = CARTESIAN_POINT ( 'NONE',  ( 47.48786878357054775, -1.000000000000000000, -7.132597424534507624 ) ) ;
#78 = CARTESIAN_POINT ( 'NONE',  ( 49.24709017245647402, 8.000000000000000000, -19.22724447312524632 ) ) ;
#79 = ORIENTED_EDGE ( 'NONE', *, *, #67, .F. ) ;
#80 = DIRECTION ( 'NONE',  ( 0.000000000000000000, 0.000000000000000000, -1.000000000000000000 ) ) ;
#81 = CARTESIAN_POINT ( 'NONE',  ( 25.59165424889250318, 7.724400000000000155, 12.52006816627309860 ) ) ;
#82 = CARTESIAN_POINT ( 'NONE',  ( 43.11165424889249209, 4.000000000000000000, -20.11967151655274222 ) ) ;
#83 = DIRECTION ( 'NONE',  ( -0.1439398457141108922, 0.000000000000000000, 0.9895864392845113988 ) ) ;
#84 = EDGE_LOOP ( 'NONE', ( #2555, #2738, #3584, #3346 ) ) ;
#85 = VECTOR ( 'NONE', #760, 1000.000000000000000 ) ;
#86 = ORIENTED_EDGE ( 'NONE', *, *, #1590, .T. ) ;
#87 = AXIS2_PLACEMENT_3D ( 'NONE', #144, #1338, #2508 ) ;
#88 = ORIENTED_EDGE ( 'NONE', *, *, #2925, .F. ) ;
#89 = ORIENTED_EDGE ( 'NONE', *, *, #2034, .T. ) ;
#90 = VECTOR ( 'NONE', #441, 1000.000000000000114 ) ;
#91 = EDGE_CURVE ( 'NONE', #3266, #1301, #2166, .T. ) ;
#92 = DIRECTION ( 'NONE',  ( 1.000000000000000000, -0.000000000000000000, -2.305723919698932426E-16 ) ) ;
#93 = AXIS2_PLACEMENT_3D ( 'NONE', #2175, #917, #3283 ) ;
#94 = CARTESIAN_POINT ( 'NONE',  ( -21.21051370114679457, 7.724399999999999267, 17.08318455200686614 ) ) ;
#95 = EDGE_CURVE ( 'NONE', #3327, #48, #1910, .T. ) ;
#96 = ORIENTED_EDGE ( 'NONE', *, *, #2523, .F. ) ;
#97 = CARTESIAN_POINT ( 'NONE',  ( -9.408345751107500377, 3.000000000000000000, -31.47993183372690140 ) ) ;
#98 = CARTESIAN_POINT ( 'NONE',  ( -46.88834575110750791, -9.485281374238578422, -17.11967151655274222 ) ) ;
#99 = CARTESIAN_POINT ( 'NONE',  ( -19.04379730505850787, 8.000000000000000000, 30.68032848344725139 ) ) ;
#100 = ORIENTED_EDGE ( 'NONE', *, *, #2717, .F. ) ;
#101 = DIRECTION ( 'NONE',  ( 0.000000000000000000, 0.000000000000000000, -1.000000000000000000 ) ) ;
#102 = DIRECTION ( 'NONE',  ( 0.000000000000000000, 1.000000000000000000, 0.000000000000000000 ) ) ;
#103 = DIRECTION ( 'NONE',  ( 0.000000000000000000, 0.000000000000000000, -1.000000000000000000 ) ) ;
#104 = FACE_OUTER_BOUND ( 'NONE', #3014, .T. ) ;
#105 = CIRCLE ( 'NONE', #1776, 3.000000000000002665 ) ;
#106 = ORIENTED_EDGE ( 'NONE', *, *, #3401, .F. ) ;
#107 = VERTEX_POINT ( 'NONE', #3651 ) ;
#108 = ORIENTED_EDGE ( 'NONE', *, *, #2049, .T. ) ;
#109 = CARTESIAN_POINT ( 'NONE',  ( -8.988345751107500448, 4.000000000000000000, 37.38032848344725778 ) ) ;
#110 = CARTESIAN_POINT ( 'NONE',  ( -50.75815396766852672, 4.000000000000000000, -18.48731605065791328 ) ) ;
#111 = ORIENTED_EDGE ( 'NONE', *, *, #2046, .F. ) ;
#112 = EDGE_CURVE ( 'NONE', #1221, #830, #433, .T. ) ;
#113 = DIRECTION ( 'NONE',  ( 0.000000000000000000, 1.000000000000000000, 0.000000000000000000 ) ) ;
#114 = CIRCLE ( 'NONE', #2029, 2.500000000000002220 ) ;
#115 = CIRCLE ( 'NONE', #606, 2.500000000000002220 ) ;
#116 = DIRECTION ( 'NONE',  ( 0.000000000000000000, 1.000000000000000000, 0.000000000000000000 ) ) ;
#117 = DIRECTION ( 'NONE',  ( 0.000000000000000000, 1.000000000000000000, 0.000000000000000000 ) ) ;
#118 = VECTOR ( 'NONE', #92, 1000.000000000000000 ) ;
#119 = AXIS2_PLACEMENT_3D ( 'NONE', #2788, #3675, #653 ) ;
#120 = CARTESIAN_POINT ( 'NONE',  ( 27.55723239885652731, -49.51705820019092386, 25.68032848344724428 ) ) ;
#121 = CARTESIAN_POINT ( 'NONE',  ( 1.999859653267532567, 3.999999999999996447, -13.74903511621472418 ) ) ;
#122 = ORIENTED_EDGE ( 'NONE', *, *, #3659, .T. ) ;
#123 = CIRCLE ( 'NONE', #2840, 2.499999999999995115 ) ;
#124 = DIRECTION ( 'NONE',  ( 0.000000000000000000, 0.000000000000000000, 1.000000000000000000 ) ) ;
#125 = EDGE_CURVE ( 'NONE', #2914, #142, #1573, .T. ) ;
#126 = ORIENTED_EDGE ( 'NONE', *, *, #3383, .T. ) ;
#127 = ORIENTED_EDGE ( 'NONE', *, *, #435, .F. ) ;
#128 = EDGE_CURVE ( 'NONE', #1018, #2985, #2227, .T. ) ;
#129 = CARTESIAN_POINT ( 'NONE',  ( -50.75815396766853382, 8.000000000000000000, -18.48731605065790973 ) ) ;
#130 = DIRECTION ( 'NONE',  ( 0.000000000000000000, -1.000000000000000000, 0.000000000000000000 ) ) ;
#131 = ORIENTED_EDGE ( 'NONE', *, *, #2927, .T. ) ;
#132 = LINE ( 'NONE', #716, #2459 ) ;
#133 = LINE ( 'NONE', #3353, #3095 ) ;
#134 = DIRECTION ( 'NONE',  ( 0.000000000000000000, 0.000000000000000000, -1.000000000000000000 ) ) ;
#135 = VECTOR ( 'NONE', #2312, 1000.000000000000000 ) ;
#136 = DIRECTION ( 'NONE',  ( -0.000000000000000000, -1.000000000000000000, -0.000000000000000000 ) ) ;
#137 = EDGE_CURVE ( 'NONE', #1813, #2630, #3034, .T. ) ;
#138 = DIRECTION ( 'NONE',  ( 0.000000000000000000, 0.000000000000000000, 1.000000000000000000 ) ) ;
#139 = EDGE_LOOP ( 'NONE', ( #416, #1359, #965, #1411 ) ) ;
#140 = EDGE_CURVE ( 'NONE', #2394, #2677, #1859, .T. ) ;
#141 = CARTESIAN_POINT ( 'NONE',  ( 39.11165424889249209, 0.7500000000000002220, 7.380328483447255117 ) ) ;
#142 = VERTEX_POINT ( 'NONE', #1304 ) ;
#143 = ORIENTED_EDGE ( 'NONE', *, *, #3445, .F. ) ;
#144 = CARTESIAN_POINT ( 'NONE',  ( 25.59165424889250318, 3.000000000000000000, 13.52006816627309504 ) ) ;
#145 = AXIS2_PLACEMENT_3D ( 'NONE', #3624, #1647, #1313 ) ;
#146 = DIRECTION ( 'NONE',  ( 0.000000000000000000, 0.000000000000000000, 1.000000000000000000 ) ) ;
#147 = ORIENTED_EDGE ( 'NONE', *, *, #3480, .F. ) ;
#148 = DIRECTION ( 'NONE',  ( -0.000000000000000000, -1.000000000000000000, -0.000000000000000000 ) ) ;
#149 = VECTOR ( 'NONE', #372, 1000.000000000000114 ) ;
#150 = DIRECTION ( 'NONE',  ( 0.000000000000000000, 0.000000000000000000, 1.000000000000000000 ) ) ;
#151 = CARTESIAN_POINT ( 'NONE',  ( 25.59165424889250318, 7.724400000000000155, 13.52006816627309504 ) ) ;
#152 = CARTESIAN_POINT ( 'NONE',  ( 41.11165424889248499, 0.7500000000000002220, -6.369671516552745771 ) ) ;
#153 = FACE_OUTER_BOUND ( 'NONE', #2160, .T. ) ;
#154 = ADVANCED_FACE ( 'NONE', ( #3686 ), #2478, .F. ) ;
#155 = EDGE_LOOP ( 'NONE', ( #2996, #12, #3494, #2739 ) ) ;
#156 = AXIS2_PLACEMENT_3D ( 'NONE', #2921, #2056, #848 ) ;
#158 = ORIENTED_EDGE ( 'NONE', *, *, #2581, .F. ) ;
#157 = EDGE_CURVE ( 'NONE', #1467, #770, #3368, .T. ) ;
#159 = LINE ( 'NONE', #3595, #666 ) ;
#160 = VERTEX_POINT ( 'NONE', #2001 ) ;
#161 = ORIENTED_EDGE ( 'NONE', *, *, #2616, .F. ) ;
#162 = AXIS2_PLACEMENT_3D ( 'NONE', #2986, #3805, #268 ) ;
#163 = LINE ( 'NONE', #3148, #1700 ) ;
#164 = CARTESIAN_POINT ( 'NONE',  ( 27.55723239885652731, 0.000000000000000000, 25.68032848344724428 ) ) ;
#165 = EDGE_LOOP ( 'NONE', ( #3761, #1512, #2758, #915 ) ) ;
#166 = LINE ( 'NONE', #3131, #2893 ) ;
#167 = CARTESIAN_POINT ( 'NONE',  ( -28.89930195407344371, 7.724400000000000155, -14.99619498827767927 ) ) ;
#168 = CARTESIAN_POINT ( 'NONE',  ( 8.091654248892503176, 3.000000000000000000, -41.87993183372689998 ) ) ;
#169 = EDGE_CURVE ( 'NONE', #1965, #415, #495, .T. ) ;
#170 = CARTESIAN_POINT ( 'NONE',  ( 25.59165424889250318, 3.000000000000000000, -33.47993183372690140 ) ) ;
#171 = CIRCLE ( 'NONE', #3695, 5.199999999999996625 ) ;
#172 = VECTOR ( 'NONE', #2164, 1000.000000000000000 ) ;
#173 = CARTESIAN_POINT ( 'NONE',  ( -33.26837269215165094, 40.30892466556440468, -11.50225702149602292 ) ) ;
#174 = ADVANCED_FACE ( 'NONE', ( #3149, #1415 ), #3464, .F. ) ;
#175 = EDGE_CURVE ( 'NONE', #2663, #2016, #2387, .T. ) ;
#176 = CIRCLE ( 'NONE', #2280, 2.799999999999990052 ) ;
#177 = ORIENTED_EDGE ( 'NONE', *, *, #2236, .F. ) ;
#178 = CIRCLE ( 'NONE', #2649, 5.000000000000000888 ) ;
#179 = AXIS2_PLACEMENT_3D ( 'NONE', #40, #624, #972 ) ;
#180 = VERTEX_POINT ( 'NONE', #829 ) ;
#181 = FACE_OUTER_BOUND ( 'NONE', #380, .T. ) ;
#182 = AXIS2_PLACEMENT_3D ( 'NONE', #167, #1418, #758 ) ;
#183 = EDGE_CURVE ( 'NONE', #3334, #2503, #219, .T. ) ;
#184 = VERTEX_POINT ( 'NONE', #2531 ) ;
#185 = ORIENTED_EDGE ( 'NONE', *, *, #2221, .T. ) ;
#186 = DIRECTION ( 'NONE',  ( 0.000000000000000000, 0.000000000000000000, 1.000000000000000000 ) ) ;
#187 = EDGE_CURVE ( 'NONE', #2503, #1570, #1983, .T. ) ;
#188 = CARTESIAN_POINT ( 'NONE',  ( -24.35185267197165260, 4.000000000000000000, 39.08032848344725352 ) ) ;
#189 = ORIENTED_EDGE ( 'NONE', *, *, #847, .F. ) ;
#190 = DIRECTION ( 'NONE',  ( -0.000000000000000000, -1.000000000000000000, -0.000000000000000000 ) ) ;
#191 = DIRECTION ( 'NONE',  ( 0.000000000000000000, 0.000000000000000000, 1.000000000000000000 ) ) ;
#192 = CARTESIAN_POINT ( 'NONE',  ( -29.48834575110749867, 0.7500000000000002220, 21.13032848344725778 ) ) ;
#193 = DIRECTION ( 'NONE',  ( 0.000000000000000000, 1.000000000000000000, 0.000000000000000000 ) ) ;
#194 = LINE ( 'NONE', #1383, #2059 ) ;
#195 = DIRECTION ( 'NONE',  ( -0.000000000000000000, -1.000000000000000000, -0.000000000000000000 ) ) ;
#196 = ORIENTED_EDGE ( 'NONE', *, *, #879, .T. ) ;
#197 = CIRCLE ( 'NONE', #692, 1.000000000000000888 ) ;
#198 = ORIENTED_EDGE ( 'NONE', *, *, #58, .F. ) ;
#199 = DIRECTION ( 'NONE',  ( -0.000000000000000000, -1.000000000000000000, -0.000000000000000000 ) ) ;
#200 = ORIENTED_EDGE ( 'NONE', *, *, #230, .T. ) ;
#201 = ORIENTED_EDGE ( 'NONE', *, *, #1830, .F. ) ;
#202 = CARTESIAN_POINT ( 'NONE',  ( -33.58803108743197896, -1.000000000000000000, 22.21771663955804854 ) ) ;
#203 = EDGE_CURVE ( 'NONE', #779, #71, #525, .T. ) ;
#204 = CARTESIAN_POINT ( 'NONE',  ( -33.26837269215165094, 7.724399999999999267, -8.502257021496022915 ) ) ;
#205 = VERTEX_POINT ( 'NONE', #2858 ) ;
#206 = FACE_OUTER_BOUND ( 'NONE', #220, .T. ) ;
#207 = ADVANCED_FACE ( 'NONE', ( #2603 ), #2240, .T. ) ;
#208 = DIRECTION ( 'NONE',  ( -0.000000000000000000, 1.000000000000000000, -0.000000000000000000 ) ) ;
#209 = DIRECTION ( 'NONE',  ( 0.000000000000000000, 1.000000000000000000, 0.000000000000000000 ) ) ;
#210 = EDGE_CURVE ( 'NONE', #1695, #1091, #1943, .T. ) ;
#211 = AXIS2_PLACEMENT_3D ( 'NONE', #173, #621, #2107 ) ;
#212 = CARTESIAN_POINT ( 'NONE',  ( 28.46007881591580713, 3.000000000000000000, 19.47325936616471864 ) ) ;
#213 = CIRCLE ( 'NONE', #87, 0.9999999999999974465 ) ;
#214 = DIRECTION ( 'NONE',  ( 0.000000000000000000, 0.000000000000000000, -1.000000000000000000 ) ) ;
#215 = CARTESIAN_POINT ( 'NONE',  ( -24.35185267197165260, -1.000000000000000000, 35.88032848344725778 ) ) ;
#216 = VERTEX_POINT ( 'NONE', #1138 ) ;
#217 = ORIENTED_EDGE ( 'NONE', *, *, #3442, .F. ) ;
#218 = CARTESIAN_POINT ( 'NONE',  ( -47.09047880409082154, -30.46152820551968077, -4.646458494975587605 ) ) ;
#219 = CIRCLE ( 'NONE', #3380, 3.199999999999987743 ) ;
#220 = EDGE_LOOP ( 'NONE', ( #3407, #431, #927, #3296 ) ) ;
#221 = ORIENTED_EDGE ( 'NONE', *, *, #2642, .T. ) ;
#222 = CARTESIAN_POINT ( 'NONE',  ( 31.82701608826133466, 4.000000000000000000, 28.28336005144677756 ) ) ;
#223 = EDGE_CURVE ( 'NONE', #1433, #3334, #3421, .T. ) ;
#224 = CARTESIAN_POINT ( 'NONE',  ( 43.11165424889249209, -1.000000000000000000, -20.11967151655274222 ) ) ;
#225 = ORIENTED_EDGE ( 'NONE', *, *, #3155, .T. ) ;
#226 = DIRECTION ( 'NONE',  ( 0.000000000000000000, 0.000000000000000000, -1.000000000000000000 ) ) ;
#227 = CIRCLE ( 'NONE', #2208, 2.500000000000002220 ) ;
#228 = CARTESIAN_POINT ( 'NONE',  ( -46.88834575110750791, -5.596194077712567605, -20.11967151655274222 ) ) ;
#229 = FACE_OUTER_BOUND ( 'NONE', #902, .T. ) ;
#230 = EDGE_CURVE ( 'NONE', #3572, #1551, #2199, .T. ) ;
#231 = VECTOR ( 'NONE', #1023, 1000.000000000000000 ) ;
#232 = EDGE_LOOP ( 'NONE', ( #3122, #1491, #1421, #3790 ) ) ;
#233 = FACE_OUTER_BOUND ( 'NONE', #3138, .T. ) ;
#234 = FACE_OUTER_BOUND ( 'NONE', #2100, .T. ) ;
#235 = CARTESIAN_POINT ( 'NONE',  ( -46.88834575110750791, -1.000000000000000000, -21.74467151655274932 ) ) ;
#236 = ORIENTED_EDGE ( 'NONE', *, *, #1979, .F. ) ;
#237 = ORIENTED_EDGE ( 'NONE', *, *, #747, .F. ) ;
#238 = CIRCLE ( 'NONE', #1609, 2.499999999999995115 ) ;
#239 = ORIENTED_EDGE ( 'NONE', *, *, #574, .F. ) ;
#240 = PLANE ( 'NONE',  #3271 ) ;
#241 = VECTOR ( 'NONE', #3197, 1000.000000000000000 ) ;
#242 = CARTESIAN_POINT ( 'NONE',  ( 45.50869590500152384, 4.000000000000000000, -7.420477115962709647 ) ) ;
#243 = EDGE_LOOP ( 'NONE', ( #2764, #785 ) ) ;
#244 = VERTEX_POINT ( 'NONE', #769 ) ;
#245 = DIRECTION ( 'NONE',  ( 0.000000000000000000, 0.000000000000000000, 1.000000000000000000 ) ) ;
#246 = DIRECTION ( 'NONE',  ( -0.000000000000000000, 1.000000000000000000, -0.000000000000000000 ) ) ;
#247 = AXIS2_PLACEMENT_3D ( 'NONE', #948, #2126, #1839 ) ;
#248 = VERTEX_POINT ( 'NONE', #204 ) ;
#249 = CARTESIAN_POINT ( 'NONE',  ( -46.88834575110750791, -1.000000000000000000, -26.31967151655274151 ) ) ;
#250 = LINE ( 'NONE', #2005, #3693 ) ;
#251 = DIRECTION ( 'NONE',  ( 0.3886560633082938310, 0.000000000000000000, 0.9213829087050071642 ) ) ;
#252 = DIRECTION ( 'NONE',  ( 0.000000000000000000, 1.000000000000000000, 0.000000000000000000 ) ) ;
#253 = CARTESIAN_POINT ( 'NONE',  ( -43.01853753454647489, 4.000000000000000000, -21.75202698244758182 ) ) ;
#254 = CARTESIAN_POINT ( 'NONE',  ( -32.81071896081540018, -30.46152820551968077, 24.06048245696806021 ) ) ;
#255 = ORIENTED_EDGE ( 'NONE', *, *, #3608, .F. ) ;
#256 = ORIENTED_EDGE ( 'NONE', *, *, #2753, .F. ) ;
#257 = DIRECTION ( 'NONE',  ( 0.000000000000000000, -0.000000000000000000, 1.000000000000000000 ) ) ;
#258 = ADVANCED_FACE ( 'NONE', ( #1378 ), #2260, .F. ) ;
#259 = CARTESIAN_POINT ( 'NONE',  ( 41.11165424889248499, 0.7500000000000002220, -8.869671516552740442 ) ) ;
#260 = ADVANCED_FACE ( 'NONE', ( #3112 ), #3441, .T. ) ;
#261 = ORIENTED_EDGE ( 'NONE', *, *, #3244, .T. ) ;
#262 = VERTEX_POINT ( 'NONE', #449 ) ;
#263 = DIRECTION ( 'NONE',  ( -0.000000000000000000, 1.000000000000000000, -0.000000000000000000 ) ) ;
#264 = DIRECTION ( 'NONE',  ( 1.000000000000000000, 0.000000000000000000, 5.743601251035592003E-16 ) ) ;
#265 = VERTEX_POINT ( 'NONE', #2544 ) ;
#266 = DIRECTION ( 'NONE',  ( -0.000000000000000000, -1.000000000000000000, -0.000000000000000000 ) ) ;
#267 = FACE_OUTER_BOUND ( 'NONE', #3623, .T. ) ;
#268 = DIRECTION ( 'NONE',  ( 0.000000000000000000, 0.000000000000000000, 1.000000000000000000 ) ) ;
#269 = CARTESIAN_POINT ( 'NONE',  ( -23.68834575110749796, -1.000000000000000000, 34.88032848344725778 ) ) ;
#270 = DIRECTION ( 'NONE',  ( 0.000000000000000000, -0.000000000000000000, 1.000000000000000000 ) ) ;
#271 = CIRCLE ( 'NONE', #2869, 1.625000000000001332 ) ;
#272 = VERTEX_POINT ( 'NONE', #3724 ) ;
#273 = AXIS2_PLACEMENT_3D ( 'NONE', #1625, #732, #2796 ) ;
#274 = LINE ( 'NONE', #218, #863 ) ;
#275 = EDGE_CURVE ( 'NONE', #2506, #1181, #1963, .T. ) ;
#276 = VECTOR ( 'NONE', #3360, 1000.000000000000000 ) ;
#277 = DIRECTION ( 'NONE',  ( 0.000000000000000000, 0.000000000000000000, 1.000000000000000000 ) ) ;
#278 = EDGE_CURVE ( 'NONE', #1392, #1502, #1024, .T. ) ;
#279 = VERTEX_POINT ( 'NONE', #2279 ) ;
#280 = DIRECTION ( 'NONE',  ( 0.000000000000000000, 0.000000000000000000, 1.000000000000000000 ) ) ;
#281 = DIRECTION ( 'NONE',  ( 0.000000000000000000, 1.000000000000000000, 0.000000000000000000 ) ) ;
#282 = ORIENTED_EDGE ( 'NONE', *, *, #851, .F. ) ;
#283 = DIRECTION ( 'NONE',  ( -0.000000000000000000, -1.000000000000000000, -0.000000000000000000 ) ) ;
#284 = DIRECTION ( 'NONE',  ( -0.000000000000000000, -1.000000000000000000, -0.000000000000000000 ) ) ;
#285 = CARTESIAN_POINT ( 'NONE',  ( -35.28834575110749938, 0.7500000000000002220, 9.880328483447257781 ) ) ;
#286 = CARTESIAN_POINT ( 'NONE',  ( -32.35616510584124939, 40.30892466556440468, -8.644307175981280622 ) ) ;
#287 = FACE_BOUND ( 'NONE', #1615, .T. ) ;
#288 = AXIS2_PLACEMENT_3D ( 'NONE', #794, #3490, #2569 ) ;
#289 = ORIENTED_EDGE ( 'NONE', *, *, #2362, .F. ) ;
#290 = EDGE_CURVE ( 'NONE', #1177, #944, #1523, .T. ) ;
#291 = ORIENTED_EDGE ( 'NONE', *, *, #2119, .F. ) ;
#292 = CARTESIAN_POINT ( 'NONE',  ( -41.08834575110751075, 0.7500000000000002220, -6.369671516552744883 ) ) ;
#293 = ADVANCED_FACE ( 'NONE', ( #2358 ), #3212, .T. ) ;
#294 = EDGE_CURVE ( 'NONE', #1888, #1074, #1507, .T. ) ;
#295 = CARTESIAN_POINT ( 'NONE',  ( 41.11165424889248499, 4.000000000000000000, -3.869671516552750656 ) ) ;
#296 = AXIS2_PLACEMENT_3D ( 'NONE', #958, #2391, #3299 ) ;
#297 = VECTOR ( 'NONE', #1351, 999.9999999999998863 ) ;
#298 = EDGE_CURVE ( 'NONE', #3251, #1324, #821, .T. ) ;
#299 = DIRECTION ( 'NONE',  ( 0.000000000000000000, 0.000000000000000000, -1.000000000000000000 ) ) ;
#300 = VECTOR ( 'NONE', #2477, 1000.000000000000000 ) ;
#301 = CARTESIAN_POINT ( 'NONE',  ( 35.11165424889249209, 0.000000000000000000, 34.88032848344725068 ) ) ;
#302 = AXIS2_PLACEMENT_3D ( 'NONE', #3314, #117, #1311 ) ;
#303 = ORIENTED_EDGE ( 'NONE', *, *, #1011, .F. ) ;
#304 = DIRECTION ( 'NONE',  ( -0.000000000000000000, -1.000000000000000000, -0.000000000000000000 ) ) ;
#305 = ADVANCED_FACE ( 'NONE', ( #3817, #3571, #2675, #2318, #2042, #2942, #870, #317, #3504, #27, #610, #1214, #3232, #2393 ), #3799, .F. ) ;
#306 = DIRECTION ( 'NONE',  ( -0.000000000000000000, -1.000000000000000000, -0.000000000000000000 ) ) ;
#307 = AXIS2_PLACEMENT_3D ( 'NONE', #3748, #3468, #2244 ) ;
#308 = CARTESIAN_POINT ( 'NONE',  ( 43.50883625173388936, -30.46152820551968077, 6.328558000252208160 ) ) ;
#309 = LINE ( 'NONE', #3294, #1760 ) ;
#310 = CARTESIAN_POINT ( 'NONE',  ( 5.711654248892495289, 0.7500000000000002220, 34.88032848344725778 ) ) ;
#311 = VERTEX_POINT ( 'NONE', #3250 ) ;
#312 = FACE_OUTER_BOUND ( 'NONE', #1532, .T. ) ;
#313 = DIRECTION ( 'NONE',  ( 0.000000000000000000, 0.000000000000000000, -1.000000000000000000 ) ) ;
#314 = EDGE_LOOP ( 'NONE', ( #1095, #508 ) ) ;
#315 = ADVANCED_FACE ( 'NONE', ( #2995 ), #921, .T. ) ;
#316 = FACE_OUTER_BOUND ( 'NONE', #1032, .T. ) ;
#317 = FACE_BOUND ( 'NONE', #434, .T. ) ;
#318 = EDGE_LOOP ( 'NONE', ( #730, #2353, #1919, #3109, #613, #1635, #2242, #3110, #880, #1197, #1391, #655, #2969, #1643, #1800, #3060, #3462, #1113, #1282, #3422, #2710, #1639, #3002, #261, #1831, #503 ) ) ;
#319 = VECTOR ( 'NONE', #2012, 1000.000000000000000 ) ;
#320 = ORIENTED_EDGE ( 'NONE', *, *, #1833, .F. ) ;
#321 = EDGE_LOOP ( 'NONE', ( #3404, #1100, #1257, #3545 ) ) ;
#322 = DIRECTION ( 'NONE',  ( -0.9526499485049144678, 0.000000000000000000, 0.3040691954368012206 ) ) ;
#323 = EDGE_CURVE ( 'NONE', #184, #3612, #3285, .T. ) ;
#324 = PLANE ( 'NONE',  #981 ) ;
#325 = ORIENTED_EDGE ( 'NONE', *, *, #3211, .F. ) ;
#326 = ORIENTED_EDGE ( 'NONE', *, *, #2547, .T. ) ;
#327 = EDGE_CURVE ( 'NONE', #1551, #3572, #1807, .T. ) ;
#328 = LINE ( 'NONE', #909, #1599 ) ;
#329 = DIRECTION ( 'NONE',  ( 0.000000000000000000, 0.000000000000000000, 1.000000000000000000 ) ) ;
#330 = UNCERTAINTY_MEASURE_WITH_UNIT (LENGTH_MEASURE( 1.000000000000000082E-05 ), #1190, 'distance_accuracy_value', 'NONE');
#331 = FACE_OUTER_BOUND ( 'NONE', #1408, .T. ) ;
#332 = ORIENTED_EDGE ( 'NONE', *, *, #137, .F. ) ;
#333 = CARTESIAN_POINT ( 'NONE',  ( 42.88179372071899564, 8.000000000000000000, 24.53416863256988734 ) ) ;
#334 = DIRECTION ( 'NONE',  ( -1.000000000000000000, -0.000000000000000000, 1.150183614340680878E-16 ) ) ;
#335 = CIRCLE ( 'NONE', #3731, 2.500000000000002220 ) ;
#336 = FACE_OUTER_BOUND ( 'NONE', #2121, .T. ) ;
#337 = DIRECTION ( 'NONE',  ( 0.000000000000000000, 1.000000000000000000, 0.000000000000000000 ) ) ;
#338 = VERTEX_POINT ( 'NONE', #1455 ) ;
#339 = ORIENTED_EDGE ( 'NONE', *, *, #2661, .F. ) ;
#340 = LINE ( 'NONE', #3234, #544 ) ;
#341 = ADVANCED_FACE ( 'NONE', ( #1490 ), #900, .T. ) ;
#342 = LINE ( 'NONE', #1834, #2964 ) ;
#343 = AXIS2_PLACEMENT_3D ( 'NONE', #2564, #809, #789 ) ;
#344 = ORIENTED_EDGE ( 'NONE', *, *, #1703, .T. ) ;
#345 = ORIENTED_EDGE ( 'NONE', *, *, #128, .T. ) ;
#346 = CARTESIAN_POINT ( 'NONE',  ( 47.19998909214232441, 3.999999999999996447, -5.153424545965473946 ) ) ;
#347 = CARTESIAN_POINT ( 'NONE',  ( -9.408345751107500377, 7.724400000000000155, 12.52006816627309504 ) ) ;
#348 = ADVANCED_FACE ( 'NONE', ( #1180 ), #2335, .F. ) ;
#349 = DIRECTION ( 'NONE',  ( 0.000000000000000000, -0.000000000000000000, 1.000000000000000000 ) ) ;
#350 = EDGE_LOOP ( 'NONE', ( #196, #3246 ) ) ;
#351 = CARTESIAN_POINT ( 'NONE',  ( 43.11165424889249209, 8.000000000000000000, -20.11967151655274222 ) ) ;
#352 = CARTESIAN_POINT ( 'NONE',  ( -29.48834575110749867, 4.000000000000000000, 23.63032848344726133 ) ) ;
#353 = CIRCLE ( 'NONE', #1096, 2.500000000000002220 ) ;
#354 = DIRECTION ( 'NONE',  ( 0.000000000000000000, 1.000000000000000000, 0.000000000000000000 ) ) ;
#355 = ORIENTED_EDGE ( 'NONE', *, *, #1176, .T. ) ;
#356 = ORIENTED_EDGE ( 'NONE', *, *, #3409, .F. ) ;
#357 = ORIENTED_EDGE ( 'NONE', *, *, #2932, .F. ) ;
#358 = AXIS2_PLACEMENT_3D ( 'NONE', #592, #2397, #2021 ) ;
#359 = CARTESIAN_POINT ( 'NONE',  ( -19.04379730505850787, 8.000000000000000000, 30.68032848344725139 ) ) ;
#360 = CIRCLE ( 'NONE', #860, 2.500000000000002220 ) ;
#361 = CARTESIAN_POINT ( 'NONE',  ( 39.11165424889249209, 4.000000000000000000, 7.380328483447255117 ) ) ;
#362 = AXIS2_PLACEMENT_3D ( 'NONE', #1780, #1498, #270 ) ;
#363 = AXIS2_PLACEMENT_3D ( 'NONE', #843, #3811, #3534 ) ;
#364 = CARTESIAN_POINT ( 'NONE',  ( 47.48786878357054775, -30.46152820551968077, -7.132597424534496078 ) ) ;
#365 = VECTOR ( 'NONE', #1260, 1000.000000000000000 ) ;
#366 = ORIENTED_EDGE ( 'NONE', *, *, #875, .F. ) ;
#367 = LINE ( 'NONE', #3653, #231 ) ;
#368 = DIRECTION ( 'NONE',  ( 0.000000000000000000, 0.000000000000000000, -1.000000000000000000 ) ) ;
#369 = CARTESIAN_POINT ( 'NONE',  ( -23.68834575110749796, 0.000000000000000000, 34.88032848344725778 ) ) ;
#370 = ORIENTED_EDGE ( 'NONE', *, *, #879, .F. ) ;
#371 = DIRECTION ( 'NONE',  ( -0.000000000000000000, -1.000000000000000000, -0.000000000000000000 ) ) ;
#372 = DIRECTION ( 'NONE',  ( -0.9895864392845120650, 0.000000000000000000, -0.1439398457141062848 ) ) ;
#373 = CARTESIAN_POINT ( 'NONE',  ( 35.11165424889249209, 0.000000000000000000, 34.88032848344725068 ) ) ;
#374 = ADVANCED_FACE ( 'NONE', ( #885 ), #590, .F. ) ;
#375 = CARTESIAN_POINT ( 'NONE',  ( -46.31316667747424276, -30.46152820551968077, -2.803692677565562619 ) ) ;
#376 = EDGE_CURVE ( 'NONE', #3266, #3334, #9, .T. ) ;
#377 = ORIENTED_EDGE ( 'NONE', *, *, #2777, .F. ) ;
#378 = ORIENTED_EDGE ( 'NONE', *, *, #832, .T. ) ;
#379 = ORIENTED_EDGE ( 'NONE', *, *, #1449, .T. ) ;
#380 = EDGE_LOOP ( 'NONE', ( #486, #326, #2812, #2722 ) ) ;
#381 = CYLINDRICAL_SURFACE ( 'NONE', #2342, 2.000000000000001776 ) ;
#382 = CARTESIAN_POINT ( 'NONE',  ( -46.88834575110750791, 0.000000000000000000, -17.11967151655274222 ) ) ;
#383 = ORIENTED_EDGE ( 'NONE', *, *, #230, .F. ) ;
#384 = DIRECTION ( 'NONE',  ( -0.000000000000000000, 1.000000000000000000, -0.000000000000000000 ) ) ;
#385 = CARTESIAN_POINT ( 'NONE',  ( -21.62366944943251923, 4.000000000000000000, 28.96856546071047944 ) ) ;
#386 = CARTESIAN_POINT ( 'NONE',  ( -52.60091978507854549, -1.000000000000000000, -17.71000392404132384 ) ) ;
#387 = EDGE_LOOP ( 'NONE', ( #708, #2292 ) ) ;
#388 = CARTESIAN_POINT ( 'NONE',  ( -17.58408207915739396, 8.000000000000000000, 25.68032848344724428 ) ) ;
#389 = FACE_BOUND ( 'NONE', #1434, .T. ) ;
#390 = CARTESIAN_POINT ( 'NONE',  ( -24.35185267197165260, -1.000000000000000000, 41.08032848344725352 ) ) ;
#391 = CARTESIAN_POINT ( 'NONE',  ( 43.11165424889249209, 8.000000000000000000, -20.11967151655274222 ) ) ;
#392 = EDGE_CURVE ( 'NONE', #3020, #1249, #2987, .T. ) ;
#393 = ORIENTED_EDGE ( 'NONE', *, *, #657, .F. ) ;
#394 = AXIS2_PLACEMENT_3D ( 'NONE', #1109, #3472, #1989 ) ;
#395 = VECTOR ( 'NONE', #263, 1000.000000000000000 ) ;
#396 = ORIENTED_EDGE ( 'NONE', *, *, #935, .T. ) ;
#397 = ORIENTED_EDGE ( 'NONE', *, *, #3321, .T. ) ;
#398 = CIRCLE ( 'NONE', #1144, 4.199999999999999289 ) ;
#399 = DIRECTION ( 'NONE',  ( -0.000000000000000000, -1.000000000000000000, -0.000000000000000000 ) ) ;
#400 = AXIS2_PLACEMENT_3D ( 'NONE', #1847, #1826, #3033 ) ;
#401 = DIRECTION ( 'NONE',  ( 0.000000000000000000, -1.000000000000000000, 0.000000000000000000 ) ) ;
#402 = ORIENTED_EDGE ( 'NONE', *, *, #1476, .F. ) ;
#403 = CARTESIAN_POINT ( 'NONE',  ( -33.26837269215165094, 3.000000000000002665, -11.50225702149602292 ) ) ;
#404 = DIRECTION ( 'NONE',  ( 0.000000000000000000, 0.000000000000000000, 1.000000000000000000 ) ) ;
#405 = DIRECTION ( 'NONE',  ( 0.9213829087050069422, 0.000000000000000000, -0.3886560633082946081 ) ) ;
#406 = CARTESIAN_POINT ( 'NONE',  ( -27.30027797982767623, 4.000000000000000000, 37.12402788603378667 ) ) ;
#407 = DIRECTION ( 'NONE',  ( 0.000000000000000000, 0.000000000000000000, -1.000000000000000000 ) ) ;
#408 = EDGE_CURVE ( 'NONE', #2232, #961, #1002, .T. ) ;
#409 = DIRECTION ( 'NONE',  ( 0.000000000000000000, 1.000000000000000000, 0.000000000000000000 ) ) ;
#410 = EDGE_CURVE ( 'NONE', #807, #1965, #1322, .T. ) ;
#411 = EDGE_CURVE ( 'NONE', #1920, #1433, #1133, .T. ) ;
#412 = PLANE ( 'NONE',  #1906 ) ;
#413 = VECTOR ( 'NONE', #1724, 1000.000000000000000 ) ;
#414 = ORIENTED_EDGE ( 'NONE', *, *, #1220, .F. ) ;
#415 = VERTEX_POINT ( 'NONE', #295 ) ;
#416 = ORIENTED_EDGE ( 'NONE', *, *, #1944, .T. ) ;
#417 = DIRECTION ( 'NONE',  ( 0.000000000000000000, 1.000000000000000000, 0.000000000000000000 ) ) ;
#418 = DIRECTION ( 'NONE',  ( 0.000000000000000000, 1.000000000000000000, 0.000000000000000000 ) ) ;
#419 = VERTEX_POINT ( 'NONE', #242 ) ;
#420 = EDGE_CURVE ( 'NONE', #970, #1509, #1753, .T. ) ;
#421 = DIRECTION ( 'NONE',  ( 0.3886560633082937199, 0.000000000000000000, 0.9213829087050071642 ) ) ;
#422 = VECTOR ( 'NONE', #195, 1000.000000000000000 ) ;
#423 = AXIS2_PLACEMENT_3D ( 'NONE', #1622, #2118, #1636 ) ;
#424 = CARTESIAN_POINT ( 'NONE',  ( -17.33625374393658447, 7.724400000000000155, 12.94599559103337327 ) ) ;
#425 = CARTESIAN_POINT ( 'NONE',  ( 43.11165424889249209, 4.000000000000000000, -20.11967151655274222 ) ) ;
#426 = CARTESIAN_POINT ( 'NONE',  ( 47.26791729388745011, 8.000000000000000000, -19.51512416455346965 ) ) ;
#427 = DIRECTION ( 'NONE',  ( 0.000000000000000000, 1.000000000000000000, 0.000000000000000000 ) ) ;
#428 = ORIENTED_EDGE ( 'NONE', *, *, #128, .F. ) ;
#429 = CIRCLE ( 'NONE', #247, 1.000000000000000888 ) ;
#430 = FACE_OUTER_BOUND ( 'NONE', #582, .T. ) ;
#431 = ORIENTED_EDGE ( 'NONE', *, *, #3047, .T. ) ;
#432 = FACE_OUTER_BOUND ( 'NONE', #3777, .T. ) ;
#433 = LINE ( 'NONE', #2725, #63 ) ;
#434 = EDGE_LOOP ( 'NONE', ( #1371, #645 ) ) ;
#435 = EDGE_CURVE ( 'NONE', #3506, #2663, #567, .T. ) ;
#436 = DIRECTION ( 'NONE',  ( 0.3886560633082937199, 0.000000000000000000, 0.9213829087050071642 ) ) ;
#437 = CARTESIAN_POINT ( 'NONE',  ( 5.711654248892495289, 0.7500000000000002220, 37.38032848344725778 ) ) ;
#438 = DIRECTION ( 'NONE',  ( -0.000000000000000000, -1.000000000000000000, -0.000000000000000000 ) ) ;
#439 = EDGE_CURVE ( 'NONE', #1767, #1200, #197, .T. ) ;
#440 = FACE_OUTER_BOUND ( 'NONE', #2542, .T. ) ;
#441 = DIRECTION ( 'NONE',  ( -0.1439398457141110310, -0.000000000000000000, 0.9895864392845113988 ) ) ;
#442 = ORIENTED_EDGE ( 'NONE', *, *, #540, .F. ) ;
#443 = VERTEX_POINT ( 'NONE', #2934 ) ;
#444 = DIRECTION ( 'NONE',  ( 0.000000000000000000, 1.000000000000000000, 0.000000000000000000 ) ) ;
#445 = ORIENTED_EDGE ( 'NONE', *, *, #58, .T. ) ;
#446 = ORIENTED_EDGE ( 'NONE', *, *, #2734, .F. ) ;
#447 = DIRECTION ( 'NONE',  ( 0.000000000000000000, 0.000000000000000000, 1.000000000000000000 ) ) ;
#448 = VECTOR ( 'NONE', #18, 1000.000000000000000 ) ;
#449 = CARTESIAN_POINT ( 'NONE',  ( 41.19050053357819507, -1.000000000000000000, 22.26711606257264719 ) ) ;
#450 = EDGE_CURVE ( 'NONE', #807, #1189, #1175, .T. ) ;
#451 = CIRCLE ( 'NONE', #1272, 2.500000000000002220 ) ;
#452 = ORIENTED_EDGE ( 'NONE', *, *, #945, .F. ) ;
#453 = EDGE_CURVE ( 'NONE', #1502, #1488, #1487, .T. ) ;
#454 = DIRECTION ( 'NONE',  ( -0.000000000000000000, 1.000000000000000000, -0.000000000000000000 ) ) ;
#455 = VECTOR ( 'NONE', #742, 1000.000000000000000 ) ;
#456 = EDGE_CURVE ( 'NONE', #2331, #1324, #2917, .T. ) ;
#457 = AXIS2_PLACEMENT_3D ( 'NONE', #2429, #1210, #3606 ) ;
#458 = DIRECTION ( 'NONE',  ( 0.000000000000000000, 0.000000000000000000, -1.000000000000000000 ) ) ;
#459 = FACE_OUTER_BOUND ( 'NONE', #232, .T. ) ;
#460 = CARTESIAN_POINT ( 'NONE',  ( 49.24709017245647402, 8.000000000000000000, -19.22724447312524632 ) ) ;
#461 = EDGE_CURVE ( 'NONE', #2073, #1091, #862, .T. ) ;
#462 = DIRECTION ( 'NONE',  ( -0.000000000000000000, 1.000000000000000000, -0.000000000000000000 ) ) ;
#463 = ORIENTED_EDGE ( 'NONE', *, *, #2679, .T. ) ;
#464 = ORIENTED_EDGE ( 'NONE', *, *, #982, .T. ) ;
#465 = CARTESIAN_POINT ( 'NONE',  ( -23.68834575110749796, -9.485281374238578422, 34.88032848344725778 ) ) ;
#466 = EDGE_CURVE ( 'NONE', #3573, #2079, #3260, .T. ) ;
#467 = ORIENTED_EDGE ( 'NONE', *, *, #1134, .T. ) ;
#468 = VERTEX_POINT ( 'NONE', #1789 ) ;
#469 = AXIS2_PLACEMENT_3D ( 'NONE', #2106, #1764, #3293 ) ;
#470 = DIRECTION ( 'NONE',  ( 0.9213829087050071642, 0.000000000000000000, -0.3886560633082936644 ) ) ;
#471 = CARTESIAN_POINT ( 'NONE',  ( 47.26791729388745011, 4.000000000000000000, -19.51512416455346965 ) ) ;
#472 = ORIENTED_EDGE ( 'NONE', *, *, #3816, .T. ) ;
#473 = CARTESIAN_POINT ( 'NONE',  ( 28.46007881591580713, 7.724400000000000155, 19.47325936616471864 ) ) ;
#474 = FACE_OUTER_BOUND ( 'NONE', #2438, .T. ) ;
#475 = FILL_AREA_STYLE_COLOUR ( '', #3430 ) ;
#476 = CYLINDRICAL_SURFACE ( 'NONE', #784, 2.999999999999995559 ) ;
#477 = VECTOR ( 'NONE', #3656, 1000.000000000000000 ) ;
#478 = AXIS2_PLACEMENT_3D ( 'NONE', #2375, #1218, #1492 ) ;
#479 = AXIS2_PLACEMENT_3D ( 'NONE', #2762, #399, #1302 ) ;
#480 = FACE_OUTER_BOUND ( 'NONE', #1589, .T. ) ;
#481 = CARTESIAN_POINT ( 'NONE',  ( 28.46007881591580713, 3.000000000000000000, 16.47325936616472219 ) ) ;
#482 = AXIS2_PLACEMENT_3D ( 'NONE', #151, #740, #134 ) ;
#483 = VERTEX_POINT ( 'NONE', #3182 ) ;
#484 = CIRCLE ( 'NONE', #2030, 32.39999999999999858 ) ;
#485 = AXIS2_PLACEMENT_3D ( 'NONE', #601, #2388, #80 ) ;
#486 = ORIENTED_EDGE ( 'NONE', *, *, #203, .F. ) ;
#487 = ORIENTED_EDGE ( 'NONE', *, *, #1672, .T. ) ;
#488 = DIRECTION ( 'NONE',  ( 7.212991720404862865E-17, -0.000000000000000000, 1.000000000000000000 ) ) ;
#489 = CIRCLE ( 'NONE', #1790, 1.625000000000004885 ) ;
#490 = EDGE_CURVE ( 'NONE', #1550, #3217, #3214, .T. ) ;
#491 = ORIENTED_EDGE ( 'NONE', *, *, #583, .F. ) ;
#492 = ORIENTED_EDGE ( 'NONE', *, *, #2061, .T. ) ;
#493 = EDGE_CURVE ( 'NONE', #415, #1189, #3819, .T. ) ;
#494 = LINE ( 'NONE', #1680, #3372 ) ;
#495 = LINE ( 'NONE', #531, #3505 ) ;
#496 = ORIENTED_EDGE ( 'NONE', *, *, #2873, .T. ) ;
#497 = DIRECTION ( 'NONE',  ( 0.000000000000000000, 0.000000000000000000, -1.000000000000000000 ) ) ;
#498 = FACE_OUTER_BOUND ( 'NONE', #2772, .T. ) ;
#499 = CARTESIAN_POINT ( 'NONE',  ( -27.37895597688943639, 3.000000000000000000, -10.23294524575311115 ) ) ;
#500 = CARTESIAN_POINT ( 'NONE',  ( -35.28834575110749938, 0.7500000000000002220, 7.380328483447256005 ) ) ;
#501 = CARTESIAN_POINT ( 'NONE',  ( 0.000000000000000000, 3.000000000000000000, 0.000000000000000000 ) ) ;
#502 = LINE ( 'NONE', #1129, #3636 ) ;
#503 = ORIENTED_EDGE ( 'NONE', *, *, #2518, .T. ) ;
#504 = AXIS2_PLACEMENT_3D ( 'NONE', #555, #2977, #3264 ) ;
#505 = EDGE_LOOP ( 'NONE', ( #2183, #3716 ) ) ;
#506 = CARTESIAN_POINT ( 'NONE',  ( -0.9691600389936920745, 7.724400000000000155, 21.62732848344724346 ) ) ;
#507 = ORIENTED_EDGE ( 'NONE', *, *, #1056, .F. ) ;
#508 = ORIENTED_EDGE ( 'NONE', *, *, #461, .F. ) ;
#509 = EDGE_CURVE ( 'NONE', #2179, #3290, #484, .T. ) ;
#510 = EDGE_CURVE ( 'NONE', #3322, #2232, #178, .T. ) ;
#511 = DIRECTION ( 'NONE',  ( -0.3886560633082939420, 0.000000000000000000, -0.9213829087050070532 ) ) ;
#512 = DIRECTION ( 'NONE',  ( 0.000000000000000000, -1.000000000000000000, 0.000000000000000000 ) ) ;
#513 = ORIENTED_EDGE ( 'NONE', *, *, #1505, .T. ) ;
#514 = CARTESIAN_POINT ( 'NONE',  ( 20.41165424889249280, 0.7500000000000002220, 32.38032848344725778 ) ) ;
#515 = DIRECTION ( 'NONE',  ( -0.3886560633082941085, -0.000000000000000000, -0.9213829087050070532 ) ) ;
#516 = LINE ( 'NONE', #1646, #3818 ) ;
#517 = AXIS2_PLACEMENT_3D ( 'NONE', #3276, #3224, #1165 ) ;
#518 = DIRECTION ( 'NONE',  ( -0.1439398457141108922, 0.000000000000000000, 0.9895864392845113988 ) ) ;
#519 = VECTOR ( 'NONE', #1414, 1000.000000000000000 ) ;
#520 = PLANE ( 'NONE',  #2558 ) ;
#521 = CARTESIAN_POINT ( 'NONE',  ( 39.11165424889249209, 0.7500000000000002220, 7.380328483447255117 ) ) ;
#522 = ORIENTED_EDGE ( 'NONE', *, *, #2925, .T. ) ;
#523 = ORIENTED_EDGE ( 'NONE', *, *, #3093, .F. ) ;
#524 = CARTESIAN_POINT ( 'NONE',  ( -29.48834575110749867, 4.000000000000000000, 21.13032848344725778 ) ) ;
#525 = CIRCLE ( 'NONE', #3679, 3.000000000000002665 ) ;
#526 = CARTESIAN_POINT ( 'NONE',  ( -17.33625374393658447, 7.724400000000000155, 17.94599559103337327 ) ) ;
#527 = ORIENTED_EDGE ( 'NONE', *, *, #3052, .T. ) ;
#528 = ORIENTED_EDGE ( 'NONE', *, *, #3221, .F. ) ;
#529 = PRODUCT_DEFINITION_SHAPE ( 'NONE', 'NONE',  #598 ) ;
#530 = DIRECTION ( 'NONE',  ( 0.000000000000000000, 0.000000000000000000, -1.000000000000000000 ) ) ;
#531 = CARTESIAN_POINT ( 'NONE',  ( 41.11165424889248499, 0.7500000000000002220, -3.869671516552750656 ) ) ;
#532 = EDGE_LOOP ( 'NONE', ( #2293, #3177, #3593, #1055 ) ) ;
#533 = CARTESIAN_POINT ( 'NONE',  ( -36.03252141826667554, 8.000000000000000000, -10.33628883157113876 ) ) ;
#534 = AXIS2_PLACEMENT_3D ( 'NONE', #2947, #1307, #2480 ) ;
#535 = LINE ( 'NONE', #2906, #3815 ) ;
#536 =( LENGTH_UNIT ( ) NAMED_UNIT ( * ) SI_UNIT ( .MILLI., .METRE. ) );
#537 = VECTOR ( 'NONE', #2860, 1000.000000000000000 ) ;
#538 = CARTESIAN_POINT ( 'NONE',  ( 35.11165424889249209, 4.000000000000000000, 37.88032848344725068 ) ) ;
#539 = DIRECTION ( 'NONE',  ( 0.000000000000000000, 1.000000000000000000, 0.000000000000000000 ) ) ;
#540 = EDGE_CURVE ( 'NONE', #665, #2452, #2526, .T. ) ;
#541 = DIRECTION ( 'NONE',  ( 0.000000000000000000, -0.000000000000000000, 1.000000000000000000 ) ) ;
#542 = ORIENTED_EDGE ( 'NONE', *, *, #3206, .F. ) ;
#543 = ORIENTED_EDGE ( 'NONE', *, *, #450, .T. ) ;
#544 = VECTOR ( 'NONE', #3539, 1000.000000000000000 ) ;
#545 = CYLINDRICAL_SURFACE ( 'NONE', #1230, 5.000000000000000888 ) ;
#546 = VECTOR ( 'NONE', #2378, 1000.000000000000000 ) ;
#547 = AXIS2_PLACEMENT_3D ( 'NONE', #1465, #2366, #597 ) ;
#548 = AXIS2_PLACEMENT_3D ( 'NONE', #3776, #2634, #2329 ) ;
#549 =( GEOMETRIC_REPRESENTATION_CONTEXT ( 3 ) GLOBAL_UNCERTAINTY_ASSIGNED_CONTEXT ( ( #330 ) ) GLOBAL_UNIT_ASSIGNED_CONTEXT ( ( #1190, #2692, #2369 ) ) REPRESENTATION_CONTEXT ( 'NONE', 'WORKASPACE' ) );
#550 = CIRCLE ( 'NONE', #1547, 1.625000000000004885 ) ;
#551 = CARTESIAN_POINT ( 'NONE',  ( -24.35185267197165260, 8.000000000000000000, 35.88032848344725778 ) ) ;
#552 = ORIENTED_EDGE ( 'NONE', *, *, #896, .F. ) ;
#553 = ORIENTED_EDGE ( 'NONE', *, *, #828, .F. ) ;
#554 = DIRECTION ( 'NONE',  ( -0.000000000000000000, -1.000000000000000000, -0.000000000000000000 ) ) ;
#555 = CARTESIAN_POINT ( 'NONE',  ( -41.08834575110751075, 4.000000000000000000, -6.369671516552744883 ) ) ;
#556 = ORIENTED_EDGE ( 'NONE', *, *, #210, .F. ) ;
#557 = FACE_OUTER_BOUND ( 'NONE', #1743, .T. ) ;
#558 = CARTESIAN_POINT ( 'NONE',  ( 43.11165424889249209, 8.000000000000000000, -20.11967151655274222 ) ) ;
#559 = DIRECTION ( 'NONE',  ( 0.000000000000000000, 0.000000000000000000, 1.000000000000000000 ) ) ;
#560 = ADVANCED_FACE ( 'NONE', ( #3516 ), #3499, .T. ) ;
#561 = CARTESIAN_POINT ( 'NONE',  ( 35.11165424889249209, -1.000000000000000000, 33.25532848344725068 ) ) ;
#562 = CARTESIAN_POINT ( 'NONE',  ( -43.01853753454648199, 8.000000000000000000, -21.75202698244757826 ) ) ;
#563 = EDGE_CURVE ( 'NONE', #2010, #2451, #3027, .T. ) ;
#564 = CARTESIAN_POINT ( 'NONE',  ( 37.11165424889249209, 0.7500000000000002220, 18.63032848344724357 ) ) ;
#565 = EDGE_LOOP ( 'NONE', ( #1318, #3286 ) ) ;
#566 = FACE_OUTER_BOUND ( 'NONE', #47, .T. ) ;
#567 = LINE ( 'NONE', #2370, #135 ) ;
#568 = ORIENTED_EDGE ( 'NONE', *, *, #840, .T. ) ;
#569 = CARTESIAN_POINT ( 'NONE',  ( -26.88824573735473322, 3.000000000000000000, 11.34195092921146575 ) ) ;
#570 = DIRECTION ( 'NONE',  ( 0.000000000000000000, -0.000000000000000000, -1.000000000000000000 ) ) ;
#571 = ORIENTED_EDGE ( 'NONE', *, *, #1420, .F. ) ;
#572 = CYLINDRICAL_SURFACE ( 'NONE', #478, 2.500000000000002220 ) ;
#573 = DIRECTION ( 'NONE',  ( -0.000000000000000000, -1.000000000000000000, -0.000000000000000000 ) ) ;
#574 = EDGE_CURVE ( 'NONE', #419, #3741, #1738, .T. ) ;
#575 = EDGE_CURVE ( 'NONE', #1207, #1004, #1047, .T. ) ;
#576 = VERTEX_POINT ( 'NONE', #3 ) ;
#577 = EDGE_CURVE ( 'NONE', #1324, #3251, #1546, .T. ) ;
#578 = LINE ( 'NONE', #3312, #3446 ) ;
#579 = DIRECTION ( 'NONE',  ( 0.000000000000000000, 0.000000000000000000, -1.000000000000000000 ) ) ;
#580 = LINE ( 'NONE', #2629, #2151 ) ;
#581 = AXIS2_PLACEMENT_3D ( 'NONE', #152, #1898, #2790 ) ;
#582 = EDGE_LOOP ( 'NONE', ( #1673, #3466, #2310, #2545 ) ) ;
#583 = EDGE_CURVE ( 'NONE', #3483, #1550, #1602, .T. ) ;
#584 = CARTESIAN_POINT ( 'NONE',  ( 39.86141504810763792, 7.724400000000000155, -25.39943904341238934 ) ) ;
#585 = AXIS2_PLACEMENT_3D ( 'NONE', #2428, #3086, #3604 ) ;
#586 = CIRCLE ( 'NONE', #1939, 6.200000000000010836 ) ;
#587 = DIRECTION ( 'NONE',  ( 0.000000000000000000, 0.000000000000000000, 1.000000000000000000 ) ) ;
#588 = EDGE_CURVE ( 'NONE', #3137, #770, #671, .T. ) ;
#589 = DIRECTION ( 'NONE',  ( 0.000000000000000000, 0.000000000000000000, 1.000000000000000000 ) ) ;
#590 = PLANE ( 'NONE',  #1986 ) ;
#591 = ORIENTED_EDGE ( 'NONE', *, *, #817, .F. ) ;
#592 = CARTESIAN_POINT ( 'NONE',  ( -9.408345751107500377, 7.724400000000000155, -32.47993183372690140 ) ) ;
#593 = PLANE ( 'NONE',  #1171 ) ;
#594 = VECTOR ( 'NONE', #1224, 1000.000000000000114 ) ;
#595 = CARTESIAN_POINT ( 'NONE',  ( 5.711654248892495289, 4.000000000000000000, 34.88032848344725778 ) ) ;
#596 = CARTESIAN_POINT ( 'NONE',  ( 8.091654248892503176, 7.724400000000000155, -9.479931833726903179 ) ) ;
#597 = DIRECTION ( 'NONE',  ( 0.000000000000000000, 0.000000000000000000, -1.000000000000000000 ) ) ;
#598 = PRODUCT_DEFINITION ( 'UNKNOWN', '', #1234, #3045 ) ;
#599 = VECTOR ( 'NONE', #384, 1000.000000000000000 ) ;
#600 = ORIENTED_EDGE ( 'NONE', *, *, #2074, .T. ) ;
#601 = CARTESIAN_POINT ( 'NONE',  ( 43.11165424889249209, 8.000000000000000000, -20.11967151655274222 ) ) ;
#602 = DIRECTION ( 'NONE',  ( 0.000000000000000000, 0.000000000000000000, 1.000000000000000000 ) ) ;
#603 = EDGE_LOOP ( 'NONE', ( #631, #282 ) ) ;
#604 = EDGE_CURVE ( 'NONE', #939, #311, #936, .T. ) ;
#605 = AXIS2_PLACEMENT_3D ( 'NONE', #1671, #1734, #1317 ) ;
#606 = AXIS2_PLACEMENT_3D ( 'NONE', #524, #823, #859 ) ;
#607 = LINE ( 'NONE', #569, #519 ) ;
#608 = CIRCLE ( 'NONE', #2774, 3.199999999999994404 ) ;
#609 = EDGE_CURVE ( 'NONE', #1181, #1934, #586, .T. ) ;
#610 = FACE_BOUND ( 'NONE', #3126, .T. ) ;
#611 = ORIENTED_EDGE ( 'NONE', *, *, #169, .F. ) ;
#612 = CIRCLE ( 'NONE', #2775, 0.9999999999999974465 ) ;
#613 = ORIENTED_EDGE ( 'NONE', *, *, #1134, .F. ) ;
#614 = ORIENTED_EDGE ( 'NONE', *, *, #2837, .T. ) ;
#615 = CARTESIAN_POINT ( 'NONE',  ( -25.25086093183285030, 40.30892466556440468, 15.22368214919868024 ) ) ;
#616 = CARTESIAN_POINT ( 'NONE',  ( -34.65348477822541895, -30.46152820551968077, 24.83779458358464254 ) ) ;
#617 = ORIENTED_EDGE ( 'NONE', *, *, #731, .F. ) ;
#618 = AXIS2_PLACEMENT_3D ( 'NONE', #3600, #652, #3674 ) ;
#619 = VERTEX_POINT ( 'NONE', #3342 ) ;
#620 = CARTESIAN_POINT ( 'NONE',  ( -23.97466242726181207, 7.724400000000000155, 18.24915274193175208 ) ) ;
#621 = DIRECTION ( 'NONE',  ( 0.000000000000000000, 1.000000000000000000, 0.000000000000000000 ) ) ;
#622 = FACE_BOUND ( 'NONE', #2601, .T. ) ;
#623 = ORIENTED_EDGE ( 'NONE', *, *, #2412, .F. ) ;
#624 = DIRECTION ( 'NONE',  ( -0.000000000000000000, -1.000000000000000000, -0.000000000000000000 ) ) ;
#625 = LINE ( 'NONE', #43, #2256 ) ;
#626 = ORIENTED_EDGE ( 'NONE', *, *, #1184, .F. ) ;
#627 = EDGE_CURVE ( 'NONE', #3597, #2179, #1462, .T. ) ;
#628 = CARTESIAN_POINT ( 'NONE',  ( -29.48834575110749867, 0.7500000000000002220, 21.13032848344725778 ) ) ;
#629 = CARTESIAN_POINT ( 'NONE',  ( 27.55723239885652731, -49.51705820019092386, 28.68032848344724428 ) ) ;
#630 = ORIENTED_EDGE ( 'NONE', *, *, #2926, .F. ) ;
#631 = ORIENTED_EDGE ( 'NONE', *, *, #1253, .F. ) ;
#632 = CARTESIAN_POINT ( 'NONE',  ( 47.19998909214232441, -1.000000000000000000, -5.153424545965473946 ) ) ;
#633 = EDGE_CURVE ( 'NONE', #2850, #1640, #2445, .T. ) ;
#634 = CARTESIAN_POINT ( 'NONE',  ( 39.11165424889249209, 0.7500000000000002220, 7.380328483447255117 ) ) ;
#635 = ORIENTED_EDGE ( 'NONE', *, *, #840, .F. ) ;
#636 = ORIENTED_EDGE ( 'NONE', *, *, #1253, .T. ) ;
#637 = FACE_OUTER_BOUND ( 'NONE', #729, .T. ) ;
#638 = DIRECTION ( 'NONE',  ( 0.000000000000000000, 0.000000000000000000, 1.000000000000000000 ) ) ;
#639 = CARTESIAN_POINT ( 'NONE',  ( -29.48834575110749867, 0.7500000000000002220, 21.13032848344725778 ) ) ;
#640 = ORIENTED_EDGE ( 'NONE', *, *, #851, .T. ) ;
#641 = DIRECTION ( 'NONE',  ( 0.000000000000000000, 0.000000000000000000, 1.000000000000000000 ) ) ;
#642 = VECTOR ( 'NONE', #971, 1000.000000000000000 ) ;
#643 = DIRECTION ( 'NONE',  ( 0.000000000000000000, 1.000000000000000000, 0.000000000000000000 ) ) ;
#644 = DIRECTION ( 'NONE',  ( 0.1439398457141109200, -0.000000000000000000, -0.9895864392845113988 ) ) ;
#645 = ORIENTED_EDGE ( 'NONE', *, *, #577, .F. ) ;
#646 = ORIENTED_EDGE ( 'NONE', *, *, #3160, .T. ) ;
#647 = DIRECTION ( 'NONE',  ( -1.000000000000000000, -0.000000000000000000, 7.212991720404862865E-17 ) ) ;
#648 = CARTESIAN_POINT ( 'NONE',  ( 28.46007881591580713, 7.724400000000000155, 16.47325936616472219 ) ) ;
#649 = DIRECTION ( 'NONE',  ( 0.000000000000000000, 0.000000000000000000, 1.000000000000000000 ) ) ;
#650 = ORIENTED_EDGE ( 'NONE', *, *, #2188, .F. ) ;
#651 = CARTESIAN_POINT ( 'NONE',  ( -46.88834575110750791, 8.000000000000000000, -24.31967151655274151 ) ) ;
#652 = DIRECTION ( 'NONE',  ( 0.000000000000000000, 1.000000000000000000, 0.000000000000000000 ) ) ;
#653 = DIRECTION ( 'NONE',  ( 0.000000000000000000, 0.000000000000000000, -1.000000000000000000 ) ) ;
#654 = EDGE_CURVE ( 'NONE', #265, #3461, #1276, .T. ) ;
#655 = ORIENTED_EDGE ( 'NONE', *, *, #183, .T. ) ;
#656 = DIRECTION ( 'NONE',  ( 0.000000000000000000, 0.000000000000000000, 1.000000000000000000 ) ) ;
#657 = EDGE_CURVE ( 'NONE', #980, #2422, #1868, .T. ) ;
#658 = AXIS2_PLACEMENT_3D ( 'NONE', #2863, #3156, #3174 ) ;
#659 = PLANE ( 'NONE',  #895 ) ;
#660 = CARTESIAN_POINT ( 'NONE',  ( 8.091654248892503176, 7.724400000000000155, -9.479931833726903179 ) ) ;
#661 = DIRECTION ( 'NONE',  ( -0.000000000000000000, 1.000000000000000000, 0.000000000000000000 ) ) ;
#662 = ORIENTED_EDGE ( 'NONE', *, *, #376, .F. ) ;
#663 = EDGE_LOOP ( 'NONE', ( #1561, #2918, #2562, #689 ) ) ;
#664 = AXIS2_PLACEMENT_3D ( 'NONE', #1603, #2888, #2009 ) ;
#665 = VERTEX_POINT ( 'NONE', #352 ) ;
#666 = VECTOR ( 'NONE', #2521, 999.9999999999998863 ) ;
#667 = VERTEX_POINT ( 'NONE', #1542 ) ;
#668 = CIRCLE ( 'NONE', #2283, 5.000000000000000888 ) ;
#669 = DIRECTION ( 'NONE',  ( 0.000000000000000000, -1.000000000000000000, 0.000000000000000000 ) ) ;
#670 = CIRCLE ( 'NONE', #302, 6.199999999999992184 ) ;
#671 = CIRCLE ( 'NONE', #3616, 1.000000000000000888 ) ;
#672 = AXIS2_PLACEMENT_3D ( 'NONE', #3603, #951, #1484 ) ;
#673 = CARTESIAN_POINT ( 'NONE',  ( -9.408345751107500377, 7.724400000000000155, -31.47993183372690140 ) ) ;
#674 = CIRCLE ( 'NONE', #2835, 3.000000000000002665 ) ;
#675 = ORIENTED_EDGE ( 'NONE', *, *, #2484, .F. ) ;
#676 = DIRECTION ( 'NONE',  ( 0.000000000000000000, 0.000000000000000000, 1.000000000000000000 ) ) ;
#677 = DIRECTION ( 'NONE',  ( 0.000000000000000000, 1.000000000000000000, 0.000000000000000000 ) ) ;
#678 = VECTOR ( 'NONE', #2881, 1000.000000000000000 ) ;
#679 = CARTESIAN_POINT ( 'NONE',  ( -35.28834575110749938, 0.7500000000000002220, 4.880328483447254229 ) ) ;
#680 = EDGE_CURVE ( 'NONE', #1386, #780, #2066, .T. ) ;
#681 = ORIENTED_EDGE ( 'NONE', *, *, #1476, .T. ) ;
#682 = DIRECTION ( 'NONE',  ( 0.000000000000000000, 1.000000000000000000, 0.000000000000000000 ) ) ;
#683 = CARTESIAN_POINT ( 'NONE',  ( -22.12272128745719968, 40.30892466556440468, 14.22523470649212207 ) ) ;
#684 = ADVANCED_FACE ( 'NONE', ( #2992 ), #1522, .F. ) ;
#685 = DIRECTION ( 'NONE',  ( -0.000000000000000000, 1.000000000000000000, -0.000000000000000000 ) ) ;
#686 = CARTESIAN_POINT ( 'NONE',  ( 43.16967341214721898, -1.000000000000000000, 22.55499575400085988 ) ) ;
#687 = CARTESIAN_POINT ( 'NONE',  ( 41.11165424889248499, 0.7500000000000002220, -6.369671516552745771 ) ) ;
#688 = EDGE_LOOP ( 'NONE', ( #3703, #1824, #3127, #3602 ) ) ;
#689 = ORIENTED_EDGE ( 'NONE', *, *, #278, .F. ) ;
#690 = EDGE_LOOP ( 'NONE', ( #2855, #2486, #3594, #2867 ) ) ;
#691 = DIRECTION ( 'NONE',  ( 0.000000000000000000, 0.000000000000000000, 1.000000000000000000 ) ) ;
#692 = AXIS2_PLACEMENT_3D ( 'NONE', #864, #2672, #2072 ) ;
#693 = DIRECTION ( 'NONE',  ( 0.000000000000000000, 1.000000000000000000, 0.000000000000000000 ) ) ;
#694 = ORIENTED_EDGE ( 'NONE', *, *, #898, .T. ) ;
#695 = LINE ( 'NONE', #1341, #3259 ) ;
#696 = EDGE_CURVE ( 'NONE', #1571, #483, #957, .T. ) ;
#697 = CARTESIAN_POINT ( 'NONE',  ( -9.408345751107500377, 3.000000000000000000, 13.52006816627309504 ) ) ;
#698 = CARTESIAN_POINT ( 'NONE',  ( -29.14304379723769145, 8.000000000000000000, 37.90134001265036545 ) ) ;
#699 = EDGE_CURVE ( 'NONE', #262, #2078, #1585, .T. ) ;
#700 = ADVANCED_FACE ( 'NONE', ( #1252 ), #704, .T. ) ;
#701 = CYLINDRICAL_SURFACE ( 'NONE', #2192, 2.999999999999999112 ) ;
#702 = APPLICATION_PROTOCOL_DEFINITION ( 'draft international standard', 'automotive_design', 1998, #751 ) ;
#703 = DIRECTION ( 'NONE',  ( 0.000000000000000000, 0.000000000000000000, 1.000000000000000000 ) ) ;
#704 = PLANE ( 'NONE',  #457 ) ;
#705 = ADVANCED_FACE ( 'NONE', ( #2733 ), #2449, .T. ) ;
#706 = CARTESIAN_POINT ( 'NONE',  ( -41.08834575110751075, 0.7500000000000002220, -6.369671516552744883 ) ) ;
#707 = EDGE_CURVE ( 'NONE', #2798, #262, #954, .T. ) ;
#708 = ORIENTED_EDGE ( 'NONE', *, *, #493, .F. ) ;
#709 = CIRCLE ( 'NONE', #2936, 2.500000000000002220 ) ;
#710 = VECTOR ( 'NONE', #827, 1000.000000000000000 ) ;
#711 = EDGE_LOOP ( 'NONE', ( #960, #1713, #1385, #1976 ) ) ;
#712 = EDGE_LOOP ( 'NONE', ( #3041, #750, #810, #3574 ) ) ;
#713 = CARTESIAN_POINT ( 'NONE',  ( 41.11165424889248499, 4.000000000000000000, -8.869671516552740442 ) ) ;
#714 = CARTESIAN_POINT ( 'NONE',  ( -24.35185267197165260, 8.000000000000000000, 41.08032848344725352 ) ) ;
#715 = ORIENTED_EDGE ( 'NONE', *, *, #1721, .T. ) ;
#716 = CARTESIAN_POINT ( 'NONE',  ( -52.60091978507853838, 8.000000000000000000, -17.71000392404132384 ) ) ;
#717 = AXIS2_PLACEMENT_3D ( 'NONE', #1699, #754, #1395 ) ;
#718 = CYLINDRICAL_SURFACE ( 'NONE', #3585, 2.500000000000002220 ) ;
#719 = CARTESIAN_POINT ( 'NONE',  ( 41.11165424889248499, 0.7500000000000002220, -3.869671516552750656 ) ) ;
#720 = DIRECTION ( 'NONE',  ( 0.000000000000000000, 1.000000000000000000, 0.000000000000000000 ) ) ;
#721 = ADVANCED_FACE ( 'NONE', ( #3645 ), #997, .T. ) ;
#722 = CARTESIAN_POINT ( 'NONE',  ( -23.95398695367692810, 7.724400000000000155, -14.25872665210780532 ) ) ;
#723 = ORIENTED_EDGE ( 'NONE', *, *, #1721, .F. ) ;
#724 = AXIS2_PLACEMENT_3D ( 'NONE', #2516, #2229, #518 ) ;
#725 = FACE_BOUND ( 'NONE', #2737, .T. ) ;
#726 = CARTESIAN_POINT ( 'NONE',  ( 43.11165424889249209, -1.000000000000000000, -21.74467151655274932 ) ) ;
#727 = VECTOR ( 'NONE', #3021, 1000.000000000000227 ) ;
#728 = EDGE_CURVE ( 'NONE', #1975, #2778, #625, .T. ) ;
#729 = EDGE_LOOP ( 'NONE', ( #3146, #1842, #826, #1452 ) ) ;
#730 = ORIENTED_EDGE ( 'NONE', *, *, #1440, .T. ) ;
#731 = EDGE_CURVE ( 'NONE', #1624, #3598, #133, .T. ) ;
#732 = DIRECTION ( 'NONE',  ( -1.150183614340680878E-16, 0.000000000000000000, -1.000000000000000000 ) ) ;
#733 = LINE ( 'NONE', #364, #3344 ) ;
#734 = AXIS2_PLACEMENT_3D ( 'NONE', #2487, #3717, #2826 ) ;
#735 = VERTEX_POINT ( 'NONE', #347 ) ;
#736 = AXIS2_PLACEMENT_3D ( 'NONE', #1242, #943, #2120 ) ;
#737 = CARTESIAN_POINT ( 'NONE',  ( -2.606215409583908738, 3.999999999999996447, 17.91773094088951268 ) ) ;
#738 = AXIS2_PLACEMENT_3D ( 'NONE', #2972, #1843, #656 ) ;
#739 = CYLINDRICAL_SURFACE ( 'NONE', #2970, 1.625000000000001332 ) ;
#740 = DIRECTION ( 'NONE',  ( -0.000000000000000000, -1.000000000000000000, -0.000000000000000000 ) ) ;
#741 = CARTESIAN_POINT ( 'NONE',  ( 35.11165424889249209, -1.000000000000000000, 34.88032848344725068 ) ) ;
#742 = DIRECTION ( 'NONE',  ( -0.000000000000000000, 1.000000000000000000, -0.000000000000000000 ) ) ;
#743 = ORIENTED_EDGE ( 'NONE', *, *, #728, .F. ) ;
#744 = VECTOR ( 'NONE', #2169, 999.9999999999998863 ) ;
#745 = ORIENTED_EDGE ( 'NONE', *, *, #1420, .T. ) ;
#746 = DIRECTION ( 'NONE',  ( 0.000000000000000000, 0.000000000000000000, 1.000000000000000000 ) ) ;
#747 = EDGE_CURVE ( 'NONE', #735, #901, #2206, .T. ) ;
#748 = EDGE_CURVE ( 'NONE', #944, #1177, #2971, .T. ) ;
#749 = EDGE_CURVE ( 'NONE', #3573, #2237, #1244, .T. ) ;
#750 = ORIENTED_EDGE ( 'NONE', *, *, #3235, .F. ) ;
#751 = APPLICATION_CONTEXT ( 'automotive_design' ) ;
#752 = ORIENTED_EDGE ( 'NONE', *, *, #2389, .T. ) ;
#753 = FACE_OUTER_BOUND ( 'NONE', #2726, .T. ) ;
#754 = DIRECTION ( 'NONE',  ( -0.000000000000000000, -1.000000000000000000, -0.000000000000000000 ) ) ;
#755 = ADVANCED_FACE ( 'NONE', ( #989 ), #718, .F. ) ;
#756 = ORIENTED_EDGE ( 'NONE', *, *, #731, .T. ) ;
#757 = DIRECTION ( 'NONE',  ( -1.000000000000000000, -0.000000000000000000, 1.442598344080972573E-16 ) ) ;
#758 = DIRECTION ( 'NONE',  ( 0.000000000000000000, 0.000000000000000000, -1.000000000000000000 ) ) ;
#759 = LINE ( 'NONE', #3220, #3735 ) ;
#760 = DIRECTION ( 'NONE',  ( -0.000000000000000000, 1.000000000000000000, -0.000000000000000000 ) ) ;
#761 = DIRECTION ( 'NONE',  ( 0.000000000000000000, 1.000000000000000000, 0.000000000000000000 ) ) ;
#762 = ORIENTED_EDGE ( 'NONE', *, *, #604, .F. ) ;
#763 = ORIENTED_EDGE ( 'NONE', *, *, #2412, .T. ) ;
#764 = CARTESIAN_POINT ( 'NONE',  ( -27.30027797982767623, 8.000000000000000000, 37.12402788603378667 ) ) ;
#765 = AXIS2_PLACEMENT_3D ( 'NONE', #2182, #1041, #74 ) ;
#766 = ORIENTED_EDGE ( 'NONE', *, *, #1869, .F. ) ;
#767 = ORIENTED_EDGE ( 'NONE', *, *, #2756, .T. ) ;
#768 = DIRECTION ( 'NONE',  ( 0.000000000000000000, 1.000000000000000000, 0.000000000000000000 ) ) ;
#769 = CARTESIAN_POINT ( 'NONE',  ( -27.30027797982767623, 8.000000000000000000, 37.12402788603378667 ) ) ;
#770 = VERTEX_POINT ( 'NONE', #968 ) ;
#771 = DIRECTION ( 'NONE',  ( -0.000000000000000000, -1.000000000000000000, -0.000000000000000000 ) ) ;
#772 =( GEOMETRIC_REPRESENTATION_CONTEXT ( 3 ) GLOBAL_UNCERTAINTY_ASSIGNED_CONTEXT ( ( #1026 ) ) GLOBAL_UNIT_ASSIGNED_CONTEXT ( ( #536, #813, #2549 ) ) REPRESENTATION_CONTEXT ( 'NONE', 'WORKASPACE' ) );
#773 = AXIS2_PLACEMENT_3D ( 'NONE', #1884, #409, #1808 ) ;
#774 = CARTESIAN_POINT ( 'NONE',  ( 42.88179372071899564, -30.46152820551968077, 24.53416863256988734 ) ) ;
#775 = DIRECTION ( 'NONE',  ( 0.000000000000000000, 0.000000000000000000, 1.000000000000000000 ) ) ;
#776 = CYLINDRICAL_SURFACE ( 'NONE', #1897, 2.000000000000000000 ) ;
#777 = FACE_BOUND ( 'NONE', #2395, .T. ) ;
#778 = ADVANCED_FACE ( 'NONE', ( #2707 ), #1327, .F. ) ;
#779 = VERTEX_POINT ( 'NONE', #2144 ) ;
#780 = VERTEX_POINT ( 'NONE', #3373 ) ;
#781 = EDGE_CURVE ( 'NONE', #893, #1155, #3655, .T. ) ;
#782 = ORIENTED_EDGE ( 'NONE', *, *, #2960, .T. ) ;
#783 = DIRECTION ( 'NONE',  ( -0.000000000000000000, 1.000000000000000000, -0.000000000000000000 ) ) ;
#784 = AXIS2_PLACEMENT_3D ( 'NONE', #2307, #3450, #3732 ) ;
#785 = ORIENTED_EDGE ( 'NONE', *, *, #2837, .F. ) ;
#786 = EDGE_LOOP ( 'NONE', ( #2875, #1595, #356, #357 ) ) ;
#787 = AXIS2_PLACEMENT_3D ( 'NONE', #1127, #2006, #1087 ) ;
#788 = CARTESIAN_POINT ( 'NONE',  ( 40.90262084214997174, 8.000000000000000000, 24.24628894114167110 ) ) ;
#789 = DIRECTION ( 'NONE',  ( 0.000000000000000000, 0.000000000000000000, -1.000000000000000000 ) ) ;
#790 = ORIENTED_EDGE ( 'NONE', *, *, #7, .T. ) ;
#791 = CARTESIAN_POINT ( 'NONE',  ( 35.97672284755361005, 8.000000000000000000, 39.08032848344724641 ) ) ;
#792 = DIRECTION ( 'NONE',  ( 0.000000000000000000, 0.000000000000000000, 1.000000000000000000 ) ) ;
#793 = CARTESIAN_POINT ( 'NONE',  ( -33.26837269215165094, 40.30892466556440468, -11.50225702149602292 ) ) ;
#794 = CARTESIAN_POINT ( 'NONE',  ( 43.11165424889249209, 8.000000000000000000, -20.11967151655274222 ) ) ;
#795 = VECTOR ( 'NONE', #937, 1000.000000000000000 ) ;
#796 = AXIS2_PLACEMENT_3D ( 'NONE', #1198, #283, #3554 ) ;
#797 = CIRCLE ( 'NONE', #3459, 2.000000000000000000 ) ;
#798 = DIRECTION ( 'NONE',  ( -0.000000000000000000, -1.000000000000000000, -0.000000000000000000 ) ) ;
#799 = LINE ( 'NONE', #1974, #422 ) ;
#800 = AXIS2_PLACEMENT_3D ( 'NONE', #192, #3768, #775 ) ;
#801 = ORIENTED_EDGE ( 'NONE', *, *, #1376, .F. ) ;
#803 = EDGE_LOOP ( 'NONE', ( #3682, #3207, #640, #2444 ) ) ;
#802 = EDGE_CURVE ( 'NONE', #71, #780, #1007, .T. ) ;
#804 = DIRECTION ( 'NONE',  ( 0.000000000000000000, -1.000000000000000000, 0.000000000000000000 ) ) ;
#805 = VECTOR ( 'NONE', #515, 1000.000000000000000 ) ;
#806 = ORIENTED_EDGE ( 'NONE', *, *, #2873, .F. ) ;
#807 = VERTEX_POINT ( 'NONE', #3330 ) ;
#808 = CARTESIAN_POINT ( 'NONE',  ( 25.59165424889250318, 7.724400000000000155, 14.52006816627309327 ) ) ;
#809 = DIRECTION ( 'NONE',  ( -0.000000000000000000, -1.000000000000000000, -0.000000000000000000 ) ) ;
#810 = ORIENTED_EDGE ( 'NONE', *, *, #420, .T. ) ;
#811 = CARTESIAN_POINT ( 'NONE',  ( 27.55723239885652731, -1.000000000000000000, 25.68032848344724428 ) ) ;
#812 = CARTESIAN_POINT ( 'NONE',  ( -46.88834575110750791, -5.596194077712567605, -20.11967151655274222 ) ) ;
#813 =( NAMED_UNIT ( * ) PLANE_ANGLE_UNIT ( ) SI_UNIT ( $, .RADIAN. ) );
#814 = EDGE_CURVE ( 'NONE', #2874, #2051, #429, .T. ) ;
#815 = PLANE ( 'NONE',  #1290 ) ;
#816 = CARTESIAN_POINT ( 'NONE',  ( -24.35185267197165260, 8.000000000000000000, 41.08032848344725352 ) ) ;
#817 = EDGE_CURVE ( 'NONE', #1621, #980, #3764, .T. ) ;
#818 = FACE_OUTER_BOUND ( 'NONE', #2418, .T. ) ;
#819 = ADVANCED_FACE ( 'NONE', ( #1558 ), #1879, .F. ) ;
#820 = VERTEX_POINT ( 'NONE', #77 ) ;
#821 = CIRCLE ( 'NONE', #504, 2.500000000000002220 ) ;
#822 = ORIENTED_EDGE ( 'NONE', *, *, #3306, .T. ) ;
#823 = DIRECTION ( 'NONE',  ( 0.000000000000000000, 1.000000000000000000, 0.000000000000000000 ) ) ;
#824 = DIRECTION ( 'NONE',  ( 0.000000000000000000, 1.000000000000000000, 0.000000000000000000 ) ) ;
#825 = ORIENTED_EDGE ( 'NONE', *, *, #3527, .T. ) ;
#826 = ORIENTED_EDGE ( 'NONE', *, *, #1150, .T. ) ;
#827 = DIRECTION ( 'NONE',  ( -0.000000000000000000, 1.000000000000000000, -0.000000000000000000 ) ) ;
#828 = EDGE_CURVE ( 'NONE', #2232, #929, #2186, .T. ) ;
#829 = CARTESIAN_POINT ( 'NONE',  ( -29.48834575110749867, 0.7500000000000002220, 23.63032848344726133 ) ) ;
#830 = VERTEX_POINT ( 'NONE', #3638 ) ;
#831 = DIRECTION ( 'NONE',  ( 0.000000000000000000, 0.000000000000000000, -1.000000000000000000 ) ) ;
#832 = EDGE_CURVE ( 'NONE', #901, #3113, #1431, .T. ) ;
#833 = DIRECTION ( 'NONE',  ( 0.000000000000000000, -0.000000000000000000, 1.000000000000000000 ) ) ;
#834 = DIRECTION ( 'NONE',  ( 0.000000000000000000, 0.000000000000000000, 1.000000000000000000 ) ) ;
#835 = VECTOR ( 'NONE', #1329, 999.9999999999998863 ) ;
#836 = DIRECTION ( 'NONE',  ( -0.000000000000000000, 1.000000000000000000, -0.000000000000000000 ) ) ;
#837 = LINE ( 'NONE', #2008, #1206 ) ;
#838 = CARTESIAN_POINT ( 'NONE',  ( 45.22081621357330050, -30.46152820551968077, -5.441304237393698173 ) ) ;
#839 = VERTEX_POINT ( 'NONE', #385 ) ;
#840 = EDGE_CURVE ( 'NONE', #2349, #1181, #1617, .T. ) ;
#841 = FACE_OUTER_BOUND ( 'NONE', #2218, .T. ) ;
#842 = VECTOR ( 'NONE', #3406, 1000.000000000000000 ) ;
#843 = CARTESIAN_POINT ( 'NONE',  ( 29.05617405826471611, 8.000000000000000000, 27.88032848344725778 ) ) ;
#844 = ORIENTED_EDGE ( 'NONE', *, *, #223, .F. ) ;
#845 = ORIENTED_EDGE ( 'NONE', *, *, #3470, .F. ) ;
#846 = CARTESIAN_POINT ( 'NONE',  ( 29.05617405826471611, 8.000000000000000000, 30.68032848344724783 ) ) ;
#847 = EDGE_CURVE ( 'NONE', #1474, #3709, #2910, .T. ) ;
#848 = DIRECTION ( 'NONE',  ( 0.000000000000000000, -0.000000000000000000, 1.000000000000000000 ) ) ;
#849 = ORIENTED_EDGE ( 'NONE', *, *, #3588, .F. ) ;
#850 = CARTESIAN_POINT ( 'NONE',  ( -23.68834575110749796, 0.000000000000000000, 33.25532848344725778 ) ) ;
#851 = EDGE_CURVE ( 'NONE', #3436, #3454, #123, .T. ) ;
#852 = CARTESIAN_POINT ( 'NONE',  ( 25.59165424889250318, 7.724400000000000155, -32.47993183372690140 ) ) ;
#853 = LINE ( 'NONE', #1746, #1461 ) ;
#854 = CARTESIAN_POINT ( 'NONE',  ( -8.988345751107500448, 0.7500000000000002220, 32.38032848344725778 ) ) ;
#855 = DIRECTION ( 'NONE',  ( -0.000000000000000000, -1.000000000000000000, -0.000000000000000000 ) ) ;
#856 = PLANE ( 'NONE',  #362 ) ;
#857 = ORIENTED_EDGE ( 'NONE', *, *, #1103, .F. ) ;
#858 = CIRCLE ( 'NONE', #2024, 2.999999999999999112 ) ;
#859 = DIRECTION ( 'NONE',  ( 0.000000000000000000, 0.000000000000000000, 1.000000000000000000 ) ) ;
#860 = AXIS2_PLACEMENT_3D ( 'NONE', #2420, #3039, #691 ) ;
#861 = VECTOR ( 'NONE', #3827, 1000.000000000000000 ) ;
#862 = CIRCLE ( 'NONE', #1663, 2.500000000000009326 ) ;
#863 = VECTOR ( 'NONE', #3241, 1000.000000000000000 ) ;
#864 = CARTESIAN_POINT ( 'NONE',  ( 25.59165424889250318, 7.724400000000000155, -32.47993183372690140 ) ) ;
#865 = ORIENTED_EDGE ( 'NONE', *, *, #435, .T. ) ;
#866 = ADVANCED_FACE ( 'NONE', ( #2481 ), #3172, .F. ) ;
#867 = EDGE_LOOP ( 'NONE', ( #2554, #1429, #2997, #3165 ) ) ;
#868 = DIRECTION ( 'NONE',  ( -0.000000000000000000, 1.000000000000000000, -0.000000000000000000 ) ) ;
#869 = ADVANCED_FACE ( 'NONE', ( #474 ), #739, .F. ) ;
#870 = FACE_BOUND ( 'NONE', #2085, .T. ) ;
#871 = VECTOR ( 'NONE', #1592, 1000.000000000000000 ) ;
#872 = ORIENTED_EDGE ( 'NONE', *, *, #3769, .F. ) ;
#873 = CARTESIAN_POINT ( 'NONE',  ( 38.28871866063111185, 8.000000000000000000, -24.95416526608640240 ) ) ;
#874 = CYLINDRICAL_SURFACE ( 'NONE', #2524, 1.000000000000000888 ) ;
#875 = EDGE_CURVE ( 'NONE', #929, #1348, #3150, .T. ) ;
#876 = DIRECTION ( 'NONE',  ( 0.000000000000000000, 1.000000000000000000, 0.000000000000000000 ) ) ;
#877 = DIRECTION ( 'NONE',  ( 0.000000000000000000, 0.000000000000000000, 1.000000000000000000 ) ) ;
#878 = DIRECTION ( 'NONE',  ( -0.000000000000000000, 1.000000000000000000, -0.000000000000000000 ) ) ;
#879 = EDGE_CURVE ( 'NONE', #1482, #1718, #489, .T. ) ;
#880 = ORIENTED_EDGE ( 'NONE', *, *, #140, .T. ) ;
#881 = DIRECTION ( 'NONE',  ( 0.000000000000000000, -0.000000000000000000, -1.000000000000000000 ) ) ;
#882 = CARTESIAN_POINT ( 'NONE',  ( 45.50869590500151673, -30.46152820551968077, -7.420477115962710535 ) ) ;
#883 = ORIENTED_EDGE ( 'NONE', *, *, #2294, .T. ) ;
#884 = LINE ( 'NONE', #2300, #1079 ) ;
#885 = FACE_OUTER_BOUND ( 'NONE', #3518, .T. ) ;
#886 = ORIENTED_EDGE ( 'NONE', *, *, #1101, .T. ) ;
#887 = FACE_OUTER_BOUND ( 'NONE', #3015, .T. ) ;
#888 = DIRECTION ( 'NONE',  ( 0.000000000000000000, 0.000000000000000000, 1.000000000000000000 ) ) ;
#889 = DIRECTION ( 'NONE',  ( 0.000000000000000000, 1.000000000000000000, 0.000000000000000000 ) ) ;
#890 = LINE ( 'NONE', #2822, #85 ) ;
#891 = DIRECTION ( 'NONE',  ( 0.000000000000000000, 0.000000000000000000, 1.000000000000000000 ) ) ;
#892 = CIRCLE ( 'NONE', #1394, 1.000000000000000888 ) ;
#893 = VERTEX_POINT ( 'NONE', #2286 ) ;
#894 = AXIS2_PLACEMENT_3D ( 'NONE', #1194, #2955, #6 ) ;
#895 = AXIS2_PLACEMENT_3D ( 'NONE', #3317, #1632, #1867 ) ;
#896 = EDGE_CURVE ( 'NONE', #2249, #1453, #1381, .T. ) ;
#897 = DIRECTION ( 'NONE',  ( -0.000000000000000000, -1.000000000000000000, -0.000000000000000000 ) ) ;
#898 = EDGE_CURVE ( 'NONE', #1813, #1640, #1987, .T. ) ;
#899 = DIRECTION ( 'NONE',  ( -0.000000000000000000, 1.000000000000000000, -0.000000000000000000 ) ) ;
#900 = PLANE ( 'NONE',  #1685 ) ;
#901 = VERTEX_POINT ( 'NONE', #2861 ) ;
#902 = EDGE_LOOP ( 'NONE', ( #3435, #2204, #999, #1996 ) ) ;
#903 = EDGE_LOOP ( 'NONE', ( #857, #1243, #1508, #3738 ) ) ;
#904 = DIRECTION ( 'NONE',  ( 6.938893903907230744E-15, 0.000000000000000000, 1.000000000000000000 ) ) ;
#905 = CARTESIAN_POINT ( 'NONE',  ( 27.55723239885652731, 8.000000000000000000, 25.68032848344724428 ) ) ;
#906 = ORIENTED_EDGE ( 'NONE', *, *, #95, .T. ) ;
#907 = ORIENTED_EDGE ( 'NONE', *, *, #781, .T. ) ;
#908 = AXIS2_PLACEMENT_3D ( 'NONE', #3135, #1688, #1988 ) ;
#909 = CARTESIAN_POINT ( 'NONE',  ( 43.11165424889249209, -9.485281374238578422, -23.11967151655274577 ) ) ;
#910 = CYLINDRICAL_SURFACE ( 'NONE', #517, 2.499999999999995115 ) ;
#911 = FACE_OUTER_BOUND ( 'NONE', #70, .T. ) ;
#912 = AXIS2_PLACEMENT_3D ( 'NONE', #2799, #3689, #2168 ) ;
#913 = ADVANCED_FACE ( 'NONE', ( #2512 ), #2548, .F. ) ;
#914 = ADVANCED_FACE ( 'NONE', ( #1704 ), #1664, .F. ) ;
#915 = ORIENTED_EDGE ( 'NONE', *, *, #493, .T. ) ;
#916 = LINE ( 'NONE', #683, #2409 ) ;
#917 = DIRECTION ( 'NONE',  ( -0.9213829087050070532, 0.000000000000000000, 0.3886560633082941640 ) ) ;
#918 = EDGE_CURVE ( 'NONE', #2743, #929, #3343, .T. ) ;
#919 = AXIS2_PLACEMENT_3D ( 'NONE', #2848, #2913, #2309 ) ;
#920 = DIRECTION ( 'NONE',  ( -0.000000000000000000, -1.000000000000000000, -0.000000000000000000 ) ) ;
#921 = CYLINDRICAL_SURFACE ( 'NONE', #2176, 5.199999999999996625 ) ;
#922 = ORIENTED_EDGE ( 'NONE', *, *, #294, .F. ) ;
#923 = CIRCLE ( 'NONE', #2345, 6.200000000000014388 ) ;
#924 = ORIENTED_EDGE ( 'NONE', *, *, #699, .F. ) ;
#925 = CYLINDRICAL_SURFACE ( 'NONE', #358, 1.000000000000000888 ) ;
#926 = CARTESIAN_POINT ( 'NONE',  ( 43.11165424889249209, 0.000000000000000000, -18.49467151655273867 ) ) ;
#927 = ORIENTED_EDGE ( 'NONE', *, *, #1353, .T. ) ;
#928 = VECTOR ( 'NONE', #2787, 1000.000000000000000 ) ;
#929 = VERTEX_POINT ( 'NONE', #3447 ) ;
#930 = CARTESIAN_POINT ( 'NONE',  ( 41.12257233183306226, -1.000000000000000000, 36.62881568116064557 ) ) ;
#931 = DIRECTION ( 'NONE',  ( 0.000000000000000000, 0.000000000000000000, 1.000000000000000000 ) ) ;
#932 = CARTESIAN_POINT ( 'NONE',  ( -19.04379730505850787, 8.000000000000000000, 28.68032848344725139 ) ) ;
#933 = ORIENTED_EDGE ( 'NONE', *, *, #1787, .T. ) ;
#934 = DIRECTION ( 'NONE',  ( -0.000000000000000000, 1.000000000000000000, -0.000000000000000000 ) ) ;
#935 = EDGE_CURVE ( 'NONE', #443, #2039, #3728, .T. ) ;
#936 = LINE ( 'NONE', #3626, #276 ) ;
#937 = DIRECTION ( 'NONE',  ( -0.000000000000000000, -1.000000000000000000, -0.000000000000000000 ) ) ;
#938 = CARTESIAN_POINT ( 'NONE',  ( -17.33625374393658447, 7.724400000000000155, 17.94599559103337327 ) ) ;
#939 = VERTEX_POINT ( 'NONE', #2818 ) ;
#940 = ORIENTED_EDGE ( 'NONE', *, *, #3702, .F. ) ;
#941 = VERTEX_POINT ( 'NONE', #1969 ) ;
#942 = CARTESIAN_POINT ( 'NONE',  ( 35.11165424889249209, -1.000000000000000000, 36.50532848344725068 ) ) ;
#943 = DIRECTION ( 'NONE',  ( -0.000000000000000000, 1.000000000000000000, -0.000000000000000000 ) ) ;
#944 = VERTEX_POINT ( 'NONE', #1928 ) ;
#945 = EDGE_CURVE ( 'NONE', #3580, #576, #1972, .T. ) ;
#946 = ORIENTED_EDGE ( 'NONE', *, *, #633, .F. ) ;
#947 = LINE ( 'NONE', #651, #2142 ) ;
#948 = CARTESIAN_POINT ( 'NONE',  ( 25.59165424889250318, 3.000000000000000000, -32.47993183372690140 ) ) ;
#949 = DIRECTION ( 'NONE',  ( -0.000000000000000000, 1.000000000000000000, -0.000000000000000000 ) ) ;
#950 = ORIENTED_EDGE ( 'NONE', *, *, #1397, .T. ) ;
#951 = DIRECTION ( 'NONE',  ( -0.000000000000000000, -1.000000000000000000, -0.000000000000000000 ) ) ;
#952 = CARTESIAN_POINT ( 'NONE',  ( -23.68834575110749796, 0.000000000000000000, 34.88032848344725778 ) ) ;
#953 = CIRCLE ( 'NONE', #3497, 2.999999999999995559 ) ;
#954 = LINE ( 'NONE', #1294, #3433 ) ;
#955 = AXIS2_PLACEMENT_3D ( 'NONE', #2543, #1076, #2222 ) ;
#956 = AXIS2_PLACEMENT_3D ( 'NONE', #1344, #2228, #3411 ) ;
#957 = CIRCLE ( 'NONE', #3737, 3.000000000000002665 ) ;
#958 = CARTESIAN_POINT ( 'NONE',  ( -19.04379730505850787, 4.000000000000000000, 27.88032848344725778 ) ) ;
#959 = ORIENTED_EDGE ( 'NONE', *, *, #327, .F. ) ;
#960 = ORIENTED_EDGE ( 'NONE', *, *, #3377, .F. ) ;
#961 = VERTEX_POINT ( 'NONE', #3425 ) ;
#962 = EDGE_CURVE ( 'NONE', #2078, #1059, #2567, .T. ) ;
#963 = CARTESIAN_POINT ( 'NONE',  ( -32.81071896081540018, 8.000000000000000000, 24.06048245696806021 ) ) ;
#964 = CARTESIAN_POINT ( 'NONE',  ( 30.52599171671006317, 8.000000000000000000, 26.11214802058958639 ) ) ;
#965 = ORIENTED_EDGE ( 'NONE', *, *, #8, .F. ) ;
#966 = ADVANCED_FACE ( 'NONE', ( #498 ), #2263, .F. ) ;
#967 = CARTESIAN_POINT ( 'NONE',  ( -8.988345751107500448, 0.7500000000000002220, 37.38032848344725778 ) ) ;
#968 = CARTESIAN_POINT ( 'NONE',  ( -9.408345751107500377, 3.000000000000000000, -33.47993183372690140 ) ) ;
#969 = CARTESIAN_POINT ( 'NONE',  ( 35.11165424889249209, -9.485281374238578422, 34.88032848344725068 ) ) ;
#970 = VERTEX_POINT ( 'NONE', #437 ) ;
#971 = DIRECTION ( 'NONE',  ( -0.000000000000000000, -1.000000000000000000, -0.000000000000000000 ) ) ;
#972 = DIRECTION ( 'NONE',  ( 0.000000000000000000, 0.000000000000000000, -1.000000000000000000 ) ) ;
#973 = VECTOR ( 'NONE', #57, 1000.000000000000000 ) ;
#974 = LINE ( 'NONE', #2732, #2443 ) ;
#975 = CARTESIAN_POINT ( 'NONE',  ( -9.408345751107500377, 3.000000000000000000, -32.47993183372690140 ) ) ;
#976 = CARTESIAN_POINT ( 'NONE',  ( 5.711654248892495289, 4.000000000000000000, 37.38032848344725778 ) ) ;
#977 = ORIENTED_EDGE ( 'NONE', *, *, #814, .T. ) ;
#978 = ADVANCED_FACE ( 'NONE', ( #1629 ), #1400, .F. ) ;
#979 = ORIENTED_EDGE ( 'NONE', *, *, #3099, .T. ) ;
#980 = VERTEX_POINT ( 'NONE', #1049 ) ;
#981 = AXIS2_PLACEMENT_3D ( 'NONE', #2682, #31, #833 ) ;
#982 = EDGE_CURVE ( 'NONE', #2257, #3454, #2226, .T. ) ;
#983 = ADVANCED_FACE ( 'NONE', ( #1725 ), #593, .T. ) ;
#984 = DIRECTION ( 'NONE',  ( 0.000000000000000000, 0.000000000000000000, -1.000000000000000000 ) ) ;
#985 = CIRCLE ( 'NONE', #3460, 2.999999999999995559 ) ;
#986 = DIRECTION ( 'NONE',  ( -0.000000000000000000, 1.000000000000000000, -0.000000000000000000 ) ) ;
#987 = ORIENTED_EDGE ( 'NONE', *, *, #490, .T. ) ;
#988 = CYLINDRICAL_SURFACE ( 'NONE', #912, 1.625000000000004885 ) ;
#989 = FACE_OUTER_BOUND ( 'NONE', #49, .T. ) ;
#990 = AXIS2_PLACEMENT_3D ( 'NONE', #228, #3767, #1124 ) ;
#991 = EDGE_CURVE ( 'NONE', #1196, #2574, #2022, .T. ) ;
#992 = CARTESIAN_POINT ( 'NONE',  ( -46.88834575110750791, -1.000000000000000000, -20.11967151655274222 ) ) ;
#993 = LINE ( 'NONE', #2446, #3000 ) ;
#994 = DIRECTION ( 'NONE',  ( 0.000000000000000000, 0.000000000000000000, 1.000000000000000000 ) ) ;
#995 = EDGE_CURVE ( 'NONE', #3290, #2079, #668, .T. ) ;
#996 = CARTESIAN_POINT ( 'NONE',  ( -17.33625374393658447, 7.724400000000000155, 12.94599559103337327 ) ) ;
#997 = PLANE ( 'NONE',  #93 ) ;
#998 = DIRECTION ( 'NONE',  ( 0.000000000000000000, 1.000000000000000000, 0.000000000000000000 ) ) ;
#999 = ORIENTED_EDGE ( 'NONE', *, *, #3608, .T. ) ;
#1000 = ORIENTED_EDGE ( 'NONE', *, *, #1798, .F. ) ;
#1001 = FACE_OUTER_BOUND ( 'NONE', #3003, .T. ) ;
#1002 = CIRCLE ( 'NONE', #1191, 5.000000000000000888 ) ;
#1003 = LINE ( 'NONE', #673, #3339 ) ;
#1004 = VERTEX_POINT ( 'NONE', #2983 ) ;
#1005 = EDGE_CURVE ( 'NONE', #443, #1502, #2924, .T. ) ;
#1006 = DIRECTION ( 'NONE',  ( 0.000000000000000000, 1.000000000000000000, 0.000000000000000000 ) ) ;
#1007 = LINE ( 'NONE', #98, #3280 ) ;
#1008 = LINE ( 'NONE', #386, #1303 ) ;
#1009 = LINE ( 'NONE', #1600, #835 ) ;
#1010 = FACE_BOUND ( 'NONE', #350, .T. ) ;
#1011 = EDGE_CURVE ( 'NONE', #3649, #1925, #3210, .T. ) ;
#1012 = ORIENTED_EDGE ( 'NONE', *, *, #1869, .T. ) ;
#1013 = EDGE_CURVE ( 'NONE', #3200, #3745, #1199, .T. ) ;
#1014 = DIRECTION ( 'NONE',  ( 0.000000000000000000, 0.000000000000000000, -1.000000000000000000 ) ) ;
#1015 = LINE ( 'NONE', #838, #54 ) ;
#1016 = AXIS2_PLACEMENT_3D ( 'NONE', #2231, #798, #2807 ) ;
#1017 = AXIS2_PLACEMENT_3D ( 'NONE', #129, #3167, #511 ) ;
#1018 = VERTEX_POINT ( 'NONE', #3488 ) ;
#1019 = ORIENTED_EDGE ( 'NONE', *, *, #2975, .F. ) ;
#1020 = PLANE ( 'NONE',  #1017 ) ;
#1021 = CARTESIAN_POINT ( 'NONE',  ( 27.55723239885652731, 0.000000000000000000, 25.68032848344724428 ) ) ;
#1022 = ORIENTED_EDGE ( 'NONE', *, *, #2221, .F. ) ;
#1023 = DIRECTION ( 'NONE',  ( -0.000000000000000000, -1.000000000000000000, -0.000000000000000000 ) ) ;
#1024 = CIRCLE ( 'NONE', #1708, 4.200000000000012612 ) ;
#1025 = DIRECTION ( 'NONE',  ( -0.000000000000000000, 1.000000000000000000, -0.000000000000000000 ) ) ;
#1026 = UNCERTAINTY_MEASURE_WITH_UNIT (LENGTH_MEASURE( 1.000000000000000082E-05 ), #536, 'distance_accuracy_value', 'NONE');
#1027 = FACE_OUTER_BOUND ( 'NONE', #1159, .T. ) ;
#1028 = LINE ( 'NONE', #460, #3134 ) ;
#1029 = LINE ( 'NONE', #3050, #455 ) ;
#1030 = EDGE_CURVE ( 'NONE', #184, #48, #3520, .T. ) ;
#1031 = ADVANCED_FACE ( 'NONE', ( #267 ), #324, .T. ) ;
#1032 = EDGE_LOOP ( 'NONE', ( #1519, #1855, #1135, #1332 ) ) ;
#1033 = ORIENTED_EDGE ( 'NONE', *, *, #1425, .T. ) ;
#1034 = CIRCLE ( 'NONE', #908, 3.000000000000002665 ) ;
#1035 = CARTESIAN_POINT ( 'NONE',  ( 35.11165424889249209, 0.000000000000000000, 36.50532848344725068 ) ) ;
#1036 = EDGE_CURVE ( 'NONE', #1375, #3483, #1232, .T. ) ;
#1037 = VECTOR ( 'NONE', #3671, 1000.000000000000000 ) ;
#1038 = ORIENTED_EDGE ( 'NONE', *, *, #1998, .T. ) ;
#1039 = ORIENTED_EDGE ( 'NONE', *, *, #995, .F. ) ;
#1040 = DIRECTION ( 'NONE',  ( 0.000000000000000000, 1.000000000000000000, 0.000000000000000000 ) ) ;
#1041 = DIRECTION ( 'NONE',  ( -0.000000000000000000, 1.000000000000000000, -0.000000000000000000 ) ) ;
#1042 = AXIS2_PLACEMENT_3D ( 'NONE', #2037, #804, #3477 ) ;
#1043 = ORIENTED_EDGE ( 'NONE', *, *, #2932, .T. ) ;
#1044 = VECTOR ( 'NONE', #2626, 1000.000000000000000 ) ;
#1045 = CYLINDRICAL_SURFACE ( 'NONE', #2575, 2.500000000000002220 ) ;
#1046 = AXIS2_PLACEMENT_3D ( 'NONE', #1766, #1205, #1749 ) ;
#1047 = CIRCLE ( 'NONE', #3523, 5.199999999999989519 ) ;
#1048 = AXIS2_PLACEMENT_3D ( 'NONE', #3740, #1092, #1114 ) ;
#1049 = CARTESIAN_POINT ( 'NONE',  ( 35.97672284755361005, -1.000000000000000000, 41.08032848344724641 ) ) ;
#1050 = LINE ( 'NONE', #426, #24 ) ;
#1051 = PRODUCT_CONTEXT ( 'NONE', #751, 'mechanical' ) ;
#1052 = CARTESIAN_POINT ( 'NONE',  ( 35.11165424889249209, -5.596194077712567605, 33.25532848344725068 ) ) ;
#1053 = ORIENTED_EDGE ( 'NONE', *, *, #2631, .F. ) ;
#1054 = VECTOR ( 'NONE', #2797, 1000.000000000000000 ) ;
#1055 = ORIENTED_EDGE ( 'NONE', *, *, #2354, .F. ) ;
#1056 = EDGE_CURVE ( 'NONE', #1239, #3809, #1459, .T. ) ;
#1057 = CYLINDRICAL_SURFACE ( 'NONE', #1300, 32.39999999999999858 ) ;
#1058 = EDGE_LOOP ( 'NONE', ( #845, #2698 ) ) ;
#1059 = VERTEX_POINT ( 'NONE', #3823 ) ;
#1060 = FACE_OUTER_BOUND ( 'NONE', #3130, .T. ) ;
#1061 = CARTESIAN_POINT ( 'NONE',  ( -9.408345751107500377, 7.724400000000000155, -33.47993183372690140 ) ) ;
#1062 = ORIENTED_EDGE ( 'NONE', *, *, #1132, .F. ) ;
#1063 = CARTESIAN_POINT ( 'NONE',  ( -41.08834575110751075, 4.000000000000000000, -3.869671516552742219 ) ) ;
#1064 = EDGE_CURVE ( 'NONE', #667, #1470, #2646, .T. ) ;
#1065 = DIRECTION ( 'NONE',  ( 0.000000000000000000, 0.000000000000000000, -1.000000000000000000 ) ) ;
#1066 = SURFACE_SIDE_STYLE ('',( #1366 ) ) ;
#1067 = EDGE_CURVE ( 'NONE', #3327, #2506, #250, .T. ) ;
#1068 = DIRECTION ( 'NONE',  ( -0.000000000000000000, 1.000000000000000000, -0.000000000000000000 ) ) ;
#1069 = DIRECTION ( 'NONE',  ( 0.000000000000000000, 0.000000000000000000, 1.000000000000000000 ) ) ;
#1070 = VERTEX_POINT ( 'NONE', #2662 ) ;
#1071 = ORIENTED_EDGE ( 'NONE', *, *, #3502, .F. ) ;
#1072 = ORIENTED_EDGE ( 'NONE', *, *, #575, .T. ) ;
#1073 = FACE_OUTER_BOUND ( 'NONE', #1278, .T. ) ;
#1074 = VERTEX_POINT ( 'NONE', #1777 ) ;
#1075 = ORIENTED_EDGE ( 'NONE', *, *, #1187, .T. ) ;
#1076 = DIRECTION ( 'NONE',  ( -0.000000000000000000, 1.000000000000000000, -0.000000000000000000 ) ) ;
#1077 = AXIS2_PLACEMENT_3D ( 'NONE', #1689, #2517, #214 ) ;
#1078 = DIRECTION ( 'NONE',  ( 0.000000000000000000, -1.000000000000000000, 0.000000000000000000 ) ) ;
#1079 = VECTOR ( 'NONE', #1137, 1000.000000000000000 ) ;
#1080 = ORIENTED_EDGE ( 'NONE', *, *, #2135, .F. ) ;
#1081 = CARTESIAN_POINT ( 'NONE',  ( -50.75815396766853382, 8.000000000000000000, -18.48731605065790973 ) ) ;
#1082 = VECTOR ( 'NONE', #3734, 1000.000000000000000 ) ;
#1083 = VECTOR ( 'NONE', #334, 1000.000000000000000 ) ;
#1084 = CARTESIAN_POINT ( 'NONE',  ( 38.95539120389752696, 8.000000000000000000, -20.72421886855202189 ) ) ;
#1085 = CARTESIAN_POINT ( 'NONE',  ( 37.11165424889249209, 4.000000000000000000, 18.63032848344724357 ) ) ;
#1086 = EDGE_CURVE ( 'NONE', #1470, #2743, #535, .T. ) ;
#1087 = DIRECTION ( 'NONE',  ( 0.3886560633082941640, 0.000000000000000000, 0.9213829087050070532 ) ) ;
#1088 = DIRECTION ( 'NONE',  ( 1.000000000000000000, 0.000000000000000000, 5.743601251035592003E-16 ) ) ;
#1089 = CARTESIAN_POINT ( 'NONE',  ( 8.091654248892503176, 3.000000000000000000, -9.479931833726903179 ) ) ;
#1090 = ORIENTED_EDGE ( 'NONE', *, *, #1994, .T. ) ;
#1091 = VERTEX_POINT ( 'NONE', #3526 ) ;
#1092 = DIRECTION ( 'NONE',  ( -0.000000000000000000, 1.000000000000000000, -0.000000000000000000 ) ) ;
#1093 = AXIS2_PLACEMENT_3D ( 'NONE', #3825, #35, #1463 ) ;
#1094 = ORIENTED_EDGE ( 'NONE', *, *, #749, .F. ) ;
#1095 = ORIENTED_EDGE ( 'NONE', *, *, #2719, .F. ) ;
#1096 = AXIS2_PLACEMENT_3D ( 'NONE', #2605, #2262, #3190 ) ;
#1097 = CARTESIAN_POINT ( 'NONE',  ( 20.41165424889249280, 4.000000000000000000, 32.38032848344725778 ) ) ;
#1098 = DIRECTION ( 'NONE',  ( 0.000000000000000000, 0.000000000000000000, 1.000000000000000000 ) ) ;
#1099 = ADVANCED_FACE ( 'NONE', ( #2606 ), #874, .F. ) ;
#1100 = ORIENTED_EDGE ( 'NONE', *, *, #2734, .T. ) ;
#1101 = EDGE_CURVE ( 'NONE', #2039, #1488, #3236, .T. ) ;
#1102 = CARTESIAN_POINT ( 'NONE',  ( -46.88834575110750791, 4.000000000000000000, -24.31967151655274151 ) ) ;
#1103 = EDGE_CURVE ( 'NONE', #2859, #3147, #2154, .T. ) ;
#1104 = CARTESIAN_POINT ( 'NONE',  ( 43.11165424889249209, -9.485281374238578422, -17.11967151655274222 ) ) ;
#1105 = ORIENTED_EDGE ( 'NONE', *, *, #1782, .T. ) ;
#1106 = CARTESIAN_POINT ( 'NONE',  ( -46.31316667747424276, -1.000000000000000000, -2.803692677565562619 ) ) ;
#1107 = CIRCLE ( 'NONE', #919, 2.999999999999999112 ) ;
#1108 = AXIS2_PLACEMENT_3D ( 'NONE', #465, #1316, #746 ) ;
#1109 = CARTESIAN_POINT ( 'NONE',  ( 43.11165424889249209, -1.000000000000000000, -20.11967151655274222 ) ) ;
#1110 = DIRECTION ( 'NONE',  ( 0.000000000000000000, -0.000000000000000000, 1.000000000000000000 ) ) ;
#1111 = AXIS2_PLACEMENT_3D ( 'NONE', #793, #2513, #3426 ) ;
#1112 = ORIENTED_EDGE ( 'NONE', *, *, #1901, .T. ) ;
#1113 = ORIENTED_EDGE ( 'NONE', *, *, #2246, .T. ) ;
#1114 = DIRECTION ( 'NONE',  ( 0.000000000000000000, 0.000000000000000000, 1.000000000000000000 ) ) ;
#1115 = EDGE_CURVE ( 'NONE', #2825, #2813, #1494, .T. ) ;
#1116 = AXIS2_PLACEMENT_3D ( 'NONE', #3064, #677, #2728 ) ;
#1117 = DIRECTION ( 'NONE',  ( -0.1439398457141108922, 0.000000000000000000, 0.9895864392845115098 ) ) ;
#1118 = EDGE_LOOP ( 'NONE', ( #1215, #446 ) ) ;
#1119 = ORIENTED_EDGE ( 'NONE', *, *, #2568, .F. ) ;
#1120 = LINE ( 'NONE', #2602, #3181 ) ;
#1121 = DIRECTION ( 'NONE',  ( 0.000000000000000000, 1.000000000000000000, 0.000000000000000000 ) ) ;
#1122 = VERTEX_POINT ( 'NONE', #963 ) ;
#1123 = CYLINDRICAL_SURFACE ( 'NONE', #3081, 1.000000000000000888 ) ;
#1124 = DIRECTION ( 'NONE',  ( 0.000000000000000000, 0.000000000000000000, 1.000000000000000000 ) ) ;
#1125 = DIRECTION ( 'NONE',  ( 0.000000000000000000, 0.000000000000000000, 1.000000000000000000 ) ) ;
#1126 = EDGE_LOOP ( 'NONE', ( #2612, #1633, #3611, #2795 ) ) ;
#1127 = CARTESIAN_POINT ( 'NONE',  ( -41.17577171713647033, 8.000000000000000000, -22.52933910906416770 ) ) ;
#1128 = CARTESIAN_POINT ( 'NONE',  ( -8.988345751107500448, 0.7500000000000002220, 37.38032848344725778 ) ) ;
#1129 = CARTESIAN_POINT ( 'NONE',  ( 37.11165424889249209, 0.7500000000000002220, 18.63032848344724357 ) ) ;
#1130 = ORIENTED_EDGE ( 'NONE', *, *, #2681, .F. ) ;
#1131 = CARTESIAN_POINT ( 'NONE',  ( 47.26791729388745011, 8.000000000000000000, -19.51512416455346965 ) ) ;
#1132 = EDGE_CURVE ( 'NONE', #2451, #1207, #3001, .T. ) ;
#1133 = LINE ( 'NONE', #2953, #3481 ) ;
#1134 = EDGE_CURVE ( 'NONE', #1239, #3598, #797, .T. ) ;
#1135 = ORIENTED_EDGE ( 'NONE', *, *, #2501, .F. ) ;
#1136 = ORIENTED_EDGE ( 'NONE', *, *, #2246, .F. ) ;
#1137 = DIRECTION ( 'NONE',  ( -0.000000000000000000, -1.000000000000000000, -0.000000000000000000 ) ) ;
#1138 = CARTESIAN_POINT ( 'NONE',  ( -41.08834575110751075, 0.7500000000000002220, -3.869671516552742219 ) ) ;
#1139 = ORIENTED_EDGE ( 'NONE', *, *, #1005, .F. ) ;
#1140 = CARTESIAN_POINT ( 'NONE',  ( -23.95398695367692810, 3.000000000000000000, -14.25872665210780532 ) ) ;
#1141 = CIRCLE ( 'NONE', #1458, 2.999999999999999112 ) ;
#1142 = CARTESIAN_POINT ( 'NONE',  ( -21.21051370114679457, 3.000000000000002665, 17.08318455200686614 ) ) ;
#1143 = CARTESIAN_POINT ( 'NONE',  ( -35.28834575110749938, 0.7500000000000002220, 7.380328483447256005 ) ) ;
#1144 = AXIS2_PLACEMENT_3D ( 'NONE', #3032, #1918, #407 ) ;
#1145 = CARTESIAN_POINT ( 'NONE',  ( -34.65348477822541184, -1.000000000000000000, 24.83779458358465675 ) ) ;
#1146 = CARTESIAN_POINT ( 'NONE',  ( 25.59165424889250318, 7.724400000000000155, 12.52006816627309860 ) ) ;
#1147 = CARTESIAN_POINT ( 'NONE',  ( 37.11165424889249209, 0.7500000000000002220, 23.63032848344726133 ) ) ;
#1148 = ORIENTED_EDGE ( 'NONE', *, *, #2872, .T. ) ;
#1149 = ORIENTED_EDGE ( 'NONE', *, *, #1115, .F. ) ;
#1150 = EDGE_CURVE ( 'NONE', #216, #3251, #342, .T. ) ;
#1151 = CARTESIAN_POINT ( 'NONE',  ( -33.26837269215165094, 7.724399999999999267, -11.50225702149602292 ) ) ;
#1152 = EDGE_CURVE ( 'NONE', #3147, #2859, #360, .T. ) ;
#1153 = DIRECTION ( 'NONE',  ( 0.000000000000000000, 1.000000000000000000, 0.000000000000000000 ) ) ;
#1154 = VERTEX_POINT ( 'NONE', #73 ) ;
#1155 = VERTEX_POINT ( 'NONE', #926 ) ;
#1156 = ADVANCED_FACE ( 'NONE', ( #3615 ), #381, .F. ) ;
#1157 = CARTESIAN_POINT ( 'NONE',  ( -29.48834575110749867, 0.7500000000000002220, 18.63032848344725778 ) ) ;
#1158 = DIRECTION ( 'NONE',  ( 0.000000000000000000, 0.000000000000000000, 1.000000000000000000 ) ) ;
#1159 = EDGE_LOOP ( 'NONE', ( #3742, #3475, #3007, #3272 ) ) ;
#1160 = DIRECTION ( 'NONE',  ( 0.000000000000000000, 0.000000000000000000, -1.000000000000000000 ) ) ;
#1161 = VECTOR ( 'NONE', #2460, 1000.000000000000000 ) ;
#1162 = ADVANCED_FACE ( 'NONE', ( #3289 ), #3367, .F. ) ;
#1163 = CARTESIAN_POINT ( 'NONE',  ( -23.68834575110749796, -5.596194077712567605, 36.50532848344725778 ) ) ;
#1164 = FACE_OUTER_BOUND ( 'NONE', #2332, .T. ) ;
#1165 = DIRECTION ( 'NONE',  ( 0.000000000000000000, 0.000000000000000000, 1.000000000000000000 ) ) ;
#1166 = PLANE ( 'NONE',  #1545 ) ;
#1167 = VERTEX_POINT ( 'NONE', #1530 ) ;
#1168 = AXIS2_PLACEMENT_3D ( 'NONE', #3787, #2610, #124 ) ;
#1169 = VECTOR ( 'NONE', #2360, 999.9999999999998863 ) ;
#1170 = DIRECTION ( 'NONE',  ( -0.000000000000000000, 1.000000000000000000, -0.000000000000000000 ) ) ;
#1171 = AXIS2_PLACEMENT_3D ( 'NONE', #3555, #2045, #3803 ) ;
#1172 = AXIS2_PLACEMENT_3D ( 'NONE', #425, #3332, #3392 ) ;
#1173 = AXIS2_PLACEMENT_3D ( 'NONE', #3794, #824, #1501 ) ;
#1174 = VECTOR ( 'NONE', #2715, 1000.000000000000000 ) ;
#1175 = LINE ( 'NONE', #259, #3355 ) ;
#1176 = EDGE_CURVE ( 'NONE', #2655, #2257, #3144, .T. ) ;
#1177 = VERTEX_POINT ( 'NONE', #109 ) ;
#1178 = AXIS2_PLACEMENT_3D ( 'NONE', #2534, #1686, #458 ) ;
#1179 = CARTESIAN_POINT ( 'NONE',  ( 38.28871866063111185, 8.000000000000000000, -27.95416526608640240 ) ) ;
#1180 = FACE_OUTER_BOUND ( 'NONE', #165, .T. ) ;
#1181 = VERTEX_POINT ( 'NONE', #3018 ) ;
#1182 = DIRECTION ( 'NONE',  ( 0.000000000000000000, 0.000000000000000000, 1.000000000000000000 ) ) ;
#1183 = DIRECTION ( 'NONE',  ( 0.000000000000000000, 0.000000000000000000, 1.000000000000000000 ) ) ;
#1184 = EDGE_CURVE ( 'NONE', #1836, #142, #1485, .T. ) ;
#1185 = DIRECTION ( 'NONE',  ( -0.000000000000000000, 1.000000000000000000, -0.000000000000000000 ) ) ;
#1186 = PLANE ( 'NONE',  #1821 ) ;
#1187 = EDGE_CURVE ( 'NONE', #1571, #1654, #1875, .T. ) ;
#1188 = DIRECTION ( 'NONE',  ( 0.3886560633082938310, 0.000000000000000000, 0.9213829087050071642 ) ) ;
#1189 = VERTEX_POINT ( 'NONE', #713 ) ;
#1190 =( LENGTH_UNIT ( ) NAMED_UNIT ( * ) SI_UNIT ( .MILLI., .METRE. ) );
#1191 = AXIS2_PLACEMENT_3D ( 'NONE', #938, #1238, #3591 ) ;
#1192 = DIRECTION ( 'NONE',  ( 0.000000000000000000, 0.000000000000000000, 1.000000000000000000 ) ) ;
#1193 = ORIENTED_EDGE ( 'NONE', *, *, #3331, .T. ) ;
#1194 = CARTESIAN_POINT ( 'NONE',  ( -46.88834575110750791, 4.000000000000000000, -20.11967151655274222 ) ) ;
#1195 = CARTESIAN_POINT ( 'NONE',  ( 35.97672284755361005, 8.000000000000000000, 39.08032848344724641 ) ) ;
#1196 = VERTEX_POINT ( 'NONE', #1891 ) ;
#1197 = ORIENTED_EDGE ( 'NONE', *, *, #1220, .T. ) ;
#1198 = CARTESIAN_POINT ( 'NONE',  ( -24.35185267197165260, 8.000000000000000000, 35.88032848344725778 ) ) ;
#1199 = LINE ( 'NONE', #1163, #1661 ) ;
#1200 = VERTEX_POINT ( 'NONE', #2741 ) ;
#1201 = CARTESIAN_POINT ( 'NONE',  ( 29.05617405826471611, 8.000000000000000000, 30.68032848344724783 ) ) ;
#1202 = CARTESIAN_POINT ( 'NONE',  ( 41.12257233183306226, 8.000000000000000000, 36.62881568116063846 ) ) ;
#1203 = ADVANCED_FACE ( 'NONE', ( #1001 ), #3650, .F. ) ;
#1204 = EDGE_CURVE ( 'NONE', #3610, #3612, #3349, .T. ) ;
#1205 = DIRECTION ( 'NONE',  ( -0.000000000000000000, -1.000000000000000000, -0.000000000000000000 ) ) ;
#1206 = VECTOR ( 'NONE', #462, 1000.000000000000000 ) ;
#1207 = VERTEX_POINT ( 'NONE', #1591 ) ;
#1208 = AXIS2_PLACEMENT_3D ( 'NONE', #3484, #868, #530 ) ;
#1209 = CYLINDRICAL_SURFACE ( 'NONE', #2219, 3.000000000000002665 ) ;
#1210 = DIRECTION ( 'NONE',  ( 0.9213829087050070532, 0.000000000000000000, -0.3886560633082939420 ) ) ;
#1211 = ORIENTED_EDGE ( 'NONE', *, *, #2614, .F. ) ;
#1212 = VECTOR ( 'NONE', #264, 1000.000000000000000 ) ;
#1213 = CARTESIAN_POINT ( 'NONE',  ( 8.091654248892503176, 7.724400000000000155, -9.479931833726903179 ) ) ;
#1214 = FACE_BOUND ( 'NONE', #2193, .T. ) ;
#1215 = ORIENTED_EDGE ( 'NONE', *, *, #1312, .F. ) ;
#1216 = ORIENTED_EDGE ( 'NONE', *, *, #392, .F. ) ;
#1217 = ORIENTED_EDGE ( 'NONE', *, *, #748, .F. ) ;
#1218 = DIRECTION ( 'NONE',  ( -0.000000000000000000, 1.000000000000000000, -0.000000000000000000 ) ) ;
#1219 = DIRECTION ( 'NONE',  ( 0.000000000000000000, 0.000000000000000000, -1.000000000000000000 ) ) ;
#1220 = EDGE_CURVE ( 'NONE', #2677, #1433, #608, .T. ) ;
#1221 = VERTEX_POINT ( 'NONE', #1283 ) ;
#1222 = ORIENTED_EDGE ( 'NONE', *, *, #411, .T. ) ;
#1223 = CIRCLE ( 'NONE', #3808, 2.000000000000010658 ) ;
#1224 = DIRECTION ( 'NONE',  ( -0.1439398457141107257, -0.000000000000000000, 0.9895864392845113988 ) ) ;
#1225 = DIRECTION ( 'NONE',  ( 0.000000000000000000, 1.000000000000000000, 0.000000000000000000 ) ) ;
#1226 = FACE_BOUND ( 'NONE', #1118, .T. ) ;
#1227 = AXIS2_PLACEMENT_3D ( 'NONE', #76, #2143, #1262 ) ;
#1228 = ORIENTED_EDGE ( 'NONE', *, *, #1978, .T. ) ;
#1229 = DIRECTION ( 'NONE',  ( 0.000000000000000000, -1.000000000000000000, 0.000000000000000000 ) ) ;
#1230 = AXIS2_PLACEMENT_3D ( 'NONE', #1977, #2597, #1737 ) ;
#1231 = ORIENTED_EDGE ( 'NONE', *, *, #2664, .F. ) ;
#1232 = CIRCLE ( 'NONE', #1544, 6.199999999999992184 ) ;
#1233 = CIRCLE ( 'NONE', #3397, 3.000000000000006217 ) ;
#1234 = PRODUCT_DEFINITION_FORMATION_WITH_SPECIFIED_SOURCE ( 'ANY', '', #1442, .NOT_KNOWN. ) ;
#1235 = CIRCLE ( 'NONE', #3216, 2.799999999999990052 ) ;
#1236 = CARTESIAN_POINT ( 'NONE',  ( 5.711654248892495289, 4.000000000000000000, 34.88032848344725778 ) ) ;
#1237 = ADVANCED_FACE ( 'NONE', ( #2399 ), #3058, .F. ) ;
#1238 = DIRECTION ( 'NONE',  ( 0.000000000000000000, 1.000000000000000000, 0.000000000000000000 ) ) ;
#1239 = VERTEX_POINT ( 'NONE', #3308 ) ;
#1240 = ORIENTED_EDGE ( 'NONE', *, *, #3052, .F. ) ;
#1241 = DIRECTION ( 'NONE',  ( 0.000000000000000000, 1.000000000000000000, 0.000000000000000000 ) ) ;
#1242 = CARTESIAN_POINT ( 'NONE',  ( 35.11165424889249209, -5.596194077712567605, 34.88032848344725068 ) ) ;
#1243 = ORIENTED_EDGE ( 'NONE', *, *, #2887, .T. ) ;
#1244 = CIRCLE ( 'NONE', #1310, 5.000000000000000888 ) ;
#1245 = EDGE_LOOP ( 'NONE', ( #1588, #2611, #2373, #3700 ) ) ;
#1246 = CARTESIAN_POINT ( 'NONE',  ( 29.05617405826471611, 4.000000000000000000, 30.68032848344724783 ) ) ;
#1247 = CARTESIAN_POINT ( 'NONE',  ( 43.11165424889249209, -5.596194077712567605, -18.49467151655273867 ) ) ;
#1248 = DIRECTION ( 'NONE',  ( 0.000000000000000000, 0.000000000000000000, -1.000000000000000000 ) ) ;
#1249 = VERTEX_POINT ( 'NONE', #648 ) ;
#1250 = CARTESIAN_POINT ( 'NONE',  ( -24.35185267197165260, 8.000000000000000000, 35.88032848344725778 ) ) ;
#1251 = DIRECTION ( 'NONE',  ( 0.000000000000000000, 0.000000000000000000, 1.000000000000000000 ) ) ;
#1252 = FACE_OUTER_BOUND ( 'NONE', #2699, .T. ) ;
#1253 = EDGE_CURVE ( 'NONE', #3454, #3436, #52, .T. ) ;
#1254 = CARTESIAN_POINT ( 'NONE',  ( 26.73394114074434214, 7.724400000000000155, 17.01959909498746626 ) ) ;
#1255 = ADVANCED_FACE ( 'NONE', ( #2435 ), #1909, .F. ) ;
#1256 = ORIENTED_EDGE ( 'NONE', *, *, #157, .F. ) ;
#1257 = ORIENTED_EDGE ( 'NONE', *, *, #2354, .T. ) ;
#1258 = ORIENTED_EDGE ( 'NONE', *, *, #1036, .T. ) ;
#1259 = CARTESIAN_POINT ( 'NONE',  ( -24.35185267197165260, 4.000000000000000000, 35.88032848344725778 ) ) ;
#1260 = DIRECTION ( 'NONE',  ( -0.000000000000000000, -1.000000000000000000, -0.000000000000000000 ) ) ;
#1261 = ORIENTED_EDGE ( 'NONE', *, *, #3798, .F. ) ;
#1262 = DIRECTION ( 'NONE',  ( 0.000000000000000000, 0.000000000000000000, 1.000000000000000000 ) ) ;
#1263 = DIRECTION ( 'NONE',  ( -0.000000000000000000, 1.000000000000000000, -0.000000000000000000 ) ) ;
#1264 = DIRECTION ( 'NONE',  ( -0.9895864392845113988, 0.000000000000000000, -0.1439398457141108922 ) ) ;
#1265 = ORIENTED_EDGE ( 'NONE', *, *, #2830, .F. ) ;
#1266 = CARTESIAN_POINT ( 'NONE',  ( 39.11165424889249209, 0.7500000000000002220, 4.880328483447259558 ) ) ;
#1267 = CARTESIAN_POINT ( 'NONE',  ( 8.091654248892503176, 7.724400000000000155, -9.479931833726903179 ) ) ;
#1268 = DIRECTION ( 'NONE',  ( -0.000000000000000000, -1.000000000000000000, -0.000000000000000000 ) ) ;
#1269 = VECTOR ( 'NONE', #3542, 1000.000000000000000 ) ;
#1270 = ADVANCED_FACE ( 'NONE', ( #3420 ), #2259, .F. ) ;
#1271 = CARTESIAN_POINT ( 'NONE',  ( -52.60091978507854549, 8.000000000000000000, -17.71000392404132384 ) ) ;
#1272 = AXIS2_PLACEMENT_3D ( 'NONE', #628, #998, #1810 ) ;
#1273 = EDGE_CURVE ( 'NONE', #248, #1539, #1460, .T. ) ;
#1274 = PRESENTATION_LAYER_ASSIGNMENT (  '', '', ( #2128 ) ) ;
#1275 = EDGE_CURVE ( 'NONE', #3290, #2237, #2563, .T. ) ;
#1276 = CIRCLE ( 'NONE', #2750, 32.39999999999999858 ) ;
#1277 = DIRECTION ( 'NONE',  ( 0.000000000000000000, 0.000000000000000000, 1.000000000000000000 ) ) ;
#1278 = EDGE_LOOP ( 'NONE', ( #3055, #3443, #2810, #3667 ) ) ;
#1279 = ORIENTED_EDGE ( 'NONE', *, *, #1064, .T. ) ;
#1280 = ORIENTED_EDGE ( 'NONE', *, *, #294, .T. ) ;
#1281 = ADVANCED_FACE ( 'NONE', ( #1377 ), #1923, .T. ) ;
#1282 = ORIENTED_EDGE ( 'NONE', *, *, #2484, .T. ) ;
#1283 = CARTESIAN_POINT ( 'NONE',  ( -23.68834575110749796, 0.000000000000000000, 31.88032848344726133 ) ) ;
#1284 = PLANE ( 'NONE',  #2032 ) ;
#1285 = VERTEX_POINT ( 'NONE', #3128 ) ;
#1286 = ADVANCED_FACE ( 'NONE', ( #1060 ), #3111, .F. ) ;
#1287 = CARTESIAN_POINT ( 'NONE',  ( -52.60091978507853838, 8.000000000000000000, -17.71000392404132384 ) ) ;
#1288 = DIRECTION ( 'NONE',  ( 0.000000000000000000, 1.000000000000000000, 0.000000000000000000 ) ) ;
#1289 = CARTESIAN_POINT ( 'NONE',  ( 43.11165424889249209, 8.000000000000000000, -20.11967151655274222 ) ) ;
#1290 = AXIS2_PLACEMENT_3D ( 'NONE', #2591, #3713, #1444 ) ;
#1291 = DIRECTION ( 'NONE',  ( -0.000000000000000000, -1.000000000000000000, -0.000000000000000000 ) ) ;
#1292 = CIRCLE ( 'NONE', #2017, 2.999999999999999112 ) ;
#1293 = LINE ( 'NONE', #1620, #2255 ) ;
#1294 = CARTESIAN_POINT ( 'NONE',  ( 41.19050053357819507, -1.000000000000000000, 22.26711606257264719 ) ) ;
#1295 = FACE_OUTER_BOUND ( 'NONE', #2163, .T. ) ;
#1296 = ORIENTED_EDGE ( 'NONE', *, *, #2013, .F. ) ;
#1297 = ORIENTED_EDGE ( 'NONE', *, *, #1565, .F. ) ;
#1298 = VECTOR ( 'NONE', #1690, 1000.000000000000000 ) ;
#1299 = ORIENTED_EDGE ( 'NONE', *, *, #456, .T. ) ;
#1300 = AXIS2_PLACEMENT_3D ( 'NONE', #3141, #199, #3437 ) ;
#1301 = VERTEX_POINT ( 'NONE', #1641 ) ;
#1302 = DIRECTION ( 'NONE',  ( 0.000000000000000000, 0.000000000000000000, -1.000000000000000000 ) ) ;
#1303 = VECTOR ( 'NONE', #2127, 1000.000000000000227 ) ;
#1304 = CARTESIAN_POINT ( 'NONE',  ( -35.28834575110749938, 4.000000000000000000, 9.880328483447257781 ) ) ;
#1305 = ORIENTED_EDGE ( 'NONE', *, *, #1521, .F. ) ;
#1306 = ADVANCED_FACE ( 'NONE', ( #753 ), #3097, .F. ) ;
#1307 = DIRECTION ( 'NONE',  ( -0.000000000000000000, 1.000000000000000000, -0.000000000000000000 ) ) ;
#1308 = DIRECTION ( 'NONE',  ( 0.000000000000000000, 0.000000000000000000, 1.000000000000000000 ) ) ;
#1309 = VECTOR ( 'NONE', #3690, 1000.000000000000000 ) ;
#1310 = AXIS2_PLACEMENT_3D ( 'NONE', #2461, #2441, #2746 ) ;
#1311 = DIRECTION ( 'NONE',  ( 0.000000000000000000, 0.000000000000000000, 1.000000000000000000 ) ) ;
#1312 = EDGE_CURVE ( 'NONE', #2541, #1337, #2620, .T. ) ;
#1313 = DIRECTION ( 'NONE',  ( 0.000000000000000000, 0.000000000000000000, 1.000000000000000000 ) ) ;
#1314 = CARTESIAN_POINT ( 'NONE',  ( -41.08834575110751075, 0.7500000000000002220, -8.869671516552747548 ) ) ;
#1315 = VERTEX_POINT ( 'NONE', #1097 ) ;
#1316 = DIRECTION ( 'NONE',  ( -0.000000000000000000, 1.000000000000000000, -0.000000000000000000 ) ) ;
#1317 = DIRECTION ( 'NONE',  ( 0.000000000000000000, 0.000000000000000000, 1.000000000000000000 ) ) ;
#1318 = ORIENTED_EDGE ( 'NONE', *, *, #5, .F. ) ;
#1319 = VERTEX_POINT ( 'NONE', #788 ) ;
#1320 = ORIENTED_EDGE ( 'NONE', *, *, #1634, .F. ) ;
#1321 = LINE ( 'NONE', #2493, #2938 ) ;
#1322 = CIRCLE ( 'NONE', #11, 2.499999999999994671 ) ;
#1323 = DIRECTION ( 'NONE',  ( 0.000000000000000000, 1.000000000000000000, 0.000000000000000000 ) ) ;
#1324 = VERTEX_POINT ( 'NONE', #1962 ) ;
#1325 = FACE_OUTER_BOUND ( 'NONE', #712, .T. ) ;
#1326 = EDGE_CURVE ( 'NONE', #1167, #1960, #163, .T. ) ;
#1327 = CYLINDRICAL_SURFACE ( 'NONE', #1914, 2.999999999999999112 ) ;
#1328 = LINE ( 'NONE', #3084, #3329 ) ;
#1329 = DIRECTION ( 'NONE',  ( 0.3886560633082939975, 0.000000000000000000, 0.9213829087050071642 ) ) ;
#1330 = EDGE_CURVE ( 'NONE', #1249, #1796, #494, .T. ) ;
#1331 = CARTESIAN_POINT ( 'NONE',  ( -21.62366944943252278, 8.000000000000000000, 28.96856546071047944 ) ) ;
#1332 = ORIENTED_EDGE ( 'NONE', *, *, #3451, .T. ) ;
#1333 = DIRECTION ( 'NONE',  ( -0.000000000000000000, 1.000000000000000000, -0.000000000000000000 ) ) ;
#1334 = VECTOR ( 'NONE', #1932, 1000.000000000000000 ) ;
#1335 = CIRCLE ( 'NONE', #2617, 3.000000000000002665 ) ;
#1336 = VERTEX_POINT ( 'NONE', #202 ) ;
#1337 = VERTEX_POINT ( 'NONE', #808 ) ;
#1338 = DIRECTION ( 'NONE',  ( -0.000000000000000000, -1.000000000000000000, -0.000000000000000000 ) ) ;
#1339 = CARTESIAN_POINT ( 'NONE',  ( 43.11165424889249209, 0.000000000000000000, -20.11967151655274222 ) ) ;
#1340 = ORIENTED_EDGE ( 'NONE', *, *, #3377, .T. ) ;
#1341 = CARTESIAN_POINT ( 'NONE',  ( -13.93680080371879981, 7.724400000000000155, 14.27942775349858451 ) ) ;
#1342 = AXIS2_PLACEMENT_3D ( 'NONE', #224, #512, #2580 ) ;
#1343 = CARTESIAN_POINT ( 'NONE',  ( -43.01853753454648199, 8.000000000000000000, -21.75202698244757826 ) ) ;
#1344 = CARTESIAN_POINT ( 'NONE',  ( -46.88834575110750791, -1.000000000000000000, -20.11967151655274222 ) ) ;
#1345 = ADVANCED_FACE ( 'NONE', ( #432 ), #1020, .T. ) ;
#1346 = PLANE ( 'NONE',  #724 ) ;
#1347 = DIRECTION ( 'NONE',  ( -0.000000000000000000, 1.000000000000000000, -0.000000000000000000 ) ) ;
#1348 = VERTEX_POINT ( 'NONE', #1697 ) ;
#1349 = ORIENTED_EDGE ( 'NONE', *, *, #1952, .T. ) ;
#1350 = AXIS2_PLACEMENT_3D ( 'NONE', #1778, #2382, #2402 ) ;
#1351 = DIRECTION ( 'NONE',  ( -0.9213829087050069422, 0.000000000000000000, 0.3886560633082946081 ) ) ;
#1352 = VECTOR ( 'NONE', #2509, 1000.000000000000000 ) ;
#1353 = EDGE_CURVE ( 'NONE', #3226, #3173, #1321, .T. ) ;
#1354 = EDGE_LOOP ( 'NONE', ( #2250, #2854, #445, #3075 ) ) ;
#1355 = ORIENTED_EDGE ( 'NONE', *, *, #2504, .F. ) ;
#1356 = ADVANCED_FACE ( 'NONE', ( #2202 ), #3386, .T. ) ;
#1357 = DIRECTION ( 'NONE',  ( 0.1439398457141108922, -0.000000000000000000, -0.9895864392845113988 ) ) ;
#1358 = CARTESIAN_POINT ( 'NONE',  ( 35.97672284755361005, 4.000000000000000000, 35.88032848344725778 ) ) ;
#1359 = ORIENTED_EDGE ( 'NONE', *, *, #1786, .F. ) ;
#1360 = AXIS2_PLACEMENT_3D ( 'NONE', #558, #14, #3253 ) ;
#1361 = CARTESIAN_POINT ( 'NONE',  ( -13.93680080371879981, 7.724400000000000155, 14.27942775349858096 ) ) ;
#1362 = AXIS2_PLACEMENT_3D ( 'NONE', #3453, #1426, #1384 ) ;
#1363 = AXIS2_PLACEMENT_3D ( 'NONE', #2973, #1715, #313 ) ;
#1364 = VECTOR ( 'NONE', #1170, 1000.000000000000000 ) ;
#1365 = DIRECTION ( 'NONE',  ( -0.000000000000000000, 1.000000000000000000, -0.000000000000000000 ) ) ;
#1366 = SURFACE_STYLE_FILL_AREA ( #1665 ) ;
#1367 = DIRECTION ( 'NONE',  ( -0.000000000000000000, 1.000000000000000000, -0.000000000000000000 ) ) ;
#1368 = DIRECTION ( 'NONE',  ( 0.000000000000000000, 0.000000000000000000, 1.000000000000000000 ) ) ;
#1369 = ORIENTED_EDGE ( 'NONE', *, *, #67, .T. ) ;
#1370 = AXIS2_PLACEMENT_3D ( 'NONE', #1339, #2763, #3326 ) ;
#1371 = ORIENTED_EDGE ( 'NONE', *, *, #298, .F. ) ;
#1372 = CARTESIAN_POINT ( 'NONE',  ( 3.659909027071412968, 8.000000000000000000, 8.676508469350315167 ) ) ;
#1373 = EDGE_CURVE ( 'NONE', #1829, #1412, #213, .T. ) ;
#1374 = EDGE_LOOP ( 'NONE', ( #2426, #825, #2198, #3315, #3036, #1072, #767, #3648, #3796, #3434, #2670, #2302 ) ) ;
#1375 = VERTEX_POINT ( 'NONE', #3685 ) ;
#1376 = EDGE_CURVE ( 'NONE', #1207, #980, #1454, .T. ) ;
#1377 = FACE_OUTER_BOUND ( 'NONE', #505, .T. ) ;
#1378 = FACE_OUTER_BOUND ( 'NONE', #39, .T. ) ;
#1379 = ORIENTED_EDGE ( 'NONE', *, *, #3816, .F. ) ;
#1380 = CARTESIAN_POINT ( 'NONE',  ( 43.11165424889249209, 0.000000000000000000, -20.11967151655274222 ) ) ;
#1381 = LINE ( 'NONE', #1343, #805 ) ;
#1382 = DIRECTION ( 'NONE',  ( 0.000000000000000000, 1.000000000000000000, 0.000000000000000000 ) ) ;
#1383 = CARTESIAN_POINT ( 'NONE',  ( -18.85659972112059179, 7.724400000000000155, 13.18274584850880160 ) ) ;
#1384 = DIRECTION ( 'NONE',  ( 0.000000000000000000, 0.000000000000000000, 1.000000000000000000 ) ) ;
#1385 = ORIENTED_EDGE ( 'NONE', *, *, #327, .T. ) ;
#1386 = VERTEX_POINT ( 'NONE', #3519 ) ;
#1387 = CARTESIAN_POINT ( 'NONE',  ( 39.14339945326403836, 8.000000000000000000, 36.34093598973241512 ) ) ;
#1388 = ADVANCED_FACE ( 'NONE', ( #1489 ), #2656, .F. ) ;
#1389 = ADVANCED_FACE ( 'NONE', ( #2041 ), #1435, .F. ) ;
#1390 = EDGE_CURVE ( 'NONE', #483, #1571, #2002, .T. ) ;
#1391 = ORIENTED_EDGE ( 'NONE', *, *, #223, .T. ) ;
#1392 = VERTEX_POINT ( 'NONE', #2939 ) ;
#1393 = CARTESIAN_POINT ( 'NONE',  ( 38.28871866063111185, 8.000000000000000000, -27.95416526608640240 ) ) ;
#1394 = AXIS2_PLACEMENT_3D ( 'NONE', #3786, #855, #2087 ) ;
#1395 = DIRECTION ( 'NONE',  ( 0.000000000000000000, 0.000000000000000000, -1.000000000000000000 ) ) ;
#1396 = CIRCLE ( 'NONE', #1208, 1.625000000000004885 ) ;
#1397 = EDGE_CURVE ( 'NONE', #3304, #1285, #2075, .T. ) ;
#1398 = EDGE_LOOP ( 'NONE', ( #1240, #2413, #131, #2604 ) ) ;
#1399 = CYLINDRICAL_SURFACE ( 'NONE', #2082, 4.199999999999999289 ) ;
#1400 = CYLINDRICAL_SURFACE ( 'NONE', #2025, 1.625000000000004885 ) ;
#1401 = PRESENTATION_STYLE_ASSIGNMENT (( #2862 ) ) ;
#1402 = EDGE_CURVE ( 'NONE', #2051, #2874, #2379, .T. ) ;
#1403 = DIRECTION ( 'NONE',  ( 0.000000000000000000, 0.000000000000000000, 1.000000000000000000 ) ) ;
#1404 = CARTESIAN_POINT ( 'NONE',  ( 47.48786878357054775, 8.000000000000000000, -7.132597424534496078 ) ) ;
#1405 = DIRECTION ( 'NONE',  ( 0.000000000000000000, 1.000000000000000000, 0.000000000000000000 ) ) ;
#1406 = ORIENTED_EDGE ( 'NONE', *, *, #2642, .F. ) ;
#1407 = ORIENTED_EDGE ( 'NONE', *, *, #3383, .F. ) ;
#1408 = EDGE_LOOP ( 'NONE', ( #3094, #1739, #752, #3474, #2020, #1216, #2749, #2897, #189, #289, #2129, #2720, #1094, #650, #2141, #1513, #528, #428, #3439, #3310 ) ) ;
#1409 = DIRECTION ( 'NONE',  ( -0.000000000000000000, -1.000000000000000000, -0.000000000000000000 ) ) ;
#1410 = AXIS2_PLACEMENT_3D ( 'NONE', #308, #1496, #3599 ) ;
#1411 = ORIENTED_EDGE ( 'NONE', *, *, #563, .F. ) ;
#1412 = VERTEX_POINT ( 'NONE', #3779 ) ;
#1413 = VECTOR ( 'NONE', #436, 1000.000000000000114 ) ;
#1414 = DIRECTION ( 'NONE',  ( 0.3886560633082943306, -0.000000000000000000, 0.9213829087050069422 ) ) ;
#1415 = FACE_OUTER_BOUND ( 'NONE', #3151, .T. ) ;
#1416 = ORIENTED_EDGE ( 'NONE', *, *, #466, .F. ) ;
#1417 = DIRECTION ( 'NONE',  ( 0.000000000000000000, 0.000000000000000000, -1.000000000000000000 ) ) ;
#1418 = DIRECTION ( 'NONE',  ( -0.000000000000000000, -1.000000000000000000, -0.000000000000000000 ) ) ;
#1419 = LINE ( 'NONE', #3133, #2469 ) ;
#1420 = EDGE_CURVE ( 'NONE', #1992, #2016, #884, .T. ) ;
#1421 = ORIENTED_EDGE ( 'NONE', *, *, #2357, .T. ) ;
#1422 = FACE_BOUND ( 'NONE', #3670, .T. ) ;
#1423 = AXIS2_PLACEMENT_3D ( 'NONE', #1446, #2326, #3071 ) ;
#1424 = CARTESIAN_POINT ( 'NONE',  ( -0.9691600389936920745, 7.724400000000000155, 21.62732848344724346 ) ) ;
#1425 = EDGE_CURVE ( 'NONE', #1890, #735, #1583, .T. ) ;
#1426 = DIRECTION ( 'NONE',  ( 0.000000000000000000, 1.000000000000000000, 0.000000000000000000 ) ) ;
#1427 = AXIS2_PLACEMENT_3D ( 'NONE', #969, #3065, #3622 ) ;
#1428 = ORIENTED_EDGE ( 'NONE', *, *, #3774, .T. ) ;
#1429 = ORIENTED_EDGE ( 'NONE', *, *, #3442, .T. ) ;
#1430 = FACE_OUTER_BOUND ( 'NONE', #3048, .T. ) ;
#1431 = CIRCLE ( 'NONE', #3465, 1.000000000000000888 ) ;
#1432 = CARTESIAN_POINT ( 'NONE',  ( 38.95539120389752696, 4.000000000000000000, -20.72421886855201834 ) ) ;
#1433 = VERTEX_POINT ( 'NONE', #3797 ) ;
#1434 = EDGE_LOOP ( 'NONE', ( #2565, #527 ) ) ;
#1435 = CYLINDRICAL_SURFACE ( 'NONE', #1937, 2.999999999999999112 ) ;
#1436 = CARTESIAN_POINT ( 'NONE',  ( -46.88834575110750791, 0.000000000000000000, -20.11967151655274222 ) ) ;
#1437 = ORIENTED_EDGE ( 'NONE', *, *, #1952, .F. ) ;
#1438 = CARTESIAN_POINT ( 'NONE',  ( 35.97672284755361005, 4.000000000000000000, 39.08032848344724641 ) ) ;
#1439 = CARTESIAN_POINT ( 'NONE',  ( -46.88834575110750791, 8.000000000000000000, -20.11967151655274222 ) ) ;
#1440 = EDGE_CURVE ( 'NONE', #3482, #3301, #3303, .T. ) ;
#1441 = FACE_OUTER_BOUND ( 'NONE', #2573, .T. ) ;
#1442 = PRODUCT ( 'Chip Holder', 'Chip Holder', '', ( #1051 ) ) ;
#1443 = EDGE_CURVE ( 'NONE', #1696, #2452, #2371, .T. ) ;
#1444 = DIRECTION ( 'NONE',  ( -1.000000000000000000, 0.000000000000000000, -5.743601251035592003E-16 ) ) ;
#1445 = DIRECTION ( 'NONE',  ( -0.3886560633082940530, -0.000000000000000000, -0.9213829087050070532 ) ) ;
#1446 = CARTESIAN_POINT ( 'NONE',  ( -9.408345751107500377, 7.724400000000000155, -32.47993183372690140 ) ) ;
#1447 = ORIENTED_EDGE ( 'NONE', *, *, #125, .F. ) ;
#1448 = ORIENTED_EDGE ( 'NONE', *, *, #2599, .T. ) ;
#1449 = EDGE_CURVE ( 'NONE', #735, #1890, #3063, .T. ) ;
#1450 = CARTESIAN_POINT ( 'NONE',  ( 37.11165424889249209, 0.7500000000000002220, 21.13032848344725068 ) ) ;
#1451 = DIRECTION ( 'NONE',  ( -0.000000000000000000, 1.000000000000000000, -0.000000000000000000 ) ) ;
#1452 = ORIENTED_EDGE ( 'NONE', *, *, #298, .T. ) ;
#1453 = VERTEX_POINT ( 'NONE', #3503 ) ;
#1454 = LINE ( 'NONE', #3814, #2254 ) ;
#1455 = CARTESIAN_POINT ( 'NONE',  ( 43.11165424889249209, 0.000000000000000000, -21.74467151655274932 ) ) ;
#1456 = EDGE_LOOP ( 'NONE', ( #3257, #1355 ) ) ;
#1457 = CYLINDRICAL_SURFACE ( 'NONE', #796, 3.199999999999994404 ) ;
#1458 = AXIS2_PLACEMENT_3D ( 'NONE', #388, #720, #3085 ) ;
#1459 = LINE ( 'NONE', #2339, #2829 ) ;
#1460 = CIRCLE ( 'NONE', #2871, 2.999999999999999112 ) ;
#1461 = VECTOR ( 'NONE', #251, 1000.000000000000000 ) ;
#1462 = CIRCLE ( 'NONE', #773, 32.39999999999999858 ) ;
#1463 = DIRECTION ( 'NONE',  ( 0.000000000000000000, 0.000000000000000000, 1.000000000000000000 ) ) ;
#1464 = CARTESIAN_POINT ( 'NONE',  ( -36.03252141826668264, 3.000000000000000000, -10.33628883157113343 ) ) ;
#1465 = CARTESIAN_POINT ( 'NONE',  ( 43.11165424889249209, -1.000000000000000000, -20.11967151655274222 ) ) ;
#1466 = PRODUCT_RELATED_PRODUCT_CATEGORY ( 'part', '', ( #1442 ) ) ;
#1467 = VERTEX_POINT ( 'NONE', #2621 ) ;
#1468 = LINE ( 'NONE', #2632, #1364 ) ;
#1469 = DIRECTION ( 'NONE',  ( 0.000000000000000000, -1.000000000000000000, 0.000000000000000000 ) ) ;
#1470 = VERTEX_POINT ( 'NONE', #3550 ) ;
#1471 = CARTESIAN_POINT ( 'NONE',  ( -9.408345751107500377, 7.724400000000000155, 13.52006816627309504 ) ) ;
#1472 = EDGE_CURVE ( 'NONE', #893, #1795, #1396, .T. ) ;
#1473 = CARTESIAN_POINT ( 'NONE',  ( 3.659909027071412968, -30.46152820551968077, 8.676508469350315167 ) ) ;
#1474 = VERTEX_POINT ( 'NONE', #3231 ) ;
#1475 = DIRECTION ( 'NONE',  ( 0.000000000000000000, 0.000000000000000000, 1.000000000000000000 ) ) ;
#1476 = EDGE_CURVE ( 'NONE', #2538, #667, #607, .T. ) ;
#1477 = AXIS2_PLACEMENT_3D ( 'NONE', #346, #17, #1820 ) ;
#1478 = CARTESIAN_POINT ( 'NONE',  ( -8.988345751107500448, 0.7500000000000002220, 34.88032848344725778 ) ) ;
#1479 = CARTESIAN_POINT ( 'NONE',  ( 31.42883813376933588, 7.724400000000000155, 19.90507890330705010 ) ) ;
#1480 = DIRECTION ( 'NONE',  ( 0.000000000000000000, 1.000000000000000000, 0.000000000000000000 ) ) ;
#1481 = CARTESIAN_POINT ( 'NONE',  ( 47.26791729388745011, 8.000000000000000000, -19.51512416455346965 ) ) ;
#1482 = VERTEX_POINT ( 'NONE', #2876 ) ;
#1483 = CIRCLE ( 'NONE', #664, 32.39999999999999858 ) ;
#1484 = DIRECTION ( 'NONE',  ( 0.000000000000000000, 0.000000000000000000, -1.000000000000000000 ) ) ;
#1485 = CIRCLE ( 'NONE', #1966, 2.500000000000002220 ) ;
#1486 = CIRCLE ( 'NONE', #1968, 2.500000000000002220 ) ;
#1487 = LINE ( 'NONE', #1432, #2156 ) ;
#1488 = VERTEX_POINT ( 'NONE', #222 ) ;
#1489 = FACE_OUTER_BOUND ( 'NONE', #690, .T. ) ;
#1490 = FACE_OUTER_BOUND ( 'NONE', #1245, .T. ) ;
#1491 = ORIENTED_EDGE ( 'NONE', *, *, #3099, .F. ) ;
#1492 = DIRECTION ( 'NONE',  ( 0.000000000000000000, 0.000000000000000000, 1.000000000000000000 ) ) ;
#1493 = EDGE_CURVE ( 'NONE', #1920, #3266, #1999, .T. ) ;
#1494 = LINE ( 'NONE', #616, #3395 ) ;
#1495 = VERTEX_POINT ( 'NONE', #3762 ) ;
#1496 = DIRECTION ( 'NONE',  ( -0.9895864392845113988, 0.000000000000000000, -0.1439398457141108922 ) ) ;
#1497 = CARTESIAN_POINT ( 'NONE',  ( 38.95539120389752696, 8.000000000000000000, -20.72421886855202189 ) ) ;
#1498 = DIRECTION ( 'NONE',  ( 0.000000000000000000, 1.000000000000000000, 0.000000000000000000 ) ) ;
#1499 = ORIENTED_EDGE ( 'NONE', *, *, #1402, .T. ) ;
#1500 = DIRECTION ( 'NONE',  ( 0.000000000000000000, -1.000000000000000000, 0.000000000000000000 ) ) ;
#1501 = DIRECTION ( 'NONE',  ( 0.000000000000000000, 0.000000000000000000, 1.000000000000000000 ) ) ;
#1502 = VERTEX_POINT ( 'NONE', #1756 ) ;
#1503 = EDGE_CURVE ( 'NONE', #483, #2833, #1120, .T. ) ;
#1504 = DIRECTION ( 'NONE',  ( 0.000000000000000000, 0.000000000000000000, -1.000000000000000000 ) ) ;
#1505 = EDGE_CURVE ( 'NONE', #3038, #3016, #2316, .T. ) ;
#1506 = EDGE_CURVE ( 'NONE', #3020, #272, #3627, .T. ) ;
#1507 = LINE ( 'NONE', #1811, #1212 ) ;
#1508 = ORIENTED_EDGE ( 'NONE', *, *, #748, .T. ) ;
#1509 = VERTEX_POINT ( 'NONE', #976 ) ;
#1510 = DIRECTION ( 'NONE',  ( -0.000000000000000000, 1.000000000000000000, -0.000000000000000000 ) ) ;
#1511 = DIRECTION ( 'NONE',  ( 0.000000000000000000, 0.000000000000000000, 1.000000000000000000 ) ) ;
#1512 = ORIENTED_EDGE ( 'NONE', *, *, #2755, .F. ) ;
#1513 = ORIENTED_EDGE ( 'NONE', *, *, #3613, .F. ) ;
#1514 = FACE_OUTER_BOUND ( 'NONE', #2314, .T. ) ;
#1515 = CARTESIAN_POINT ( 'NONE',  ( -35.28834575110749938, 4.000000000000000000, 7.380328483447256005 ) ) ;
#1516 = LINE ( 'NONE', #2384, #2525 ) ;
#1517 = EDGE_CURVE ( 'NONE', #3226, #3057, #2718, .T. ) ;
#1518 = CIRCLE ( 'NONE', #394, 6.200000000000005507 ) ;
#1519 = ORIENTED_EDGE ( 'NONE', *, *, #3191, .T. ) ;
#1520 = VECTOR ( 'NONE', #2018, 1000.000000000000000 ) ;
#1521 = EDGE_CURVE ( 'NONE', #2596, #205, #3647, .T. ) ;
#1522 = CYLINDRICAL_SURFACE ( 'NONE', #1763, 2.500000000000002220 ) ;
#1523 = CIRCLE ( 'NONE', #3008, 2.500000000000002220 ) ;
#1524 = CARTESIAN_POINT ( 'NONE',  ( 41.12257233183306226, -1.000000000000000000, 36.62881568116064557 ) ) ;
#1525 = DIRECTION ( 'NONE',  ( -0.000000000000000000, 1.000000000000000000, -0.000000000000000000 ) ) ;
#1526 = VERTEX_POINT ( 'NONE', #2097 ) ;
#1527 = ORIENTED_EDGE ( 'NONE', *, *, #1930, .F. ) ;
#1528 = ORIENTED_EDGE ( 'NONE', *, *, #157, .T. ) ;
#1529 = CARTESIAN_POINT ( 'NONE',  ( 39.11165424889249209, 4.000000000000000000, 9.880328483447250676 ) ) ;
#1530 = CARTESIAN_POINT ( 'NONE',  ( 41.19050053357818797, 4.000000000000000000, 22.26711606257264364 ) ) ;
#1531 = EDGE_LOOP ( 'NONE', ( #979, #3056 ) ) ;
#1532 = EDGE_LOOP ( 'NONE', ( #1755, #3532, #2276, #2816 ) ) ;
#1533 = CIRCLE ( 'NONE', #3684, 1.625000000000004885 ) ;
#1534 = CARTESIAN_POINT ( 'NONE',  ( -41.08834575110751075, 0.7500000000000002220, -6.369671516552744883 ) ) ;
#1535 = DIRECTION ( 'NONE',  ( -0.000000000000000000, -1.000000000000000000, -0.000000000000000000 ) ) ;
#1536 = CARTESIAN_POINT ( 'NONE',  ( 43.11165424889249209, 8.000000000000000000, -24.31967151655275572 ) ) ;
#1537 = AXIS2_PLACEMENT_3D ( 'NONE', #1380, #1684, #2546 ) ;
#1538 = EDGE_CURVE ( 'NONE', #1696, #180, #451, .T. ) ;
#1539 = VERTEX_POINT ( 'NONE', #3035 ) ;
#1540 = DIRECTION ( 'NONE',  ( 0.000000000000000000, 1.000000000000000000, 0.000000000000000000 ) ) ;
#1541 = EDGE_CURVE ( 'NONE', #1200, #2051, #1827, .T. ) ;
#1542 = CARTESIAN_POINT ( 'NONE',  ( -23.97466242726181562, 3.000000000000000000, 18.24915274193174497 ) ) ;
#1543 = AXIS2_PLACEMENT_3D ( 'NONE', #1450, #1768, #2951 ) ;
#1544 = AXIS2_PLACEMENT_3D ( 'NONE', #1439, #2322, #1511 ) ;
#1545 = AXIS2_PLACEMENT_3D ( 'NONE', #310, #2088, #349 ) ;
#1546 = CIRCLE ( 'NONE', #1851, 2.500000000000002220 ) ;
#1547 = AXIS2_PLACEMENT_3D ( 'NONE', #3079, #693, #649 ) ;
#1548 = DIRECTION ( 'NONE',  ( -0.000000000000000000, -1.000000000000000000, -0.000000000000000000 ) ) ;
#1549 = ORIENTED_EDGE ( 'NONE', *, *, #2830, .T. ) ;
#1550 = VERTEX_POINT ( 'NONE', #3609 ) ;
#1551 = VERTEX_POINT ( 'NONE', #2113 ) ;
#1552 = CYLINDRICAL_SURFACE ( 'NONE', #3813, 2.499999999999995115 ) ;
#1553 = DIRECTION ( 'NONE',  ( 0.000000000000000000, 1.000000000000000000, 0.000000000000000000 ) ) ;
#1554 = CARTESIAN_POINT ( 'NONE',  ( 35.97672284755361005, 8.000000000000000000, 35.88032848344725778 ) ) ;
#1555 = EDGE_LOOP ( 'NONE', ( #1000, #2556, #933, #3630 ) ) ;
#1556 = LINE ( 'NONE', #2786, #1161 ) ;
#1557 = ADVANCED_FACE ( 'NONE', ( #336 ), #3362, .F. ) ;
#1558 = FACE_OUTER_BOUND ( 'NONE', #1723, .T. ) ;
#1559 = CARTESIAN_POINT ( 'NONE',  ( 25.59165424889250318, 3.000000000000000000, -31.47993183372690140 ) ) ;
#1560 = ADVANCED_FACE ( 'NONE', ( #104 ), #2735, .F. ) ;
#1561 = ORIENTED_EDGE ( 'NONE', *, *, #3282, .F. ) ;
#1562 = CYLINDRICAL_SURFACE ( 'NONE', #179, 1.000000000000000888 ) ;
#1563 = CARTESIAN_POINT ( 'NONE',  ( 41.11165424889248499, 0.7500000000000002220, -6.369671516552745771 ) ) ;
#1564 = DIRECTION ( 'NONE',  ( 0.000000000000000000, 0.000000000000000000, -1.000000000000000000 ) ) ;
#1565 = EDGE_CURVE ( 'NONE', #2778, #839, #1607, .T. ) ;
#1566 = DIRECTION ( 'NONE',  ( 0.000000000000000000, 0.000000000000000000, 1.000000000000000000 ) ) ;
#1567 = ADVANCED_FACE ( 'NONE', ( #1295 ), #2158, .F. ) ;
#1568 = ORIENTED_EDGE ( 'NONE', *, *, #3068, .F. ) ;
#1569 = ORIENTED_EDGE ( 'NONE', *, *, #2681, .T. ) ;
#1570 = VERTEX_POINT ( 'NONE', #2134 ) ;
#1571 = VERTEX_POINT ( 'NONE', #26 ) ;
#1572 = CARTESIAN_POINT ( 'NONE',  ( 27.55723239885652731, -1.000000000000000000, 28.68032848344724073 ) ) ;
#1573 = LINE ( 'NONE', #2165, #1054 ) ;
#1574 = ORIENTED_EDGE ( 'NONE', *, *, #3659, .F. ) ;
#1575 = CARTESIAN_POINT ( 'NONE',  ( -46.88834575110750791, 0.000000000000000000, -20.11967151655274222 ) ) ;
#1576 = CARTESIAN_POINT ( 'NONE',  ( 33.61297185888875561, 3.000000000000000000, 4.889159543111107453 ) ) ;
#1577 = LINE ( 'NONE', #3639, #2648 ) ;
#1578 = ORIENTED_EDGE ( 'NONE', *, *, #175, .F. ) ;
#1579 = DIRECTION ( 'NONE',  ( -0.1439398457141108922, 0.000000000000000000, 0.9895864392845113988 ) ) ;
#1580 = CARTESIAN_POINT ( 'NONE',  ( -46.88834575110750791, 8.000000000000000000, -20.11967151655274222 ) ) ;
#1581 = VECTOR ( 'NONE', #2404, 1000.000000000000000 ) ;
#1582 = CARTESIAN_POINT ( 'NONE',  ( -8.988345751107500448, 0.7500000000000002220, 34.88032848344725778 ) ) ;
#1583 = CIRCLE ( 'NONE', #25, 1.000000000000000888 ) ;
#1584 = AXIS2_PLACEMENT_3D ( 'NONE', #1563, #2485, #3625 ) ;
#1585 = CIRCLE ( 'NONE', #2130, 1.999999999999998224 ) ;
#1586 = CARTESIAN_POINT ( 'NONE',  ( 37.11165424889249209, 0.7500000000000002220, 21.13032848344725068 ) ) ;
#1587 = ORIENTED_EDGE ( 'NONE', *, *, #3168, .F. ) ;
#1588 = ORIENTED_EDGE ( 'NONE', *, *, #2550, .F. ) ;
#1589 = EDGE_LOOP ( 'NONE', ( #2740, #344, #2584, #491 ) ) ;
#1590 = EDGE_CURVE ( 'NONE', #1695, #1857, #2217, .T. ) ;
#1591 = CARTESIAN_POINT ( 'NONE',  ( 35.97672284755361005, 8.000000000000000000, 41.08032848344724641 ) ) ;
#1592 = DIRECTION ( 'NONE',  ( 0.000000000000000000, 1.000000000000000000, 0.000000000000000000 ) ) ;
#1593 = ADVANCED_BREP_SHAPE_REPRESENTATION ( 'Chip Holder', ( #2181, #2903 ), #549 ) ;
#1594 = EDGE_CURVE ( 'NONE', #3662, #1888, #2414, .T. ) ;
#1595 = ORIENTED_EDGE ( 'NONE', *, *, #1330, .T. ) ;
#1596 = LINE ( 'NONE', #737, #2695 ) ;
#1597 = CARTESIAN_POINT ( 'NONE',  ( 39.11165424889249209, 4.000000000000000000, 7.380328483447255117 ) ) ;
#1598 = CARTESIAN_POINT ( 'NONE',  ( 49.24709017245647402, 8.000000000000000000, -19.22724447312524632 ) ) ;
#1599 = VECTOR ( 'NONE', #3581, 1000.000000000000000 ) ;
#1600 = CARTESIAN_POINT ( 'NONE',  ( -50.75815396766853382, 8.000000000000000000, -18.48731605065790973 ) ) ;
#1601 = LINE ( 'NONE', #121, #149 ) ;
#1602 = LINE ( 'NONE', #1271, #2346 ) ;
#1603 = CARTESIAN_POINT ( 'NONE',  ( 8.091654248892503176, 7.724400000000000155, -9.479931833726903179 ) ) ;
#1604 = ADVANCED_FACE ( 'NONE', ( #2177 ), #3345, .T. ) ;
#1605 = ORIENTED_EDGE ( 'NONE', *, *, #1187, .F. ) ;
#1606 = EDGE_CURVE ( 'NONE', #2574, #1509, #114, .T. ) ;
#1607 = CIRCLE ( 'NONE', #296, 2.799999999999993605 ) ;
#1608 = ORIENTED_EDGE ( 'NONE', *, *, #3769, .T. ) ;
#1609 = AXIS2_PLACEMENT_3D ( 'NONE', #3402, #444, #3017 ) ;
#1610 = ORIENTED_EDGE ( 'NONE', *, *, #1472, .F. ) ;
#1611 = DIRECTION ( 'NONE',  ( 0.000000000000000000, 0.000000000000000000, 1.000000000000000000 ) ) ;
#1612 = CIRCLE ( 'NONE', #2831, 2.000000000000001776 ) ;
#1613 = CARTESIAN_POINT ( 'NONE',  ( -46.88834575110750791, 4.000000000000000000, -20.11967151655274222 ) ) ;
#1614 = ADVANCED_FACE ( 'NONE', ( #316 ), #2674, .T. ) ;
#1615 = EDGE_LOOP ( 'NONE', ( #2115, #3369 ) ) ;
#1616 = DIRECTION ( 'NONE',  ( 0.000000000000000000, 0.000000000000000000, 1.000000000000000000 ) ) ;
#1617 = LINE ( 'NONE', #1576, #744 ) ;
#1618 = DIRECTION ( 'NONE',  ( 0.000000000000000000, 0.000000000000000000, -1.000000000000000000 ) ) ;
#1619 = LINE ( 'NONE', #2190, #642 ) ;
#1620 = CARTESIAN_POINT ( 'NONE',  ( 40.90262084214997174, -30.46152820551968077, 24.24628894114167110 ) ) ;
#1621 = VERTEX_POINT ( 'NONE', #1524 ) ;
#1622 = CARTESIAN_POINT ( 'NONE',  ( 37.11165424889249209, 0.7500000000000002220, 21.13032848344725068 ) ) ;
#1623 = EDGE_LOOP ( 'NONE', ( #2299, #225, #1105, #977 ) ) ;
#1624 = VERTEX_POINT ( 'NONE', #2694 ) ;
#1625 = CARTESIAN_POINT ( 'NONE',  ( -24.35185267197165260, 8.000000000000000000, 39.08032848344725352 ) ) ;
#1626 = CARTESIAN_POINT ( 'NONE',  ( 29.05617405826471611, 4.000000000000000000, 27.88032848344725778 ) ) ;
#1627 = ORIENTED_EDGE ( 'NONE', *, *, #2216, .F. ) ;
#1628 = FACE_OUTER_BOUND ( 'NONE', #1555, .T. ) ;
#1629 = FACE_OUTER_BOUND ( 'NONE', #3696, .T. ) ;
#1630 = CARTESIAN_POINT ( 'NONE',  ( 35.11165424889249209, -5.596194077712567605, 36.50532848344725068 ) ) ;
#1631 = FACE_OUTER_BOUND ( 'NONE', #2890, .T. ) ;
#1632 = DIRECTION ( 'NONE',  ( 0.000000000000000000, -1.000000000000000000, 0.000000000000000000 ) ) ;
#1633 = ORIENTED_EDGE ( 'NONE', *, *, #3072, .T. ) ;
#1634 = EDGE_CURVE ( 'NONE', #2039, #3038, #176, .T. ) ;
#1635 = ORIENTED_EDGE ( 'NONE', *, *, #2197, .T. ) ;
#1636 = DIRECTION ( 'NONE',  ( 0.000000000000000000, 0.000000000000000000, 1.000000000000000000 ) ) ;
#1637 = VECTOR ( 'NONE', #68, 999.9999999999998863 ) ;
#1638 = AXIS2_PLACEMENT_3D ( 'NONE', #1580, #2464, #703 ) ;
#1639 = ORIENTED_EDGE ( 'NONE', *, *, #453, .T. ) ;
#1640 = VERTEX_POINT ( 'NONE', #3772 ) ;
#1641 = CARTESIAN_POINT ( 'NONE',  ( 39.14339945326403836, 8.000000000000000000, 36.34093598973241512 ) ) ;
#1642 = CARTESIAN_POINT ( 'NONE',  ( 37.68740930272806366, -1.000000000000000000, -23.12259788328400134 ) ) ;
#1643 = ORIENTED_EDGE ( 'NONE', *, *, #3072, .F. ) ;
#1644 = CYLINDRICAL_SURFACE ( 'NONE', #2706, 2.799999999999993605 ) ;
#1645 = CARTESIAN_POINT ( 'NONE',  ( -23.68834575110749796, -5.596194077712567605, 34.88032848344725778 ) ) ;
#1646 = CARTESIAN_POINT ( 'NONE',  ( 39.11165424889249209, 0.7500000000000002220, 4.880328483447259558 ) ) ;
#1647 = DIRECTION ( 'NONE',  ( 0.000000000000000000, 1.000000000000000000, 0.000000000000000000 ) ) ;
#1648 = CYLINDRICAL_SURFACE ( 'NONE', #211, 2.999999999999999112 ) ;
#1649 = ADVANCED_FACE ( 'NONE', ( #2571 ), #3753, .T. ) ;
#1650 = ORIENTED_EDGE ( 'NONE', *, *, #1376, .T. ) ;
#1652 = ORIENTED_EDGE ( 'NONE', *, *, #3158, .F. ) ;
#1651 = EDGE_CURVE ( 'NONE', #770, #3137, #1731, .T. ) ;
#1653 = CARTESIAN_POINT ( 'NONE',  ( -27.37895597688944349, 7.724399999999999267, -10.23294524575310938 ) ) ;
#1654 = VERTEX_POINT ( 'NONE', #3176 ) ;
#1655 = ORIENTED_EDGE ( 'NONE', *, *, #2599, .F. ) ;
#1656 = DIRECTION ( 'NONE',  ( -1.000000000000000000, 0.000000000000000000, 1.150183614340680878E-16 ) ) ;
#1657 = DIRECTION ( 'NONE',  ( 0.000000000000000000, -0.000000000000000000, 1.000000000000000000 ) ) ;
#1658 = AXIS2_PLACEMENT_3D ( 'NONE', #687, #3319, #3284 ) ;
#1659 = AXIS2_PLACEMENT_3D ( 'NONE', #615, #2980, #322 ) ;
#1660 = ORIENTED_EDGE ( 'NONE', *, *, #1538, .T. ) ;
#1661 = VECTOR ( 'NONE', #3783, 1000.000000000000000 ) ;
#1662 = DIRECTION ( 'NONE',  ( 0.000000000000000000, 1.000000000000000000, 0.000000000000000000 ) ) ;
#1663 = AXIS2_PLACEMENT_3D ( 'NONE', #3228, #3479, #277 ) ;
#1664 = CYLINDRICAL_SURFACE ( 'NONE', #990, 1.625000000000004885 ) ;
#1665 = FILL_AREA_STYLE ('',( #475 ) ) ;
#1666 = EDGE_CURVE ( 'NONE', #216, #2331, #2771, .T. ) ;
#1667 = FACE_OUTER_BOUND ( 'NONE', #3722, .T. ) ;
#1668 = AXIS2_PLACEMENT_3D ( 'NONE', #1948, #1913, #191 ) ;
#1669 = CARTESIAN_POINT ( 'NONE',  ( -45.24771298668080988, 3.999999999999996447, -5.423770621592169938 ) ) ;
#1670 = EDGE_CURVE ( 'NONE', #1348, #1888, #2465, .T. ) ;
#1671 = CARTESIAN_POINT ( 'NONE',  ( -9.408345751107500377, 3.000000000000000000, -32.47993183372690140 ) ) ;
#1672 = EDGE_CURVE ( 'NONE', #3773, #1934, #1107, .T. ) ;
#1673 = ORIENTED_EDGE ( 'NONE', *, *, #3560, .F. ) ;
#1674 = ORIENTED_EDGE ( 'NONE', *, *, #898, .F. ) ;
#1675 = ORIENTED_EDGE ( 'NONE', *, *, #275, .F. ) ;
#1676 = LINE ( 'NONE', #3663, #2153 ) ;
#1677 = EDGE_CURVE ( 'NONE', #3461, #2237, #1483, .T. ) ;
#1678 = ORIENTED_EDGE ( 'NONE', *, *, #962, .T. ) ;
#1679 = ORIENTED_EDGE ( 'NONE', *, *, #3706, .T. ) ;
#1680 = CARTESIAN_POINT ( 'NONE',  ( 28.46007881591580713, 7.724400000000000155, 16.47325936616472219 ) ) ;
#1681 = EDGE_CURVE ( 'NONE', #2394, #1122, #2776, .T. ) ;
#1682 = DIRECTION ( 'NONE',  ( 0.000000000000000000, 1.000000000000000000, 0.000000000000000000 ) ) ;
#1683 = ORIENTED_EDGE ( 'NONE', *, *, #2173, .F. ) ;
#1684 = DIRECTION ( 'NONE',  ( 0.000000000000000000, 1.000000000000000000, 0.000000000000000000 ) ) ;
#1685 = AXIS2_PLACEMENT_3D ( 'NONE', #1473, #2623, #1793 ) ;
#1686 = DIRECTION ( 'NONE',  ( -0.000000000000000000, -1.000000000000000000, -0.000000000000000000 ) ) ;
#1687 = DIRECTION ( 'NONE',  ( -0.000000000000000000, -1.000000000000000000, -0.000000000000000000 ) ) ;
#1688 = DIRECTION ( 'NONE',  ( 0.000000000000000000, 1.000000000000000000, 0.000000000000000000 ) ) ;
#1689 = CARTESIAN_POINT ( 'NONE',  ( -46.88834575110750791, 8.000000000000000000, -20.11967151655274222 ) ) ;
#1690 = DIRECTION ( 'NONE',  ( -0.000000000000000000, 1.000000000000000000, -0.000000000000000000 ) ) ;
#1691 = ORIENTED_EDGE ( 'NONE', *, *, #2679, .F. ) ;
#1692 = VERTEX_POINT ( 'NONE', #2268 ) ;
#1693 = ORIENTED_EDGE ( 'NONE', *, *, #125, .T. ) ;
#1694 = CARTESIAN_POINT ( 'NONE',  ( -36.47062798788682159, -30.46152820551968077, 15.38397398761771306 ) ) ;
#1695 = VERTEX_POINT ( 'NONE', #1147 ) ;
#1696 = VERTEX_POINT ( 'NONE', #1990 ) ;
#1697 = CARTESIAN_POINT ( 'NONE',  ( -13.93680080371879981, 3.000000000000000000, 14.27942775349858096 ) ) ;
#1698 = EDGE_CURVE ( 'NONE', #830, #1285, #3270, .T. ) ;
#1699 = CARTESIAN_POINT ( 'NONE',  ( 28.46007881591580713, 7.724400000000000155, 19.47325936616471864 ) ) ;
#1700 = VECTOR ( 'NONE', #1357, 1000.000000000000000 ) ;
#1701 = ORIENTED_EDGE ( 'NONE', *, *, #3730, .T. ) ;
#1702 = LINE ( 'NONE', #2905, #3389 ) ;
#1703 = EDGE_CURVE ( 'NONE', #1375, #3217, #799, .T. ) ;
#1704 = FACE_OUTER_BOUND ( 'NONE', #3161, .T. ) ;
#1705 = DIRECTION ( 'NONE',  ( 0.000000000000000000, 1.000000000000000000, 0.000000000000000000 ) ) ;
#1706 = ORIENTED_EDGE ( 'NONE', *, *, #1594, .T. ) ;
#1707 = CARTESIAN_POINT ( 'NONE',  ( -23.97466242726181562, 40.30892466556440468, 18.24915274193174852 ) ) ;
#1708 = AXIS2_PLACEMENT_3D ( 'NONE', #2815, #3744, #1098 ) ;
#1709 = CARTESIAN_POINT ( 'NONE',  ( 1.999859653267532567, -30.46152820551968077, -13.74903511621472418 ) ) ;
#1710 = DIRECTION ( 'NONE',  ( 0.000000000000000000, 0.000000000000000000, 1.000000000000000000 ) ) ;
#1711 = ORIENTED_EDGE ( 'NONE', *, *, #1472, .T. ) ;
#1712 = EDGE_LOOP ( 'NONE', ( #844, #3756, #3778, #2528 ) ) ;
#1713 = ORIENTED_EDGE ( 'NONE', *, *, #2434, .T. ) ;
#1714 = FACE_OUTER_BOUND ( 'NONE', #1774, .T. ) ;
#1715 = DIRECTION ( 'NONE',  ( 0.000000000000000000, -1.000000000000000000, 0.000000000000000000 ) ) ;
#1716 = AXIS2_PLACEMENT_3D ( 'NONE', #2047, #876, #3237 ) ;
#1717 = ORIENTED_EDGE ( 'NONE', *, *, #2530, .T. ) ;
#1718 = VERTEX_POINT ( 'NONE', #235 ) ;
#1719 = CIRCLE ( 'NONE', #1899, 2.999999999999999112 ) ;
#1720 = DIRECTION ( 'NONE',  ( 0.000000000000000000, 1.000000000000000000, 0.000000000000000000 ) ) ;
#1721 = EDGE_CURVE ( 'NONE', #2261, #1467, #3087, .T. ) ;
#1722 = DIRECTION ( 'NONE',  ( 0.000000000000000000, 0.000000000000000000, -1.000000000000000000 ) ) ;
#1723 = EDGE_LOOP ( 'NONE', ( #2849, #1911, #542, #3400 ) ) ;
#1724 = DIRECTION ( 'NONE',  ( -0.000000000000000000, -1.000000000000000000, -0.000000000000000000 ) ) ;
#1725 = FACE_OUTER_BOUND ( 'NONE', #1961, .T. ) ;
#1726 = PLANE ( 'NONE',  #3641 ) ;
#1727 = AXIS2_PLACEMENT_3D ( 'NONE', #2793, #783, #3680 ) ;
#1728 = EDGE_CURVE ( 'NONE', #1857, #2073, #502, .T. ) ;
#1729 = ORIENTED_EDGE ( 'NONE', *, *, #1330, .F. ) ;
#1730 = CARTESIAN_POINT ( 'NONE',  ( 43.11165424889249209, -5.596194077712567605, -21.74467151655274932 ) ) ;
#1731 = CIRCLE ( 'NONE', #605, 1.000000000000000888 ) ;
#1732 = AXIS2_PLACEMENT_3D ( 'NONE', #2296, #2011, #2328 ) ;
#1733 = CARTESIAN_POINT ( 'NONE',  ( 39.14339945326403836, 4.000000000000000000, 36.34093598973241512 ) ) ;
#1734 = DIRECTION ( 'NONE',  ( -0.000000000000000000, -1.000000000000000000, -0.000000000000000000 ) ) ;
#1735 = ORIENTED_EDGE ( 'NONE', *, *, #2235, .T. ) ;
#1736 = ORIENTED_EDGE ( 'NONE', *, *, #2975, .T. ) ;
#1737 = DIRECTION ( 'NONE',  ( 0.000000000000000000, 0.000000000000000000, -1.000000000000000000 ) ) ;
#1738 = LINE ( 'NONE', #882, #2712 ) ;
#1739 = ORIENTED_EDGE ( 'NONE', *, *, #3560, .T. ) ;
#1740 = ORIENTED_EDGE ( 'NONE', *, *, #3480, .T. ) ;
#1741 = CARTESIAN_POINT ( 'NONE',  ( 35.11165424889249209, 0.000000000000000000, 34.88032848344725068 ) ) ;
#1742 = CARTESIAN_POINT ( 'NONE',  ( -52.60091978507853838, 8.000000000000000000, -17.71000392404132384 ) ) ;
#1743 = EDGE_LOOP ( 'NONE', ( #2421, #100, #950, #2578 ) ) ;
#1744 = CYLINDRICAL_SURFACE ( 'NONE', #1108, 2.999999999999995559 ) ;
#1745 = DIRECTION ( 'NONE',  ( 0.000000000000000000, 1.000000000000000000, 0.000000000000000000 ) ) ;
#1746 = CARTESIAN_POINT ( 'NONE',  ( -50.75815396766852672, 4.000000000000000000, -18.48731605065791328 ) ) ;
#1747 = LINE ( 'NONE', #1707, #3747 ) ;
#1748 = CARTESIAN_POINT ( 'NONE',  ( 26.73394114074434214, 3.000000000000000000, 17.01959909498745915 ) ) ;
#1749 = DIRECTION ( 'NONE',  ( 0.000000000000000000, 0.000000000000000000, -1.000000000000000000 ) ) ;
#1750 = ORIENTED_EDGE ( 'NONE', *, *, #3025, .F. ) ;
#1751 = PLANE ( 'NONE',  #1042 ) ;
#1752 = EDGE_CURVE ( 'NONE', #48, #1692, #2594, .T. ) ;
#1753 = LINE ( 'NONE', #2297, #319 ) ;
#1754 = ADVANCED_FACE ( 'NONE', ( #818 ), #412, .T. ) ;
#1755 = ORIENTED_EDGE ( 'NONE', *, *, #1677, .F. ) ;
#1756 = CARTESIAN_POINT ( 'NONE',  ( 38.95539120389752696, 4.000000000000000000, -20.72421886855202189 ) ) ;
#1757 = DIRECTION ( 'NONE',  ( -0.000000000000000000, -1.000000000000000000, -0.000000000000000000 ) ) ;
#1758 = ORIENTED_EDGE ( 'NONE', *, *, #1503, .F. ) ;
#1759 = FACE_OUTER_BOUND ( 'NONE', #2561, .T. ) ;
#1760 = VECTOR ( 'NONE', #1803, 1000.000000000000000 ) ;
#1761 = DIRECTION ( 'NONE',  ( -0.000000000000000000, -1.000000000000000000, -0.000000000000000000 ) ) ;
#1762 = VECTOR ( 'NONE', #3743, 1000.000000000000000 ) ;
#1763 = AXIS2_PLACEMENT_3D ( 'NONE', #1582, #2390, #3070 ) ;
#1764 = DIRECTION ( 'NONE',  ( 0.000000000000000000, 1.000000000000000000, 0.000000000000000000 ) ) ;
#1765 = CARTESIAN_POINT ( 'NONE',  ( 43.11165424889249209, 0.000000000000000000, -23.11967151655274577 ) ) ;
#1766 = CARTESIAN_POINT ( 'NONE',  ( -17.33625374393658447, 7.724400000000000155, 17.94599559103337327 ) ) ;
#1767 = VERTEX_POINT ( 'NONE', #2196 ) ;
#1768 = DIRECTION ( 'NONE',  ( -0.000000000000000000, 1.000000000000000000, -0.000000000000000000 ) ) ;
#1769 = DIRECTION ( 'NONE',  ( 0.000000000000000000, 1.000000000000000000, 0.000000000000000000 ) ) ;
#1770 = EDGE_CURVE ( 'NONE', #2798, #1960, #1015, .T. ) ;
#1771 = CARTESIAN_POINT ( 'NONE',  ( -9.408345751107500377, 7.724400000000000155, 13.52006816627309504 ) ) ;
#1772 = CIRCLE ( 'NONE', #1477, 2.000000000000000000 ) ;
#1773 = DIRECTION ( 'NONE',  ( 0.000000000000000000, -1.000000000000000000, 0.000000000000000000 ) ) ;
#1774 = EDGE_LOOP ( 'NONE', ( #2057, #2919 ) ) ;
#1775 = LINE ( 'NONE', #3252, #2522 ) ;
#1776 = AXIS2_PLACEMENT_3D ( 'NONE', #1575, #2842, #497 ) ;
#1777 = CARTESIAN_POINT ( 'NONE',  ( 17.15246853677865957, 3.000000000000000000, 21.62732848344725056 ) ) ;
#1778 = CARTESIAN_POINT ( 'NONE',  ( 43.11165424889249209, 8.000000000000000000, -20.11967151655274222 ) ) ;
#1779 = CARTESIAN_POINT ( 'NONE',  ( 3.659909027071412968, 3.999999999999996447, 8.676508469350315167 ) ) ;
#1780 = CARTESIAN_POINT ( 'NONE',  ( 8.091654248892503176, 7.724400000000000155, -9.479931833726903179 ) ) ;
#1781 = ORIENTED_EDGE ( 'NONE', *, *, #183, .F. ) ;
#1782 = EDGE_CURVE ( 'NONE', #1767, #2874, #3736, .T. ) ;
#1783 = AXIS2_PLACEMENT_3D ( 'NONE', #359, #488, #2419 ) ;
#1784 = LINE ( 'NONE', #2447, #3337 ) ;
#1785 = AXIS2_PLACEMENT_3D ( 'NONE', #1858, #417, #53 ) ;
#1786 = EDGE_CURVE ( 'NONE', #2422, #1070, #171, .T. ) ;
#1787 = EDGE_CURVE ( 'NONE', #338, #1155, #1846, .T. ) ;
#1788 = VECTOR ( 'NONE', #2768, 1000.000000000000000 ) ;
#1789 = CARTESIAN_POINT ( 'NONE',  ( -46.88834575110750791, 0.000000000000000000, -21.74467151655274932 ) ) ;
#1790 = AXIS2_PLACEMENT_3D ( 'NONE', #3711, #208, #1065 ) ;
#1791 = AXIS2_PLACEMENT_3D ( 'NONE', #2767, #1288, #404 ) ;
#1792 = DIRECTION ( 'NONE',  ( 0.000000000000000000, 0.000000000000000000, 1.000000000000000000 ) ) ;
#1793 = DIRECTION ( 'NONE',  ( -0.9213829087050068312, 0.000000000000000000, 0.3886560633082946081 ) ) ;
#1794 = EDGE_LOOP ( 'NONE', ( #383, #959 ) ) ;
#1795 = VERTEX_POINT ( 'NONE', #726 ) ;
#1796 = VERTEX_POINT ( 'NONE', #481 ) ;
#1797 = FACE_OUTER_BOUND ( 'NONE', #2147, .T. ) ;
#1798 = EDGE_CURVE ( 'NONE', #1795, #893, #1850, .T. ) ;
#1799 = CARTESIAN_POINT ( 'NONE',  ( -28.89930195407344371, 3.000000000000000000, -14.99619498827767927 ) ) ;
#1800 = ORIENTED_EDGE ( 'NONE', *, *, #2061, .F. ) ;
#1801 = ORIENTED_EDGE ( 'NONE', *, *, #1926, .F. ) ;
#1802 = DIRECTION ( 'NONE',  ( 0.000000000000000000, 0.000000000000000000, 1.000000000000000000 ) ) ;
#1803 = DIRECTION ( 'NONE',  ( 0.1439398457141108922, -0.000000000000000000, -0.9895864392845113988 ) ) ;
#1804 = CARTESIAN_POINT ( 'NONE',  ( -35.28834575110749938, 4.000000000000000000, 4.880328483447254229 ) ) ;
#1805 = ORIENTED_EDGE ( 'NONE', *, *, #1275, .F. ) ;
#1806 = CARTESIAN_POINT ( 'NONE',  ( -46.88834575110750791, -9.485281374238578422, -20.11967151655274222 ) ) ;
#1807 = CIRCLE ( 'NONE', #2304, 1.625000000000001332 ) ;
#1808 = DIRECTION ( 'NONE',  ( 0.000000000000000000, 0.000000000000000000, 1.000000000000000000 ) ) ;
#1809 = ORIENTED_EDGE ( 'NONE', *, *, #453, .F. ) ;
#1810 = DIRECTION ( 'NONE',  ( 0.000000000000000000, 0.000000000000000000, 1.000000000000000000 ) ) ;
#1811 = CARTESIAN_POINT ( 'NONE',  ( -0.9691600389936920745, 3.000000000000000000, 21.62732848344724346 ) ) ;
#1812 = ORIENTED_EDGE ( 'NONE', *, *, #2789, .T. ) ;
#1813 = VERTEX_POINT ( 'NONE', #2989 ) ;
#1814 = LINE ( 'NONE', #2999, #1169 ) ;
#1815 = ADVANCED_FACE ( 'NONE', ( #3277 ), #3256, .F. ) ;
#1816 = DIRECTION ( 'NONE',  ( 0.000000000000000000, 1.000000000000000000, 0.000000000000000000 ) ) ;
#1817 = ORIENTED_EDGE ( 'NONE', *, *, #2631, .T. ) ;
#1818 = VERTEX_POINT ( 'NONE', #2949 ) ;
#1819 = ADVANCED_FACE ( 'NONE', ( #331, #1226, #2968, #287, #622 ), #856, .T. ) ;
#1820 = DIRECTION ( 'NONE',  ( 0.000000000000000000, 0.000000000000000000, -1.000000000000000000 ) ) ;
#1821 = AXIS2_PLACEMENT_3D ( 'NONE', #1497, #2911, #2988 ) ;
#1822 = DIRECTION ( 'NONE',  ( -0.000000000000000000, -1.000000000000000000, -0.000000000000000000 ) ) ;
#1823 = CARTESIAN_POINT ( 'NONE',  ( 25.59165424889250318, 3.000000000000000000, 14.52006816627309327 ) ) ;
#1824 = ORIENTED_EDGE ( 'NONE', *, *, #3043, .T. ) ;
#1825 = CYLINDRICAL_SURFACE ( 'NONE', #738, 1.625000000000004885 ) ;
#1826 = DIRECTION ( 'NONE',  ( 0.000000000000000000, 1.000000000000000000, 0.000000000000000000 ) ) ;
#1827 = LINE ( 'NONE', #2976, #2440 ) ;
#1828 = ORIENTED_EDGE ( 'NONE', *, *, #3401, .T. ) ;
#1829 = VERTEX_POINT ( 'NONE', #1823 ) ;
#1830 = EDGE_CURVE ( 'NONE', #3173, #2386, #1516, .T. ) ;
#1831 = ORIENTED_EDGE ( 'NONE', *, *, #1565, .T. ) ;
#1832 = CARTESIAN_POINT ( 'NONE',  ( -19.04379730505850787, 8.000000000000000000, 30.68032848344725139 ) ) ;
#1833 = EDGE_CURVE ( 'NONE', #2212, #248, #3563, .T. ) ;
#1834 = CARTESIAN_POINT ( 'NONE',  ( -41.08834575110751075, 0.7500000000000002220, -3.869671516552742219 ) ) ;
#1835 = LINE ( 'NONE', #3019, #365 ) ;
#1836 = VERTEX_POINT ( 'NONE', #1804 ) ;
#1837 = CIRCLE ( 'NONE', #469, 2.500000000000002220 ) ;
#1838 = DIRECTION ( 'NONE',  ( -0.000000000000000000, 1.000000000000000000, -0.000000000000000000 ) ) ;
#1839 = DIRECTION ( 'NONE',  ( 0.000000000000000000, 0.000000000000000000, 1.000000000000000000 ) ) ;
#1840 = EDGE_CURVE ( 'NONE', #2479, #3610, #1233, .T. ) ;
#1841 = FACE_OUTER_BOUND ( 'NONE', #3107, .T. ) ;
#1842 = ORIENTED_EDGE ( 'NONE', *, *, #1666, .F. ) ;
#1843 = DIRECTION ( 'NONE',  ( -0.000000000000000000, 1.000000000000000000, -0.000000000000000000 ) ) ;
#1844 = ADVANCED_FACE ( 'NONE', ( #2930 ), #2689, .F. ) ;
#1845 = LINE ( 'NONE', #81, #2317 ) ;
#1846 = CIRCLE ( 'NONE', #1168, 1.625000000000004885 ) ;
#1847 = CARTESIAN_POINT ( 'NONE',  ( -46.88834575110750791, 4.000000000000000000, -20.11967151655274222 ) ) ;
#1848 = AXIS2_PLACEMENT_3D ( 'NONE', #2058, #2102, #2660 ) ;
#1849 = AXIS2_PLACEMENT_3D ( 'NONE', #1478, #2643, #888 ) ;
#1850 = CIRCLE ( 'NONE', #547, 1.625000000000004885 ) ;
#1851 = AXIS2_PLACEMENT_3D ( 'NONE', #2111, #2411, #2152 ) ;
#1852 = AXIS2_PLACEMENT_3D ( 'NONE', #292, #2991, #3586 ) ;
#1853 = CARTESIAN_POINT ( 'NONE',  ( 37.63719102728481403, 7.724400000000000155, -22.77734723961188834 ) ) ;
#1854 = EDGE_LOOP ( 'NONE', ( #2640, #2781 ) ) ;
#1855 = ORIENTED_EDGE ( 'NONE', *, *, #1521, .T. ) ;
#1856 = ORIENTED_EDGE ( 'NONE', *, *, #3752, .T. ) ;
#1857 = VERTEX_POINT ( 'NONE', #564 ) ;
#1858 = CARTESIAN_POINT ( 'NONE',  ( -21.21051370114679457, 40.30892466556440468, 17.08318455200686614 ) ) ;
#1859 = LINE ( 'NONE', #110, #1352 ) ;
#1860 = ORIENTED_EDGE ( 'NONE', *, *, #1011, .T. ) ;
#1861 = CARTESIAN_POINT ( 'NONE',  ( -17.58408207915739396, 8.000000000000000000, 28.68032848344725139 ) ) ;
#1862 = DIRECTION ( 'NONE',  ( -0.000000000000000000, -1.000000000000000000, -0.000000000000000000 ) ) ;
#1863 = CARTESIAN_POINT ( 'NONE',  ( 39.86141504810763792, 3.000000000000000000, -25.39943904341238579 ) ) ;
#1864 = ORIENTED_EDGE ( 'NONE', *, *, #112, .T. ) ;
#1865 = PLANE ( 'NONE',  #3788 ) ;
#1866 = CYLINDRICAL_SURFACE ( 'NONE', #2713, 32.39999999999999858 ) ;
#1867 = DIRECTION ( 'NONE',  ( 0.000000000000000000, -0.000000000000000000, -1.000000000000000000 ) ) ;
#1868 = LINE ( 'NONE', #390, #1083 ) ;
#1869 = EDGE_CURVE ( 'NONE', #1718, #468, #2405, .T. ) ;
#1870 = CARTESIAN_POINT ( 'NONE',  ( 49.24709017245647402, 8.000000000000000000, -19.22724447312524632 ) ) ;
#1871 = EDGE_CURVE ( 'NONE', #1890, #3113, #580, .T. ) ;
#1872 = ORIENTED_EDGE ( 'NONE', *, *, #1506, .F. ) ;
#1873 = ORIENTED_EDGE ( 'NONE', *, *, #609, .F. ) ;
#1874 = ORIENTED_EDGE ( 'NONE', *, *, #1871, .F. ) ;
#1875 = LINE ( 'NONE', #2702, #300 ) ;
#1876 = DIRECTION ( 'NONE',  ( 0.000000000000000000, 1.000000000000000000, 0.000000000000000000 ) ) ;
#1877 = ORIENTED_EDGE ( 'NONE', *, *, #896, .T. ) ;
#1878 = DIRECTION ( 'NONE',  ( 0.000000000000000000, 0.000000000000000000, 1.000000000000000000 ) ) ;
#1879 = CYLINDRICAL_SURFACE ( 'NONE', #1116, 2.999999999999999112 ) ;
#1880 = CARTESIAN_POINT ( 'NONE',  ( 49.24709017245646692, -1.000000000000000000, -19.22724447312524632 ) ) ;
#1881 = DIRECTION ( 'NONE',  ( 0.000000000000000000, -1.000000000000000000, -0.000000000000000000 ) ) ;
#1882 = CARTESIAN_POINT ( 'NONE',  ( 43.11165424889249209, 0.000000000000000000, -20.11967151655274222 ) ) ;
#1883 = AXIS2_PLACEMENT_3D ( 'NONE', #2290, #2537, #1069 ) ;
#1884 = CARTESIAN_POINT ( 'NONE',  ( 8.091654248892503176, 3.000000000000000000, -9.479931833726903179 ) ) ;
#1885 = AXIS2_PLACEMENT_3D ( 'NONE', #3440, #1040, #2814 ) ;
#1886 = DIRECTION ( 'NONE',  ( 0.000000000000000000, 0.000000000000000000, 1.000000000000000000 ) ) ;
#1887 = ADVANCED_FACE ( 'NONE', ( #911 ), #1166, .T. ) ;
#1888 = VERTEX_POINT ( 'NONE', #2108 ) ;
#1889 = ORIENTED_EDGE ( 'NONE', *, *, #1651, .T. ) ;
#1890 = VERTEX_POINT ( 'NONE', #3295 ) ;
#1891 = CARTESIAN_POINT ( 'NONE',  ( 5.711654248892495289, 0.7500000000000002220, 32.38032848344725778 ) ) ;
#1892 = DIRECTION ( 'NONE',  ( 0.000000000000000000, 0.000000000000000000, 1.000000000000000000 ) ) ;
#1893 = ORIENTED_EDGE ( 'NONE', *, *, #3010, .T. ) ;
#1894 = CARTESIAN_POINT ( 'NONE',  ( -45.24771298668080988, 8.000000000000000000, -5.423770621592169938 ) ) ;
#1895 = DIRECTION ( 'NONE',  ( -0.000000000000000000, 1.000000000000000000, -0.000000000000000000 ) ) ;
#1896 = CYLINDRICAL_SURFACE ( 'NONE', #1427, 3.000000000000002665 ) ;
#1897 = AXIS2_PLACEMENT_3D ( 'NONE', #1950, #889, #3254 ) ;
#1898 = DIRECTION ( 'NONE',  ( 0.000000000000000000, 1.000000000000000000, 0.000000000000000000 ) ) ;
#1899 = AXIS2_PLACEMENT_3D ( 'NONE', #473, #1662, #2880 ) ;
#1900 = CARTESIAN_POINT ( 'NONE',  ( 41.11165424889248499, 4.000000000000000000, -6.369671516552745771 ) ) ;
#1901 = EDGE_CURVE ( 'NONE', #1301, #1319, #2069, .T. ) ;
#1902 = ORIENTED_EDGE ( 'NONE', *, *, #588, .F. ) ;
#1903 = FACE_OUTER_BOUND ( 'NONE', #3106, .T. ) ;
#1904 = AXIS2_PLACEMENT_3D ( 'NONE', #3576, #304, #904 ) ;
#1905 = DIRECTION ( 'NONE',  ( 0.000000000000000000, 1.000000000000000000, 0.000000000000000000 ) ) ;
#1906 = AXIS2_PLACEMENT_3D ( 'NONE', #2553, #3092, #1110 ) ;
#1907 = ORIENTED_EDGE ( 'NONE', *, *, #3588, .T. ) ;
#1908 = ORIENTED_EDGE ( 'NONE', *, *, #3282, .T. ) ;
#1909 = PLANE ( 'NONE',  #2350 ) ;
#1910 = LINE ( 'NONE', #3098, #871 ) ;
#1911 = ORIENTED_EDGE ( 'NONE', *, *, #2753, .T. ) ;
#1912 = DIRECTION ( 'NONE',  ( 0.000000000000000000, 1.000000000000000000, 0.000000000000000000 ) ) ;
#1913 = DIRECTION ( 'NONE',  ( -0.000000000000000000, 1.000000000000000000, -0.000000000000000000 ) ) ;
#1914 = AXIS2_PLACEMENT_3D ( 'NONE', #3005, #1535, #59 ) ;
#1915 = CYLINDRICAL_SURFACE ( 'NONE', #482, 0.9999999999999974465 ) ;
#1916 = ADVANCED_FACE ( 'NONE', ( #3544 ), #3512, .F. ) ;
#1917 = DIRECTION ( 'NONE',  ( 0.000000000000000000, 0.000000000000000000, 1.000000000000000000 ) ) ;
#1918 = DIRECTION ( 'NONE',  ( 0.000000000000000000, 1.000000000000000000, -0.000000000000000000 ) ) ;
#1919 = ORIENTED_EDGE ( 'NONE', *, *, #1830, .T. ) ;
#1920 = VERTEX_POINT ( 'NONE', #2035 ) ;
#1921 = CYLINDRICAL_SURFACE ( 'NONE', #1727, 3.000000000000002665 ) ;
#1922 = ORIENTED_EDGE ( 'NONE', *, *, #574, .T. ) ;
#1923 = PLANE ( 'NONE',  #1885 ) ;
#1924 = DIRECTION ( 'NONE',  ( 0.000000000000000000, 0.000000000000000000, 1.000000000000000000 ) ) ;
#1925 = VERTEX_POINT ( 'NONE', #1536 ) ;
#1926 = EDGE_CURVE ( 'NONE', #272, #1692, #2348, .T. ) ;
#1927 = CARTESIAN_POINT ( 'NONE',  ( 35.97672284755361005, 8.000000000000000000, 35.88032848344725778 ) ) ;
#1928 = CARTESIAN_POINT ( 'NONE',  ( -8.988345751107500448, 4.000000000000000000, 32.38032848344725778 ) ) ;
#1929 = DIRECTION ( 'NONE',  ( 0.000000000000000000, 0.000000000000000000, 1.000000000000000000 ) ) ;
#1930 = EDGE_CURVE ( 'NONE', #1336, #2233, #2050, .T. ) ;
#1931 = CYLINDRICAL_SURFACE ( 'NONE', #2635, 3.000000000000002665 ) ;
#1932 = DIRECTION ( 'NONE',  ( -0.000000000000000000, 1.000000000000000000, -0.000000000000000000 ) ) ;
#1933 = ORIENTED_EDGE ( 'NONE', *, *, #3242, .T. ) ;
#1934 = VERTEX_POINT ( 'NONE', #1863 ) ;
#1935 = FACE_OUTER_BOUND ( 'NONE', #3170, .T. ) ;
#1936 = CIRCLE ( 'NONE', #3117, 32.39999999999999858 ) ;
#1937 = AXIS2_PLACEMENT_3D ( 'NONE', #1179, #3248, #245 ) ;
#1938 = AXIS2_PLACEMENT_3D ( 'NONE', #1882, #685, #3677 ) ;
#1939 = AXIS2_PLACEMENT_3D ( 'NONE', #2754, #1229, #3566 ) ;
#1940 = ORIENTED_EDGE ( 'NONE', *, *, #461, .T. ) ;
#1941 = ORIENTED_EDGE ( 'NONE', *, *, #2755, .T. ) ;
#1942 = CARTESIAN_POINT ( 'NONE',  ( -24.35185267197165260, 8.000000000000000000, 41.08032848344725352 ) ) ;
#1943 = LINE ( 'NONE', #2839, #3188 ) ;
#1944 = EDGE_CURVE ( 'NONE', #2010, #1070, #1328, .T. ) ;
#1945 = ORIENTED_EDGE ( 'NONE', *, *, #140, .F. ) ;
#1946 = DIRECTION ( 'NONE',  ( 0.000000000000000000, 1.000000000000000000, 0.000000000000000000 ) ) ;
#1947 = ADVANCED_FACE ( 'NONE', ( #1027 ), #2207, .T. ) ;
#1948 = CARTESIAN_POINT ( 'NONE',  ( 5.711654248892495289, 0.7500000000000002220, 34.88032848344725778 ) ) ;
#1949 = CARTESIAN_POINT ( 'NONE',  ( 20.41165424889249280, 4.000000000000000000, 34.88032848344725778 ) ) ;
#1950 = CARTESIAN_POINT ( 'NONE',  ( 47.19998909214232441, -30.46152820551968077, -5.153424545965473946 ) ) ;
#1951 = APPLICATION_CONTEXT ( 'automotive_design' ) ;
#1952 = EDGE_CURVE ( 'NONE', #1640, #2850, #3142, .T. ) ;
#1953 = FACE_BOUND ( 'NONE', #2984, .T. ) ;
#1954 = EDGE_LOOP ( 'NONE', ( #1750, #3715 ) ) ;
#1955 = ORIENTED_EDGE ( 'NONE', *, *, #802, .T. ) ;
#1956 = ORIENTED_EDGE ( 'NONE', *, *, #699, .T. ) ;
#1957 = AXIS2_PLACEMENT_3D ( 'NONE', #3510, #252, #1403 ) ;
#1958 = LINE ( 'NONE', #1832, #2583 ) ;
#1959 = ADVANCED_FACE ( 'NONE', ( #2747 ), #1915, .F. ) ;
#1960 = VERTEX_POINT ( 'NONE', #2187 ) ;
#1961 = EDGE_LOOP ( 'NONE', ( #940, #3800, #1980, #1997 ) ) ;
#1962 = CARTESIAN_POINT ( 'NONE',  ( -41.08834575110751075, 4.000000000000000000, -8.869671516552747548 ) ) ;
#1963 = LINE ( 'NONE', #1642, #2878 ) ;
#1964 = AXIS2_PLACEMENT_3D ( 'NONE', #2462, #438, #1618 ) ;
#1965 = VERTEX_POINT ( 'NONE', #719 ) ;
#1966 = AXIS2_PLACEMENT_3D ( 'NONE', #3596, #3078, #1611 ) ;
#1967 = LINE ( 'NONE', #3152, #537 ) ;
#1968 = AXIS2_PLACEMENT_3D ( 'NONE', #1949, #209, #834 ) ;
#1969 = CARTESIAN_POINT ( 'NONE',  ( 17.15246853677865957, 7.724400000000000155, 21.62732848344725056 ) ) ;
#1970 = DIRECTION ( 'NONE',  ( -0.000000000000000000, 1.000000000000000000, -0.000000000000000000 ) ) ;
#1971 = LINE ( 'NONE', #1730, #2889 ) ;
#1972 = CIRCLE ( 'NONE', #307, 2.500000000000002220 ) ;
#1973 = CARTESIAN_POINT ( 'NONE',  ( -24.35185267197165260, -1.000000000000000000, 41.08032848344725352 ) ) ;
#1974 = CARTESIAN_POINT ( 'NONE',  ( -46.88834575110750791, 8.000000000000000000, -26.31967151655273440 ) ) ;
#1975 = VERTEX_POINT ( 'NONE', #99 ) ;
#1976 = ORIENTED_EDGE ( 'NONE', *, *, #2034, .F. ) ;
#1977 = CARTESIAN_POINT ( 'NONE',  ( -17.33625374393658447, 7.724400000000000155, 17.94599559103337327 ) ) ;
#1978 = EDGE_CURVE ( 'NONE', #2432, #1836, #2482, .T. ) ;
#1979 = EDGE_CURVE ( 'NONE', #1992, #3506, #923, .T. ) ;
#1980 = ORIENTED_EDGE ( 'NONE', *, *, #3569, .T. ) ;
#1981 = ORIENTED_EDGE ( 'NONE', *, *, #175, .T. ) ;
#1982 = CARTESIAN_POINT ( 'NONE',  ( -52.60091978507853838, 8.000000000000000000, -17.71000392404132384 ) ) ;
#1983 = LINE ( 'NONE', #471, #2507 ) ;
#1984 = ORIENTED_EDGE ( 'NONE', *, *, #3558, .F. ) ;
#1985 = DIRECTION ( 'NONE',  ( 0.000000000000000000, 0.000000000000000000, -1.000000000000000000 ) ) ;
#1986 = AXIS2_PLACEMENT_3D ( 'NONE', #1742, #2077, #2657 ) ;
#1987 = LINE ( 'NONE', #1104, #678 ) ;
#1988 = DIRECTION ( 'NONE',  ( 0.000000000000000000, 0.000000000000000000, 1.000000000000000000 ) ) ;
#1989 = DIRECTION ( 'NONE',  ( 0.000000000000000000, 0.000000000000000000, 1.000000000000000000 ) ) ;
#1990 = CARTESIAN_POINT ( 'NONE',  ( -29.48834575110749867, 0.7500000000000002220, 18.63032848344725778 ) ) ;
#1991 = EDGE_LOOP ( 'NONE', ( #2619, #543, #2697, #611 ) ) ;
#1992 = VERTEX_POINT ( 'NONE', #1598 ) ;
#1993 = CARTESIAN_POINT ( 'NONE',  ( -29.48834575110749867, 0.7500000000000002220, 21.13032848344725778 ) ) ;
#1994 = EDGE_CURVE ( 'NONE', #1624, #1550, #1008, .T. ) ;
#1995 = CARTESIAN_POINT ( 'NONE',  ( 8.091654248892503176, 3.000000000000000000, -9.479931833726903179 ) ) ;
#1996 = ORIENTED_EDGE ( 'NONE', *, *, #2633, .F. ) ;
#1997 = ORIENTED_EDGE ( 'NONE', *, *, #1998, .F. ) ;
#1998 = EDGE_CURVE ( 'NONE', #107, #3057, #1577, .T. ) ;
#1999 = LINE ( 'NONE', #2579, #2683 ) ;
#2000 = VECTOR ( 'NONE', #1445, 1000.000000000000000 ) ;
#2001 = CARTESIAN_POINT ( 'NONE',  ( -32.35616510584124939, 3.000000000000000000, -8.644307175981280622 ) ) ;
#2002 = CIRCLE ( 'NONE', #2062, 3.000000000000002665 ) ;
#2003 = EDGE_LOOP ( 'NONE', ( #1781, #662, #2374, #2784 ) ) ;
#2004 = CARTESIAN_POINT ( 'NONE',  ( 30.52599171671006317, -1.000000000000000000, 26.11214802058959350 ) ) ;
#2005 = CARTESIAN_POINT ( 'NONE',  ( 31.42883813376934299, -1.000000000000000000, 19.90507890330705365 ) ) ;
#2006 = DIRECTION ( 'NONE',  ( -0.9213829087050070532, 0.000000000000000000, 0.3886560633082941640 ) ) ;
#2007 = AXIS2_PLACEMENT_3D ( 'NONE', #2901, #3169, #1657 ) ;
#2008 = CARTESIAN_POINT ( 'NONE',  ( 42.88179372071899564, -30.46152820551968077, 24.53416863256988734 ) ) ;
#2009 = DIRECTION ( 'NONE',  ( 0.000000000000000000, 0.000000000000000000, 1.000000000000000000 ) ) ;
#2010 = VERTEX_POINT ( 'NONE', #698 ) ;
#2011 = DIRECTION ( 'NONE',  ( 0.000000000000000000, 1.000000000000000000, 0.000000000000000000 ) ) ;
#2012 = DIRECTION ( 'NONE',  ( -0.000000000000000000, 1.000000000000000000, -0.000000000000000000 ) ) ;
#2013 = EDGE_CURVE ( 'NONE', #1718, #1482, #3091, .T. ) ;
#2014 = CIRCLE ( 'NONE', #2954, 2.999999999999999112 ) ;
#2015 = ORIENTED_EDGE ( 'NONE', *, *, #3445, .T. ) ;
#2016 = VERTEX_POINT ( 'NONE', #1880 ) ;
#2017 = AXIS2_PLACEMENT_3D ( 'NONE', #811, #454, #1985 ) ;
#2018 = DIRECTION ( 'NONE',  ( -0.000000000000000000, -1.000000000000000000, -0.000000000000000000 ) ) ;
#2019 = DIRECTION ( 'NONE',  ( 0.000000000000000000, 0.000000000000000000, 1.000000000000000000 ) ) ;
#2020 = ORIENTED_EDGE ( 'NONE', *, *, #3242, .F. ) ;
#2021 = DIRECTION ( 'NONE',  ( 0.000000000000000000, 0.000000000000000000, -1.000000000000000000 ) ) ;
#2022 = LINE ( 'NONE', #3219, #546 ) ;
#2023 = CYLINDRICAL_SURFACE ( 'NONE', #2560, 2.500000000000002220 ) ;
#2024 = AXIS2_PLACEMENT_3D ( 'NONE', #2625, #2081, #1475 ) ;
#2025 = AXIS2_PLACEMENT_3D ( 'NONE', #812, #2801, #150 ) ;
#2026 = EDGE_LOOP ( 'NONE', ( #111, #1864, #2590, #69 ) ) ;
#2027 = ADVANCED_FACE ( 'NONE', ( #2425 ), #1896, .F. ) ;
#2028 = CARTESIAN_POINT ( 'NONE',  ( -46.88834575110750791, 0.000000000000000000, -20.11967151655274222 ) ) ;
#2029 = AXIS2_PLACEMENT_3D ( 'NONE', #1236, #2470, #1792 ) ;
#2030 = AXIS2_PLACEMENT_3D ( 'NONE', #1995, #2352, #2895 ) ;
#2031 = CIRCLE ( 'NONE', #2834, 6.200000000000014388 ) ;
#2032 = AXIS2_PLACEMENT_3D ( 'NONE', #1021, #130, #3633 ) ;
#2033 = FACE_OUTER_BOUND ( 'NONE', #3194, .T. ) ;
#2034 = EDGE_CURVE ( 'NONE', #3592, #3572, #3103, .T. ) ;
#2035 = CARTESIAN_POINT ( 'NONE',  ( -24.35185267197165260, 8.000000000000000000, 39.08032848344725352 ) ) ;
#2036 = EDGE_LOOP ( 'NONE', ( #1691, #4 ) ) ;
#2037 = CARTESIAN_POINT ( 'NONE',  ( 27.55723239885652731, 0.000000000000000000, 25.68032848344724428 ) ) ;
#2038 = DIRECTION ( 'NONE',  ( 0.000000000000000000, 1.000000000000000000, 0.000000000000000000 ) ) ;
#2039 = VERTEX_POINT ( 'NONE', #2498 ) ;
#2040 = ORIENTED_EDGE ( 'NONE', *, *, #875, .T. ) ;
#2041 = FACE_OUTER_BOUND ( 'NONE', #867, .T. ) ;
#2042 = FACE_BOUND ( 'NONE', #314, .T. ) ;
#2043 = ORIENTED_EDGE ( 'NONE', *, *, #1782, .F. ) ;
#2044 = PLANE ( 'NONE',  #1659 ) ;
#2045 = DIRECTION ( 'NONE',  ( 0.3886560633082946081, 0.000000000000000000, 0.9213829087050068312 ) ) ;
#2046 = EDGE_CURVE ( 'NONE', #1221, #3304, #985, .T. ) ;
#2047 = CARTESIAN_POINT ( 'NONE',  ( -46.88834575110750791, 8.000000000000000000, -20.11967151655274222 ) ) ;
#2048 = CARTESIAN_POINT ( 'NONE',  ( -34.65348477822541895, -30.46152820551968077, 24.83779458358464254 ) ) ;
#2049 = EDGE_CURVE ( 'NONE', #311, #1375, #670, .T. ) ;
#2050 = LINE ( 'NONE', #3239, #477 ) ;
#2051 = VERTEX_POINT ( 'NONE', #1559 ) ;
#2052 = DIRECTION ( 'NONE',  ( -0.3886560633082939975, 0.000000000000000000, -0.9213829087050071642 ) ) ;
#2053 = DIRECTION ( 'NONE',  ( -0.000000000000000000, 1.000000000000000000, -0.000000000000000000 ) ) ;
#2054 = ORIENTED_EDGE ( 'NONE', *, *, #187, .F. ) ;
#2055 = DIRECTION ( 'NONE',  ( 0.000000000000000000, 0.000000000000000000, 1.000000000000000000 ) ) ;
#2056 = DIRECTION ( 'NONE',  ( 0.000000000000000000, 1.000000000000000000, 0.000000000000000000 ) ) ;
#2057 = ORIENTED_EDGE ( 'NONE', *, *, #3211, .T. ) ;
#2058 = CARTESIAN_POINT ( 'NONE',  ( 35.11165424889249209, -1.000000000000000000, 34.88032848344725068 ) ) ;
#2059 = VECTOR ( 'NONE', #761, 1000.000000000000000 ) ;
#2060 = CARTESIAN_POINT ( 'NONE',  ( 31.82701608826133466, 8.000000000000000000, 28.28336005144677756 ) ) ;
#2061 = EDGE_CURVE ( 'NONE', #1167, #1059, #2093, .T. ) ;
#2062 = AXIS2_PLACEMENT_3D ( 'NONE', #1741, #2355, #299 ) ;
#2063 = CIRCLE ( 'NONE', #956, 6.199999999999997513 ) ;
#2064 = ORIENTED_EDGE ( 'NONE', *, *, #749, .T. ) ;
#2065 = ADVANCED_FACE ( 'NONE', ( #1841 ), #2729, .F. ) ;
#2066 = CIRCLE ( 'NONE', #400, 3.000000000000002665 ) ;
#2067 = LINE ( 'NONE', #2665, #973 ) ;
#2068 = CARTESIAN_POINT ( 'NONE',  ( -20.34823080527240791, -1.000000000000000000, 26.84629667337213732 ) ) ;
#2069 = LINE ( 'NONE', #1481, #861 ) ;
#2070 = EDGE_LOOP ( 'NONE', ( #522, #790, #28, #1256 ) ) ;
#2071 = ADVANCED_FACE ( 'NONE', ( #2145 ), #3729, .F. ) ;
#2072 = DIRECTION ( 'NONE',  ( 0.000000000000000000, 0.000000000000000000, 1.000000000000000000 ) ) ;
#2073 = VERTEX_POINT ( 'NONE', #1085 ) ;
#2074 = EDGE_CURVE ( 'NONE', #2813, #2233, #1612, .T. ) ;
#2075 = LINE ( 'NONE', #3209, #710 ) ;
#2076 = CIRCLE ( 'NONE', #288, 4.200000000000012612 ) ;
#2077 = DIRECTION ( 'NONE',  ( 0.9213829087050071642, 0.000000000000000000, -0.3886560633082936644 ) ) ;
#2078 = VERTEX_POINT ( 'NONE', #2845 ) ;
#2079 = VERTEX_POINT ( 'NONE', #499 ) ;
#2080 = EDGE_LOOP ( 'NONE', ( #256, #3535, #108, #1258, #646, #1038, #2978, #3385, #2136, #552, #1406, #1071, #1320, #3548, #2685, #303, #1130, #2015, #3501, #2381, #75, #3080, #2224, #122 ) ) ;
#2081 = DIRECTION ( 'NONE',  ( 0.000000000000000000, 1.000000000000000000, 0.000000000000000000 ) ) ;
#2082 = AXIS2_PLACEMENT_3D ( 'NONE', #2566, #3746, #1417 ) ;
#2083 = DIRECTION ( 'NONE',  ( 1.156482317317871725E-15, 0.000000000000000000, 1.000000000000000000 ) ) ;
#2084 = EDGE_LOOP ( 'NONE', ( #1437, #946 ) ) ;
#2085 = EDGE_LOOP ( 'NONE', ( #442, #255 ) ) ;
#2086 = CARTESIAN_POINT ( 'NONE',  ( -23.68834575110749796, 0.000000000000000000, 34.88032848344725778 ) ) ;
#2087 = DIRECTION ( 'NONE',  ( 0.000000000000000000, 0.000000000000000000, 1.000000000000000000 ) ) ;
#2088 = DIRECTION ( 'NONE',  ( 0.000000000000000000, 1.000000000000000000, 0.000000000000000000 ) ) ;
#2089 = ORIENTED_EDGE ( 'NONE', *, *, #2568, .T. ) ;
#2090 = AXIS2_PLACEMENT_3D ( 'NONE', #1586, #354, #1277 ) ;
#2091 = CIRCLE ( 'NONE', #2215, 2.999999999999995559 ) ;
#2092 = CYLINDRICAL_SURFACE ( 'NONE', #485, 6.200000000000014388 ) ;
#2093 = CIRCLE ( 'NONE', #119, 1.999999999999998224 ) ;
#2094 = CARTESIAN_POINT ( 'NONE',  ( 29.05617405826471611, 8.000000000000000000, 27.88032848344725778 ) ) ;
#2095 = ADVANCED_FACE ( 'NONE', ( #459 ), #3489, .F. ) ;
#2096 = AXIS2_PLACEMENT_3D ( 'NONE', #3083, #3313, #368 ) ;
#2097 = CARTESIAN_POINT ( 'NONE',  ( 20.41165424889249280, 4.000000000000000000, 37.38032848344725778 ) ) ;
#2098 = ADVANCED_FACE ( 'NONE', ( #229 ), #3193, .F. ) ;
#2099 = CARTESIAN_POINT ( 'NONE',  ( -24.35185267197165260, 8.000000000000000000, 35.88032848344725778 ) ) ;
#2100 = EDGE_LOOP ( 'NONE', ( #635, #3634, #1549, #3267, #922, #3579, #366, #2896, #3557, #2884, #402, #1568, #106, #126, #1039, #3812, #3804, #3379, #487, #1873 ) ) ;
#2101 = ORIENTED_EDGE ( 'NONE', *, *, #1606, .T. ) ;
#2102 = DIRECTION ( 'NONE',  ( -0.000000000000000000, 1.000000000000000000, -0.000000000000000000 ) ) ;
#2103 = CARTESIAN_POINT ( 'NONE',  ( -35.43079690484199773, -30.46152820551968077, 22.99502876617463087 ) ) ;
#2104 = EDGE_LOOP ( 'NONE', ( #2491, #2658, #2273, #3564 ) ) ;
#2105 = ORIENTED_EDGE ( 'NONE', *, *, #1204, .T. ) ;
#2106 = CARTESIAN_POINT ( 'NONE',  ( -29.48834575110749867, 0.7500000000000002220, 21.13032848344725778 ) ) ;
#2107 = DIRECTION ( 'NONE',  ( 0.000000000000000000, 0.000000000000000000, 1.000000000000000000 ) ) ;
#2108 = CARTESIAN_POINT ( 'NONE',  ( -0.9691600389936920745, 3.000000000000000000, 21.62732848344724346 ) ) ;
#2109 = ORIENTED_EDGE ( 'NONE', *, *, #707, .T. ) ;
#2110 = CARTESIAN_POINT ( 'NONE',  ( 45.50869590500151673, 8.000000000000000000, -7.420477115962710535 ) ) ;
#2111 = CARTESIAN_POINT ( 'NONE',  ( -41.08834575110751075, 4.000000000000000000, -6.369671516552744883 ) ) ;
#2112 = EDGE_CURVE ( 'NONE', #2655, #3436, #516, .T. ) ;
#2113 = CARTESIAN_POINT ( 'NONE',  ( 35.11165424889249209, 0.000000000000000000, 33.25532848344725068 ) ) ;
#2114 = DIRECTION ( 'NONE',  ( 0.000000000000000000, 1.000000000000000000, 0.000000000000000000 ) ) ;
#2115 = ORIENTED_EDGE ( 'NONE', *, *, #1449, .F. ) ;
#2116 = VERTEX_POINT ( 'NONE', #2819 ) ;
#2117 = ORIENTED_EDGE ( 'NONE', *, *, #3279, .F. ) ;
#2118 = DIRECTION ( 'NONE',  ( -0.000000000000000000, 1.000000000000000000, -0.000000000000000000 ) ) ;
#2119 = EDGE_CURVE ( 'NONE', #2401, #3419, #1419, .T. ) ;
#2120 = DIRECTION ( 'NONE',  ( 0.000000000000000000, 0.000000000000000000, 1.000000000000000000 ) ) ;
#2121 = EDGE_LOOP ( 'NONE', ( #507, #467, #617, #3755 ) ) ;
#2122 = ORIENTED_EDGE ( 'NONE', *, *, #15, .F. ) ;
#2123 = DIRECTION ( 'NONE',  ( -0.000000000000000000, -1.000000000000000000, 0.000000000000000000 ) ) ;
#2124 = CIRCLE ( 'NONE', #581, 2.499999999999994671 ) ;
#2125 = AXIS2_PLACEMENT_3D ( 'NONE', #2278, #3405, #186 ) ;
#2126 = DIRECTION ( 'NONE',  ( -0.000000000000000000, -1.000000000000000000, -0.000000000000000000 ) ) ;
#2127 = DIRECTION ( 'NONE',  ( -0.3886560633082941640, -0.000000000000000000, -0.9213829087050069422 ) ) ;
#2128 = STYLED_ITEM ( 'NONE', ( #1401 ), #2181 ) ;
#2129 = ORIENTED_EDGE ( 'NONE', *, *, #654, .T. ) ;
#2130 = AXIS2_PLACEMENT_3D ( 'NONE', #686, #2716, #3051 ) ;
#2131 = FACE_OUTER_BOUND ( 'NONE', #1354, .T. ) ;
#2132 = CARTESIAN_POINT ( 'NONE',  ( 31.42883813376934299, 3.000000000000000000, 19.90507890330705365 ) ) ;
#2133 = DIRECTION ( 'NONE',  ( 0.000000000000000000, 1.000000000000000000, 0.000000000000000000 ) ) ;
#2134 = CARTESIAN_POINT ( 'NONE',  ( 40.90262084214997174, 3.999999999999996447, 24.24628894114167110 ) ) ;
#2135 = EDGE_CURVE ( 'NONE', #1857, #1695, #2155, .T. ) ;
#2136 = ORIENTED_EDGE ( 'NONE', *, *, #2288, .F. ) ;
#2137 = EDGE_LOOP ( 'NONE', ( #2159, #3665, #3618, #1574 ) ) ;
#2138 = ORIENTED_EDGE ( 'NONE', *, *, #1067, .T. ) ;
#2139 = DIRECTION ( 'NONE',  ( -0.000000000000000000, 1.000000000000000000, -0.000000000000000000 ) ) ;
#2140 = DIRECTION ( 'NONE',  ( 0.000000000000000000, 0.000000000000000000, 1.000000000000000000 ) ) ;
#2141 = ORIENTED_EDGE ( 'NONE', *, *, #1273, .F. ) ;
#2142 = VECTOR ( 'NONE', #2627, 1000.000000000000000 ) ;
#2143 = DIRECTION ( 'NONE',  ( 0.000000000000000000, 1.000000000000000000, 0.000000000000000000 ) ) ;
#2144 = CARTESIAN_POINT ( 'NONE',  ( -46.88834575110750791, 0.000000000000000000, -23.11967151655274577 ) ) ;
#2145 = FACE_OUTER_BOUND ( 'NONE', #3292, .T. ) ;
#2146 = ADVANCED_FACE ( 'NONE', ( #3116 ), #1726, .T. ) ;
#2147 = EDGE_LOOP ( 'NONE', ( #2271, #1608, #3754, #763 ) ) ;
#2148 = DIRECTION ( 'NONE',  ( 0.000000000000000000, 0.000000000000000000, -1.000000000000000000 ) ) ;
#2149 = EDGE_CURVE ( 'NONE', #1526, #1315, #1486, .T. ) ;
#2150 = DIRECTION ( 'NONE',  ( 0.9895864392845113988, 0.000000000000000000, 0.1439398457141106702 ) ) ;
#2151 = VECTOR ( 'NONE', #2708, 1000.000000000000000 ) ;
#2152 = DIRECTION ( 'NONE',  ( 0.000000000000000000, 0.000000000000000000, 1.000000000000000000 ) ) ;
#2153 = VECTOR ( 'NONE', #1333, 1000.000000000000000 ) ;
#2154 = CIRCLE ( 'NONE', #1849, 2.500000000000002220 ) ;
#2155 = CIRCLE ( 'NONE', #3145, 2.500000000000009326 ) ;
#2156 = VECTOR ( 'NONE', #1117, 999.9999999999998863 ) ;
#2157 = AXIS2_PLACEMENT_3D ( 'NONE', #1250, #1540, #2671 ) ;
#2158 = PLANE ( 'NONE',  #3758 ) ;
#2159 = ORIENTED_EDGE ( 'NONE', *, *, #323, .T. ) ;
#2160 = EDGE_LOOP ( 'NONE', ( #320, #3666, #2315, #3553 ) ) ;
#2161 = ORIENTED_EDGE ( 'NONE', *, *, #2437, .T. ) ;
#2162 = AXIS2_PLACEMENT_3D ( 'NONE', #3102, #2843, #792 ) ;
#2163 = EDGE_LOOP ( 'NONE', ( #79, #2730, #571, #3739, #177 ) ) ;
#2164 = DIRECTION ( 'NONE',  ( 1.000000000000000000, 0.000000000000000000, -1.150183614340680878E-16 ) ) ;
#2165 = CARTESIAN_POINT ( 'NONE',  ( -35.28834575110749938, 0.7500000000000002220, 9.880328483447257781 ) ) ;
#2166 = CIRCLE ( 'NONE', #3223, 3.199999999999987743 ) ;
#2167 = ORIENTED_EDGE ( 'NONE', *, *, #3235, .T. ) ;
#2168 = DIRECTION ( 'NONE',  ( 0.000000000000000000, 0.000000000000000000, 1.000000000000000000 ) ) ;
#2169 = DIRECTION ( 'NONE',  ( 0.1439398457141111975, 0.000000000000000000, -0.9895864392845113988 ) ) ;
#2170 = DIRECTION ( 'NONE',  ( -0.000000000000000000, 1.000000000000000000, -0.000000000000000000 ) ) ;
#2171 = DIRECTION ( 'NONE',  ( 0.000000000000000000, 0.000000000000000000, -1.000000000000000000 ) ) ;
#2172 = SHAPE_DEFINITION_REPRESENTATION ( #529, #1593 ) ;
#2173 = EDGE_CURVE ( 'NONE', #1412, #1829, #612, .T. ) ;
#2174 = LINE ( 'NONE', #2752, #90 ) ;
#2175 = CARTESIAN_POINT ( 'NONE',  ( -43.01853753454648199, 8.000000000000000000, -21.75202698244757826 ) ) ;
#2176 = AXIS2_PLACEMENT_3D ( 'NONE', #2099, #2639, #3537 ) ;
#2177 = FACE_OUTER_BOUND ( 'NONE', #2454, .T. ) ;
#2178 = EDGE_LOOP ( 'NONE', ( #1740, #355 ) ) ;
#2179 = VERTEX_POINT ( 'NONE', #168 ) ;
#2180 = DIRECTION ( 'NONE',  ( 0.000000000000000000, 0.000000000000000000, -1.000000000000000000 ) ) ;
#2181 = MANIFOLD_SOLID_BREP ( 'Cut-Extrude10', #3029 ) ;
#2182 = CARTESIAN_POINT ( 'NONE',  ( 35.11165424889249209, -5.596194077712567605, 34.88032848344725068 ) ) ;
#2183 = ORIENTED_EDGE ( 'NONE', *, *, #1152, .T. ) ;
#2184 = DIRECTION ( 'NONE',  ( -0.000000000000000000, -1.000000000000000000, -0.000000000000000000 ) ) ;
#2185 = EDGE_CURVE ( 'NONE', #3217, #2495, #2063, .T. ) ;
#2186 = LINE ( 'NONE', #424, #928 ) ;
#2187 = CARTESIAN_POINT ( 'NONE',  ( 45.22081621357329340, 4.000000000000000000, -5.441304237393692844 ) ) ;
#2188 = EDGE_CURVE ( 'NONE', #1539, #3573, #759, .T. ) ;
#2189 = ADVANCED_FACE ( 'NONE', ( #1441 ), #2023, .F. ) ;
#2190 = CARTESIAN_POINT ( 'NONE',  ( -41.17577171713647033, 8.000000000000000000, -22.52933910906416770 ) ) ;
#2191 = PLANE ( 'NONE',  #585 ) ;
#2192 = AXIS2_PLACEMENT_3D ( 'NONE', #120, #1881, #2148 ) ;
#2193 = EDGE_LOOP ( 'NONE', ( #158, #626 ) ) ;
#2194 = AXIS2_PLACEMENT_3D ( 'NONE', #1471, #1720, #2333 ) ;
#2195 = CARTESIAN_POINT ( 'NONE',  ( -47.09047880409082154, 3.999999999999996447, -4.646458494975587605 ) ) ;
#2196 = CARTESIAN_POINT ( 'NONE',  ( 25.59165424889250318, 7.724400000000000155, -33.47993183372690140 ) ) ;
#2197 = EDGE_CURVE ( 'NONE', #1239, #2233, #853, .T. ) ;
#2198 = ORIENTED_EDGE ( 'NONE', *, *, #3093, .T. ) ;
#2199 = CIRCLE ( 'NONE', #2691, 1.625000000000001332 ) ;
#2200 = ORIENTED_EDGE ( 'NONE', *, *, #3359, .T. ) ;
#2201 = ADVANCED_FACE ( 'NONE', ( #2607 ), #3784, .F. ) ;
#2202 = FACE_OUTER_BOUND ( 'NONE', #1712, .T. ) ;
#2203 = CARTESIAN_POINT ( 'NONE',  ( -20.34823080527241501, 8.000000000000000000, 26.84629667337212666 ) ) ;
#2204 = ORIENTED_EDGE ( 'NONE', *, *, #1443, .T. ) ;
#2205 = CARTESIAN_POINT ( 'NONE',  ( 43.11165424889249209, 4.000000000000000000, -20.11967151655274222 ) ) ;
#2206 = LINE ( 'NONE', #2424, #2592 ) ;
#2207 = CYLINDRICAL_SURFACE ( 'NONE', #1964, 6.199999999999990408 ) ;
#2208 = AXIS2_PLACEMENT_3D ( 'NONE', #500, #2608, #2324 ) ;
#2209 = CARTESIAN_POINT ( 'NONE',  ( -23.68834575110749796, 0.000000000000000000, 34.88032848344725778 ) ) ;
#2210 = AXIS2_PLACEMENT_3D ( 'NONE', #2205, #1912, #676 ) ;
#2211 = CARTESIAN_POINT ( 'NONE',  ( 37.68740930272802814, -49.51705820019092386, -23.12259788328396226 ) ) ;
#2212 = VERTEX_POINT ( 'NONE', #3376 ) ;
#2213 = ORIENTED_EDGE ( 'NONE', *, *, #2046, .T. ) ;
#2214 = LINE ( 'NONE', #1372, #297 ) ;
#2215 = AXIS2_PLACEMENT_3D ( 'NONE', #51, #1241, #3507 ) ;
#2216 = EDGE_CURVE ( 'NONE', #1570, #1319, #1293, .T. ) ;
#2217 = CIRCLE ( 'NONE', #2090, 2.500000000000009326 ) ;
#2218 = EDGE_LOOP ( 'NONE', ( #1231, #492, #56, #924 ) ) ;
#2219 = AXIS2_PLACEMENT_3D ( 'NONE', #1806, #934, #64 ) ;
#2220 = ORIENTED_EDGE ( 'NONE', *, *, #918, .T. ) ;
#2221 = EDGE_CURVE ( 'NONE', #2630, #1813, #3432, .T. ) ;
#2222 = DIRECTION ( 'NONE',  ( 0.000000000000000000, 0.000000000000000000, 1.000000000000000000 ) ) ;
#2223 = FACE_OUTER_BOUND ( 'NONE', #3162, .T. ) ;
#2224 = ORIENTED_EDGE ( 'NONE', *, *, #1030, .F. ) ;
#2225 = DIRECTION ( 'NONE',  ( 0.000000000000000000, 0.000000000000000000, 1.000000000000000000 ) ) ;
#2226 = LINE ( 'NONE', #3115, #1044 ) ;
#2227 = CIRCLE ( 'NONE', #3704, 2.999999999999999112 ) ;
#2228 = DIRECTION ( 'NONE',  ( 0.000000000000000000, -1.000000000000000000, 0.000000000000000000 ) ) ;
#2229 = DIRECTION ( 'NONE',  ( -0.9895864392845113988, 0.000000000000000000, -0.1439398457141108922 ) ) ;
#2230 = CARTESIAN_POINT ( 'NONE',  ( 0.000000000000000000, 0.000000000000000000, 0.000000000000000000 ) ) ;
#2231 = CARTESIAN_POINT ( 'NONE',  ( 43.11165424889249209, 8.000000000000000000, -20.11967151655274222 ) ) ;
#2232 = VERTEX_POINT ( 'NONE', #996 ) ;
#2233 = VERTEX_POINT ( 'NONE', #3358 ) ;
#2234 = CARTESIAN_POINT ( 'NONE',  ( 20.41165424889249280, 0.7500000000000002220, 32.38032848344725778 ) ) ;
#2235 = EDGE_CURVE ( 'NONE', #2016, #820, #2174, .T. ) ;
#2236 = EDGE_CURVE ( 'NONE', #3538, #2396, #1029, .T. ) ;
#2237 = VERTEX_POINT ( 'NONE', #722 ) ;
#2238 = ORIENTED_EDGE ( 'NONE', *, *, #2473, .T. ) ;
#2239 = CARTESIAN_POINT ( 'NONE',  ( -33.26837269215165094, 7.724399999999999267, -11.50225702149602292 ) ) ;
#2240 = PLANE ( 'NONE',  #2007 ) ;
#2241 = EDGE_CURVE ( 'NONE', #3301, #3173, #398, .T. ) ;
#2242 = ORIENTED_EDGE ( 'NONE', *, *, #2074, .F. ) ;
#2243 = CARTESIAN_POINT ( 'NONE',  ( -19.04379730505850787, 8.000000000000000000, 27.88032848344725778 ) ) ;
#2244 = DIRECTION ( 'NONE',  ( 0.000000000000000000, 0.000000000000000000, 1.000000000000000000 ) ) ;
#2245 = DIRECTION ( 'NONE',  ( 0.000000000000000000, 1.000000000000000000, -0.000000000000000000 ) ) ;
#2246 = EDGE_CURVE ( 'NONE', #3538, #419, #1601, .T. ) ;
#2247 = FACE_OUTER_BOUND ( 'NONE', #2600, .T. ) ;
#2248 = CYLINDRICAL_SURFACE ( 'NONE', #1883, 1.625000000000001332 ) ;
#2249 = VERTEX_POINT ( 'NONE', #1331 ) ;
#2250 = ORIENTED_EDGE ( 'NONE', *, *, #3139, .F. ) ;
#2251 = ORIENTED_EDGE ( 'NONE', *, *, #439, .F. ) ;
#2252 = PLANE ( 'NONE',  #1783 ) ;
#2253 = AXIS2_PLACEMENT_3D ( 'NONE', #501, #539, #3136 ) ;
#2254 = VECTOR ( 'NONE', #2638, 1000.000000000000000 ) ;
#2255 = VECTOR ( 'NONE', #3396, 1000.000000000000000 ) ;
#2256 = VECTOR ( 'NONE', #2497, 1000.000000000000000 ) ;
#2257 = VERTEX_POINT ( 'NONE', #3661 ) ;
#2258 = ORIENTED_EDGE ( 'NONE', *, *, #1871, .T. ) ;
#2259 = CYLINDRICAL_SURFACE ( 'NONE', #3733, 2.999999999999999112 ) ;
#2260 = CYLINDRICAL_SURFACE ( 'NONE', #717, 2.999999999999999112 ) ;
#2261 = VERTEX_POINT ( 'NONE', #2791 ) ;
#2262 = DIRECTION ( 'NONE',  ( 0.000000000000000000, 1.000000000000000000, 0.000000000000000000 ) ) ;
#2263 = CYLINDRICAL_SURFACE ( 'NONE', #1668, 2.500000000000002220 ) ;
#2264 = CARTESIAN_POINT ( 'NONE',  ( 25.59165424889250318, 3.000000000000000000, 13.52006816627309504 ) ) ;
#2265 = DIRECTION ( 'NONE',  ( -0.000000000000000000, 1.000000000000000000, -0.000000000000000000 ) ) ;
#2266 = DIRECTION ( 'NONE',  ( 0.000000000000000000, 1.000000000000000000, 0.000000000000000000 ) ) ;
#2267 = ADVANCED_FACE ( 'NONE', ( #1010, #389, #3341, #2448, #3105 ), #659, .T. ) ;
#2268 = CARTESIAN_POINT ( 'NONE',  ( 37.68740930272802814, 8.000000000000000000, -23.12259788328396226 ) ) ;
#2269 = VECTOR ( 'NONE', #2123, 1000.000000000000000 ) ;
#2270 = EDGE_LOOP ( 'NONE', ( #2122, #2416, #3205, #513 ) ) ;
#2271 = ORIENTED_EDGE ( 'NONE', *, *, #3123, .F. ) ;
#2272 = ADVANCED_FACE ( 'NONE', ( #65 ), #2770, .F. ) ;
#2273 = ORIENTED_EDGE ( 'NONE', *, *, #707, .F. ) ;
#2274 = CIRCLE ( 'NONE', #2701, 1.000000000000000888 ) ;
#2275 = CYLINDRICAL_SURFACE ( 'NONE', #1543, 2.500000000000009326 ) ;
#2276 = ORIENTED_EDGE ( 'NONE', *, *, #509, .T. ) ;
#2277 = ORIENTED_EDGE ( 'NONE', *, *, #510, .T. ) ;
#2278 = CARTESIAN_POINT ( 'NONE',  ( 25.59165424889250318, 7.724400000000000155, 13.52006816627309504 ) ) ;
#2279 = CARTESIAN_POINT ( 'NONE',  ( -36.03252141826667554, 7.724400000000000155, -10.33628883157113698 ) ) ;
#2280 = AXIS2_PLACEMENT_3D ( 'NONE', #45, #1548, #3589 ) ;
#2281 = AXIS2_PLACEMENT_3D ( 'NONE', #72, #2505, #1014 ) ;
#2282 = EDGE_LOOP ( 'NONE', ( #1416, #2064, #1805, #3309 ) ) ;
#2283 = AXIS2_PLACEMENT_3D ( 'NONE', #1799, #3192, #2305 ) ;
#2284 = FACE_OUTER_BOUND ( 'NONE', #2003, .T. ) ;
#2285 = AXIS2_PLACEMENT_3D ( 'NONE', #78, #1264, #2442 ) ;
#2286 = CARTESIAN_POINT ( 'NONE',  ( 43.11165424889249209, -1.000000000000000000, -18.49467151655273867 ) ) ;
#2287 = DIRECTION ( 'NONE',  ( -0.000000000000000000, 1.000000000000000000, -0.000000000000000000 ) ) ;
#2288 = EDGE_CURVE ( 'NONE', #1453, #1154, #3066, .T. ) ;
#2289 = DIRECTION ( 'NONE',  ( 0.000000000000000000, 0.000000000000000000, -1.000000000000000000 ) ) ;
#2290 = CARTESIAN_POINT ( 'NONE',  ( -23.68834575110749796, -5.596194077712567605, 34.88032848344725778 ) ) ;
#2291 = DIRECTION ( 'NONE',  ( 0.000000000000000000, 1.000000000000000000, 0.000000000000000000 ) ) ;
#2292 = ORIENTED_EDGE ( 'NONE', *, *, #2321, .F. ) ;
#2293 = ORIENTED_EDGE ( 'NONE', *, *, #1312, .T. ) ;
#2294 = EDGE_CURVE ( 'NONE', #1070, #2825, #974, .T. ) ;
#2295 = ORIENTED_EDGE ( 'NONE', *, *, #1013, .T. ) ;
#2296 = CARTESIAN_POINT ( 'NONE',  ( 43.16967341214721898, -30.46152820551968077, 22.55499575400085988 ) ) ;
#2297 = CARTESIAN_POINT ( 'NONE',  ( 5.711654248892495289, 0.7500000000000002220, 37.38032848344725778 ) ) ;
#2298 = ORIENTED_EDGE ( 'NONE', *, *, #1067, .F. ) ;
#2299 = ORIENTED_EDGE ( 'NONE', *, *, #1541, .F. ) ;
#2300 = CARTESIAN_POINT ( 'NONE',  ( 49.24709017245647402, 8.000000000000000000, -19.22724447312524632 ) ) ;
#2301 = DIRECTION ( 'NONE',  ( 0.000000000000000000, 0.000000000000000000, 1.000000000000000000 ) ) ;
#2302 = ORIENTED_EDGE ( 'NONE', *, *, #3774, .F. ) ;
#2303 = CARTESIAN_POINT ( 'NONE',  ( 25.59165424889250318, 7.724400000000000155, -32.47993183372690140 ) ) ;
#2304 = AXIS2_PLACEMENT_3D ( 'NONE', #301, #281, #1158 ) ;
#2305 = DIRECTION ( 'NONE',  ( -2.775557561562890957E-15, 0.000000000000000000, 1.000000000000000000 ) ) ;
#2306 = DIRECTION ( 'NONE',  ( 0.1439398457141096710, 0.000000000000000000, -0.9895864392845116209 ) ) ;
#2307 = CARTESIAN_POINT ( 'NONE',  ( -23.68834575110749796, -9.485281374238578422, 34.88032848344725778 ) ) ;
#2308 = LINE ( 'NONE', #1424, #3245 ) ;
#2309 = DIRECTION ( 'NONE',  ( 0.000000000000000000, 0.000000000000000000, 1.000000000000000000 ) ) ;
#2310 = ORIENTED_EDGE ( 'NONE', *, *, #1670, .T. ) ;
#2311 = LINE ( 'NONE', #3495, #3692 ) ;
#2312 = DIRECTION ( 'NONE',  ( -0.000000000000000000, -1.000000000000000000, -0.000000000000000000 ) ) ;
#2313 = CIRCLE ( 'NONE', #3428, 0.9999999999999974465 ) ;
#2314 = EDGE_LOOP ( 'NONE', ( #1261, #865, #3455, #34, #3088, #2979, #2200, #2457 ) ) ;
#2315 = ORIENTED_EDGE ( 'NONE', *, *, #3331, .F. ) ;
#2316 = LINE ( 'NONE', #846, #1520 ) ;
#2317 = VECTOR ( 'NONE', #1268, 1000.000000000000000 ) ;
#2318 = FACE_BOUND ( 'NONE', #2084, .T. ) ;
#2319 = ORIENTED_EDGE ( 'NONE', *, *, #1770, .F. ) ;
#2320 = FACE_OUTER_BOUND ( 'NONE', #21, .T. ) ;
#2321 = EDGE_CURVE ( 'NONE', #1189, #415, #3249, .T. ) ;
#2322 = DIRECTION ( 'NONE',  ( 0.000000000000000000, 1.000000000000000000, 0.000000000000000000 ) ) ;
#2323 = DIRECTION ( 'NONE',  ( 0.9526499485049144678, 0.000000000000000000, -0.3040691954368014982 ) ) ;
#2324 = DIRECTION ( 'NONE',  ( 0.000000000000000000, 0.000000000000000000, 1.000000000000000000 ) ) ;
#2325 = CARTESIAN_POINT ( 'NONE',  ( 5.711654248892495289, 4.000000000000000000, 32.38032848344725778 ) ) ;
#2326 = DIRECTION ( 'NONE',  ( 0.000000000000000000, 1.000000000000000000, 0.000000000000000000 ) ) ;
#2327 = EDGE_LOOP ( 'NONE', ( #3201, #1340 ) ) ;
#2328 = DIRECTION ( 'NONE',  ( 0.000000000000000000, 0.000000000000000000, 1.000000000000000000 ) ) ;
#2329 = DIRECTION ( 'NONE',  ( 0.000000000000000000, 0.000000000000000000, 1.000000000000000000 ) ) ;
#2330 = CIRCLE ( 'NONE', #2821, 2.500000000000002220 ) ;
#2331 = VERTEX_POINT ( 'NONE', #1314 ) ;
#2332 = EDGE_LOOP ( 'NONE', ( #1022, #2958, #2931, #1674 ) ) ;
#2333 = DIRECTION ( 'NONE',  ( 0.000000000000000000, 0.000000000000000000, 1.000000000000000000 ) ) ;
#2334 = ADVANCED_FACE ( 'NONE', ( #2500 ), #2191, .T. ) ;
#2335 = CYLINDRICAL_SURFACE ( 'NONE', #2666, 2.499999999999994671 ) ;
#2336 = ORIENTED_EDGE ( 'NONE', *, *, #1373, .F. ) ;
#2337 = FACE_OUTER_BOUND ( 'NONE', #29, .T. ) ;
#2338 = EDGE_CURVE ( 'NONE', #3745, #3419, #2940, .T. ) ;
#2339 = CARTESIAN_POINT ( 'NONE',  ( -44.47040086006422399, -30.46152820551968077, -3.581004804182158718 ) ) ;
#2340 = AXIS2_PLACEMENT_3D ( 'NONE', #639, #3807, #891 ) ;
#2341 = AXIS2_PLACEMENT_3D ( 'NONE', #2700, #266, #2923 ) ;
#2342 = AXIS2_PLACEMENT_3D ( 'NONE', #2103, #669, #984 ) ;
#2343 = ORIENTED_EDGE ( 'NONE', *, *, #1681, .T. ) ;
#2344 = LINE ( 'NONE', #1479, #2269 ) ;
#2345 = AXIS2_PLACEMENT_3D ( 'NONE', #1289, #3601, #3046 ) ;
#2346 = VECTOR ( 'NONE', #66, 1000.000000000000000 ) ;
#2347 = LINE ( 'NONE', #1202, #3549 ) ;
#2348 = LINE ( 'NONE', #3531, #3522 ) ;
#2349 = VERTEX_POINT ( 'NONE', #2132 ) ;
#2350 = AXIS2_PLACEMENT_3D ( 'NONE', #1942, #3723, #1656 ) ;
#2351 = PLANE ( 'NONE',  #3028 ) ;
#2352 = DIRECTION ( 'NONE',  ( 0.000000000000000000, 1.000000000000000000, 0.000000000000000000 ) ) ;
#2353 = ORIENTED_EDGE ( 'NONE', *, *, #2241, .T. ) ;
#2354 = EDGE_CURVE ( 'NONE', #2541, #1412, #1845, .T. ) ;
#2355 = DIRECTION ( 'NONE',  ( -0.000000000000000000, 1.000000000000000000, -0.000000000000000000 ) ) ;
#2356 = EDGE_CURVE ( 'NONE', #3147, #1177, #3694, .T. ) ;
#2357 = EDGE_CURVE ( 'NONE', #576, #1526, #2864, .T. ) ;
#2358 = FACE_OUTER_BOUND ( 'NONE', #1374, .T. ) ;
#2359 = ORIENTED_EDGE ( 'NONE', *, *, #2777, .T. ) ;
#2360 = DIRECTION ( 'NONE',  ( 0.9895864392845121760, 0.000000000000000000, 0.1439398457141062848 ) ) ;
#2361 = DIRECTION ( 'NONE',  ( 0.9526499485049144678, 0.000000000000000000, -0.3040691954368012206 ) ) ;
#2362 = EDGE_CURVE ( 'NONE', #265, #1474, #2622, .T. ) ;
#2363 = DIRECTION ( 'NONE',  ( 0.000000000000000000, 1.000000000000000000, 0.000000000000000000 ) ) ;
#2364 = AXIS2_PLACEMENT_3D ( 'NONE', #46, #1773, #570 ) ;
#2365 = CARTESIAN_POINT ( 'NONE',  ( -46.88834575110750791, -9.485281374238578422, -23.11967151655274577 ) ) ;
#2366 = DIRECTION ( 'NONE',  ( -0.000000000000000000, 1.000000000000000000, -0.000000000000000000 ) ) ;
#2367 = ADVANCED_FACE ( 'NONE', ( #3196 ), #2248, .F. ) ;
#2368 = ORIENTED_EDGE ( 'NONE', *, *, #2581, .T. ) ;
#2369 =( NAMED_UNIT ( * ) SI_UNIT ( $, .STERADIAN. ) SOLID_ANGLE_UNIT ( ) );
#2370 = CARTESIAN_POINT ( 'NONE',  ( 43.11165424889249209, 8.000000000000000000, -26.31967151655275927 ) ) ;
#2371 = LINE ( 'NONE', #1157, #395 ) ;
#2372 = DIRECTION ( 'NONE',  ( -0.000000000000000000, -1.000000000000000000, -0.000000000000000000 ) ) ;
#2373 = ORIENTED_EDGE ( 'NONE', *, *, #3527, .F. ) ;
#2374 = ORIENTED_EDGE ( 'NONE', *, *, #91, .T. ) ;
#2375 = CARTESIAN_POINT ( 'NONE',  ( 20.41165424889249280, 0.7500000000000002220, 34.88032848344725778 ) ) ;
#2376 = ADVANCED_FACE ( 'NONE', ( #3431, #2823, #777, #1953, #234 ), #2552, .F. ) ;
#2377 = VECTOR ( 'NONE', #3255, 1000.000000000000000 ) ;
#2378 = DIRECTION ( 'NONE',  ( -0.000000000000000000, 1.000000000000000000, -0.000000000000000000 ) ) ;
#2379 = CIRCLE ( 'NONE', #2559, 1.000000000000000888 ) ;
#2380 = ORIENTED_EDGE ( 'NONE', *, *, #137, .T. ) ;
#2381 = ORIENTED_EDGE ( 'NONE', *, *, #1979, .T. ) ;
#2382 = DIRECTION ( 'NONE',  ( -0.000000000000000000, -1.000000000000000000, -0.000000000000000000 ) ) ;
#2383 = DIRECTION ( 'NONE',  ( -0.000000000000000000, -1.000000000000000000, -0.000000000000000000 ) ) ;
#2384 = CARTESIAN_POINT ( 'NONE',  ( -50.75815396766852672, 4.000000000000000000, -18.48731605065791328 ) ) ;
#2385 = ADVANCED_FACE ( 'NONE', ( #480 ), #3157, .T. ) ;
#2386 = VERTEX_POINT ( 'NONE', #1669 ) ;
#2387 = CIRCLE ( 'NONE', #1342, 6.200000000000005507 ) ;
#2388 = DIRECTION ( 'NONE',  ( -0.000000000000000000, -1.000000000000000000, -0.000000000000000000 ) ) ;
#2389 = EDGE_CURVE ( 'NONE', #3662, #941, #2308, .T. ) ;
#2390 = DIRECTION ( 'NONE',  ( -0.000000000000000000, 1.000000000000000000, -0.000000000000000000 ) ) ;
#2391 = DIRECTION ( 'NONE',  ( -0.000000000000000000, -1.000000000000000000, 0.000000000000000000 ) ) ;
#2392 = AXIS2_PLACEMENT_3D ( 'NONE', #2086, #2686, #3275 ) ;
#2393 = FACE_OUTER_BOUND ( 'NONE', #318, .T. ) ;
#2394 = VERTEX_POINT ( 'NONE', #3771 ) ;
#2395 = EDGE_LOOP ( 'NONE', ( #3348, #1902 ) ) ;
#2396 = VERTEX_POINT ( 'NONE', #1404 ) ;
#2397 = DIRECTION ( 'NONE',  ( -0.000000000000000000, -1.000000000000000000, -0.000000000000000000 ) ) ;
#2398 = CIRCLE ( 'NONE', #1227, 32.39999999999999858 ) ;
#2399 = FACE_OUTER_BOUND ( 'NONE', #3073, .T. ) ;
#2400 = ORIENTED_EDGE ( 'NONE', *, *, #3730, .F. ) ;
#2401 = VERTEX_POINT ( 'NONE', #3414 ) ;
#2402 = DIRECTION ( 'NONE',  ( 0.000000000000000000, 0.000000000000000000, -1.000000000000000000 ) ) ;
#2403 = AXIS2_PLACEMENT_3D ( 'NONE', #3821, #3525, #3288 ) ;
#2404 = DIRECTION ( 'NONE',  ( -0.000000000000000000, -1.000000000000000000, -0.000000000000000000 ) ) ;
#2405 = LINE ( 'NONE', #19, #3213 ) ;
#2406 = ADVANCED_FACE ( 'NONE', ( #2847 ), #3452, .F. ) ;
#2407 = ORIENTED_EDGE ( 'NONE', *, *, #828, .T. ) ;
#2408 = VECTOR ( 'NONE', #2669, 1000.000000000000000 ) ;
#2409 = VECTOR ( 'NONE', #1500, 1000.000000000000000 ) ;
#2410 = FACE_OUTER_BOUND ( 'NONE', #2794, .T. ) ;
#2411 = DIRECTION ( 'NONE',  ( 0.000000000000000000, 1.000000000000000000, 0.000000000000000000 ) ) ;
#2412 = EDGE_CURVE ( 'NONE', #2743, #961, #194, .T. ) ;
#2413 = ORIENTED_EDGE ( 'NONE', *, *, #2119, .T. ) ;
#2414 = LINE ( 'NONE', #2757, #795 ) ;
#2415 = CARTESIAN_POINT ( 'NONE',  ( 41.11165424889248499, 0.7500000000000002220, -6.369671516552745771 ) ) ;
#2416 = ORIENTED_EDGE ( 'NONE', *, *, #1101, .F. ) ;
#2417 = ORIENTED_EDGE ( 'NONE', *, *, #1541, .T. ) ;
#2418 = EDGE_LOOP ( 'NONE', ( #86, #3388 ) ) ;
#2419 = DIRECTION ( 'NONE',  ( 1.000000000000000000, 0.000000000000000000, -7.212991720404862865E-17 ) ) ;
#2420 = CARTESIAN_POINT ( 'NONE',  ( -8.988345751107500448, 0.7500000000000002220, 34.88032848344725778 ) ) ;
#2421 = ORIENTED_EDGE ( 'NONE', *, *, #112, .F. ) ;
#2422 = VERTEX_POINT ( 'NONE', #1973 ) ;
#2423 = DIRECTION ( 'NONE',  ( 0.9213829087050068312, 0.000000000000000000, -0.3886560633082946081 ) ) ;
#2424 = CARTESIAN_POINT ( 'NONE',  ( -9.408345751107500377, 7.724400000000000155, 12.52006816627309504 ) ) ;
#2425 = FACE_OUTER_BOUND ( 'NONE', #3403, .T. ) ;
#2426 = ORIENTED_EDGE ( 'NONE', *, *, #2668, .F. ) ;
#2427 = CYLINDRICAL_SURFACE ( 'NONE', #672, 32.39999999999999858 ) ;
#2428 = CARTESIAN_POINT ( 'NONE',  ( -34.96726251454020939, 40.30892466556440468, -7.810890568426492209 ) ) ;
#2429 = CARTESIAN_POINT ( 'NONE',  ( -50.75815396766853382, 8.000000000000000000, -18.48731605065790973 ) ) ;
#2430 = CARTESIAN_POINT ( 'NONE',  ( -50.75815396766853382, 8.000000000000000000, -18.48731605065790973 ) ) ;
#2431 = EDGE_LOOP ( 'NONE', ( #379, #2258, #3233, #237 ) ) ;
#2432 = VERTEX_POINT ( 'NONE', #2593 ) ;
#2433 = ORIENTED_EDGE ( 'NONE', *, *, #7, .F. ) ;
#2434 = EDGE_CURVE ( 'NONE', #2904, #1551, #2570, .T. ) ;
#2435 = FACE_OUTER_BOUND ( 'NONE', #2946, .T. ) ;
#2436 = DIRECTION ( 'NONE',  ( 0.000000000000000000, 1.000000000000000000, 0.000000000000000000 ) ) ;
#2437 = EDGE_CURVE ( 'NONE', #2506, #2663, #1518, .T. ) ;
#2438 = EDGE_LOOP ( 'NONE', ( #291, #161, #2295, #2539 ) ) ;
#2439 = CARTESIAN_POINT ( 'NONE',  ( -23.68834575110749796, -1.000000000000000000, 36.50532848344725778 ) ) ;
#2440 = VECTOR ( 'NONE', #3570, 1000.000000000000000 ) ;
#2441 = DIRECTION ( 'NONE',  ( 0.000000000000000000, 1.000000000000000000, 0.000000000000000000 ) ) ;
#2442 = DIRECTION ( 'NONE',  ( -0.1439398457141108922, 0.000000000000000000, 0.9895864392845113988 ) ) ;
#2443 = VECTOR ( 'NONE', #3069, 1000.000000000000000 ) ;
#2444 = ORIENTED_EDGE ( 'NONE', *, *, #982, .F. ) ;
#2445 = CIRCLE ( 'NONE', #2941, 3.000000000000002665 ) ;
#2446 = CARTESIAN_POINT ( 'NONE',  ( 41.19050053357819507, -30.46152820551968077, 22.26711606257264009 ) ) ;
#2447 = CARTESIAN_POINT ( 'NONE',  ( -44.47040086006423110, -1.000000000000000000, -3.581004804182155610 ) ) ;
#2448 = FACE_BOUND ( 'NONE', #3438, .T. ) ;
#2449 = CYLINDRICAL_SURFACE ( 'NONE', #3121, 2.799999999999990052 ) ;
#2450 = DIRECTION ( 'NONE',  ( -0.000000000000000000, -1.000000000000000000, -0.000000000000000000 ) ) ;
#2451 = VERTEX_POINT ( 'NONE', #816 ) ;
#2452 = VERTEX_POINT ( 'NONE', #3175 ) ;
#2453 = ORIENTED_EDGE ( 'NONE', *, *, #38, .F. ) ;
#2454 = EDGE_LOOP ( 'NONE', ( #1941, #3567 ) ) ;
#2455 = CARTESIAN_POINT ( 'NONE',  ( -24.35185267197165260, 8.000000000000000000, 41.08032848344725352 ) ) ;
#2456 = DIRECTION ( 'NONE',  ( -0.000000000000000000, 1.000000000000000000, -0.000000000000000000 ) ) ;
#2457 = ORIENTED_EDGE ( 'NONE', *, *, #1926, .T. ) ;
#2458 = ADVANCED_FACE ( 'NONE', ( #3119 ), #520, .T. ) ;
#2459 = VECTOR ( 'NONE', #421, 1000.000000000000114 ) ;
#2460 = DIRECTION ( 'NONE',  ( 0.1439398457141108922, -0.000000000000000000, -0.9895864392845113988 ) ) ;
#2461 = CARTESIAN_POINT ( 'NONE',  ( -28.89930195407344371, 7.724400000000000155, -14.99619498827767927 ) ) ;
#2462 = CARTESIAN_POINT ( 'NONE',  ( -46.88834575110750791, 8.000000000000000000, -20.11967151655274222 ) ) ;
#2463 = DIRECTION ( 'NONE',  ( -0.000000000000000000, 1.000000000000000000, -0.000000000000000000 ) ) ;
#2464 = DIRECTION ( 'NONE',  ( 0.000000000000000000, 1.000000000000000000, 0.000000000000000000 ) ) ;
#2465 = CIRCLE ( 'NONE', #2644, 32.39999999999999858 ) ;
#2466 = DIRECTION ( 'NONE',  ( -0.1439398457141108922, -0.000000000000000000, 0.9895864392845113988 ) ) ;
#2467 = CIRCLE ( 'NONE', #734, 32.39999999999999858 ) ;
#2468 = VECTOR ( 'NONE', #573, 1000.000000000000000 ) ;
#2469 = VECTOR ( 'NONE', #3154, 1000.000000000000000 ) ;
#2470 = DIRECTION ( 'NONE',  ( 0.000000000000000000, 1.000000000000000000, 0.000000000000000000 ) ) ;
#2471 = ORIENTED_EDGE ( 'NONE', *, *, #3569, .F. ) ;
#2472 = ORIENTED_EDGE ( 'NONE', *, *, #2188, .T. ) ;
#2473 = EDGE_CURVE ( 'NONE', #1059, #3789, #837, .T. ) ;
#2474 = ORIENTED_EDGE ( 'NONE', *, *, #1150, .F. ) ;
#2475 = ORIENTED_EDGE ( 'NONE', *, *, #1056, .T. ) ;
#2476 = ADVANCED_FACE ( 'NONE', ( #153 ), #1648, .F. ) ;
#2477 = DIRECTION ( 'NONE',  ( -0.000000000000000000, 1.000000000000000000, -0.000000000000000000 ) ) ;
#2478 = CYLINDRICAL_SURFACE ( 'NONE', #765, 1.625000000000001332 ) ;
#2479 = VERTEX_POINT ( 'NONE', #2068 ) ;
#2480 = DIRECTION ( 'NONE',  ( 0.000000000000000000, 0.000000000000000000, -1.000000000000000000 ) ) ;
#2481 = FACE_OUTER_BOUND ( 'NONE', #2282, .T. ) ;
#2482 = LINE ( 'NONE', #679, #2966 ) ;
#2483 = DIRECTION ( 'NONE',  ( 0.000000000000000000, 0.000000000000000000, 1.000000000000000000 ) ) ;
#2484 = EDGE_CURVE ( 'NONE', #419, #1495, #309, .T. ) ;
#2485 = DIRECTION ( 'NONE',  ( -0.000000000000000000, 1.000000000000000000, -0.000000000000000000 ) ) ;
#2486 = ORIENTED_EDGE ( 'NONE', *, *, #1152, .F. ) ;
#2487 = CARTESIAN_POINT ( 'NONE',  ( 8.091654248892503176, 7.724400000000000155, -9.479931833726903179 ) ) ;
#2488 = VECTOR ( 'NONE', #1757, 1000.000000000000000 ) ;
#2489 = CARTESIAN_POINT ( 'NONE',  ( 37.68740930272802814, 8.000000000000000000, -23.12259788328396226 ) ) ;
#2490 = ORIENTED_EDGE ( 'NONE', *, *, #20, .F. ) ;
#2491 = ORIENTED_EDGE ( 'NONE', *, *, #1326, .F. ) ;
#2492 = ORIENTED_EDGE ( 'NONE', *, *, #1994, .F. ) ;
#2493 = CARTESIAN_POINT ( 'NONE',  ( -50.75815396766853382, 8.000000000000000000, -18.48731605065790973 ) ) ;
#2494 = DIRECTION ( 'NONE',  ( -0.000000000000000000, -1.000000000000000000, -0.000000000000000000 ) ) ;
#2495 = VERTEX_POINT ( 'NONE', #3806 ) ;
#2496 = CARTESIAN_POINT ( 'NONE',  ( -25.25086093183285030, 7.724399999999999267, 15.22368214919868024 ) ) ;
#2497 = DIRECTION ( 'NONE',  ( -0.000000000000000000, -1.000000000000000000, -0.000000000000000000 ) ) ;
#2498 = CARTESIAN_POINT ( 'NONE',  ( 31.82701608826133466, 8.000000000000000000, 28.28336005144677756 ) ) ;
#2499 = DIRECTION ( 'NONE',  ( -0.000000000000000000, 1.000000000000000000, -0.000000000000000000 ) ) ;
#2500 = FACE_OUTER_BOUND ( 'NONE', #3631, .T. ) ;
#2501 = EDGE_CURVE ( 'NONE', #941, #205, #1936, .T. ) ;
#2502 = CIRCLE ( 'NONE', #3180, 2.500000000000002220 ) ;
#2503 = VERTEX_POINT ( 'NONE', #1733 ) ;
#2504 = EDGE_CURVE ( 'NONE', #3113, #901, #892, .T. ) ;
#2505 = DIRECTION ( 'NONE',  ( -0.000000000000000000, 1.000000000000000000, -0.000000000000000000 ) ) ;
#2506 = VERTEX_POINT ( 'NONE', #2650 ) ;
#2507 = VECTOR ( 'NONE', #3708, 1000.000000000000000 ) ;
#2508 = DIRECTION ( 'NONE',  ( 0.000000000000000000, 0.000000000000000000, 1.000000000000000000 ) ) ;
#2509 = DIRECTION ( 'NONE',  ( 0.3886560633082938310, 0.000000000000000000, 0.9213829087050071642 ) ) ;
#2510 = ORIENTED_EDGE ( 'NONE', *, *, #1978, .F. ) ;
#2511 = LINE ( 'NONE', #2496, #727 ) ;
#2512 = FACE_OUTER_BOUND ( 'NONE', #532, .T. ) ;
#2513 = DIRECTION ( 'NONE',  ( 0.000000000000000000, 1.000000000000000000, 0.000000000000000000 ) ) ;
#2514 = CIRCLE ( 'NONE', #1716, 4.199999999999999289 ) ;
#2515 = ADVANCED_FACE ( 'NONE', ( #2033 ), #1186, .T. ) ;
#2516 = CARTESIAN_POINT ( 'NONE',  ( 47.26791729388745011, 8.000000000000000000, -19.51512416455346965 ) ) ;
#2517 = DIRECTION ( 'NONE',  ( -0.000000000000000000, -1.000000000000000000, -0.000000000000000000 ) ) ;
#2518 = EDGE_CURVE ( 'NONE', #839, #3482, #3582, .T. ) ;
#2519 = ORIENTED_EDGE ( 'NONE', *, *, #3160, .F. ) ;
#2520 = ORIENTED_EDGE ( 'NONE', *, *, #1944, .F. ) ;
#2521 = DIRECTION ( 'NONE',  ( 0.3886560633082939975, -0.000000000000000000, 0.9213829087050071642 ) ) ;
#2522 = VECTOR ( 'NONE', #3218, 1000.000000000000000 ) ;
#2523 = EDGE_CURVE ( 'NONE', #2813, #1818, #2609, .T. ) ;
#2524 = AXIS2_PLACEMENT_3D ( 'NONE', #852, #284, #2961 ) ;
#2525 = VECTOR ( 'NONE', #1188, 1000.000000000000000 ) ;
#2526 = CIRCLE ( 'NONE', #548, 2.500000000000002220 ) ;
#2527 = ORIENTED_EDGE ( 'NONE', *, *, #814, .F. ) ;
#2528 = ORIENTED_EDGE ( 'NONE', *, *, #376, .T. ) ;
#2529 = CARTESIAN_POINT ( 'NONE',  ( -23.95398695367692810, 7.724400000000000155, -14.25872665210779111 ) ) ;
#2530 = EDGE_CURVE ( 'NONE', #1453, #3482, #3826, .T. ) ;
#2531 = CARTESIAN_POINT ( 'NONE',  ( 27.55723239885653086, 8.000000000000000000, 28.68032848344724428 ) ) ;
#2532 = ORIENTED_EDGE ( 'NONE', *, *, #696, .F. ) ;
#2533 = FACE_OUTER_BOUND ( 'NONE', #1623, .T. ) ;
#2534 = CARTESIAN_POINT ( 'NONE',  ( 25.59165424889250318, 7.724400000000000155, 13.52006816627309504 ) ) ;
#2535 = DIRECTION ( 'NONE',  ( -6.938893903907222067E-15, 0.000000000000000000, -1.000000000000000000 ) ) ;
#2536 = CARTESIAN_POINT ( 'NONE',  ( -34.65348477822541895, 3.999999999999996447, 24.83779458358464254 ) ) ;
#2537 = DIRECTION ( 'NONE',  ( -0.000000000000000000, 1.000000000000000000, -0.000000000000000000 ) ) ;
#2538 = VERTEX_POINT ( 'NONE', #1464 ) ;
#2539 = ORIENTED_EDGE ( 'NONE', *, *, #2338, .T. ) ;
#2540 = DIRECTION ( 'NONE',  ( 0.000000000000000000, 0.000000000000000000, 1.000000000000000000 ) ) ;
#2541 = VERTEX_POINT ( 'NONE', #1146 ) ;
#2542 = EDGE_LOOP ( 'NONE', ( #630, #332, #694, #1349 ) ) ;
#2543 = CARTESIAN_POINT ( 'NONE',  ( 35.11165424889249209, -9.485281374238578422, 34.88032848344725068 ) ) ;
#2544 = CARTESIAN_POINT ( 'NONE',  ( 35.72964540539902600, 7.724400000000000155, -26.38855226334407789 ) ) ;
#2545 = ORIENTED_EDGE ( 'NONE', *, *, #1594, .F. ) ;
#2546 = DIRECTION ( 'NONE',  ( 0.000000000000000000, 0.000000000000000000, 1.000000000000000000 ) ) ;
#2547 = EDGE_CURVE ( 'NONE', #779, #1386, #3238, .T. ) ;
#2548 = CYLINDRICAL_SURFACE ( 'NONE', #1178, 0.9999999999999974465 ) ;
#2549 =( NAMED_UNIT ( * ) SI_UNIT ( $, .STERADIAN. ) SOLID_ANGLE_UNIT ( ) );
#2550 = EDGE_CURVE ( 'NONE', #2813, #2394, #2667, .T. ) ;
#2551 = FACE_OUTER_BOUND ( 'NONE', #1531, .T. ) ;
#2552 = PLANE ( 'NONE',  #2253 ) ;
#2553 = CARTESIAN_POINT ( 'NONE',  ( 37.11165424889249209, 0.7500000000000002220, 21.13032848344725068 ) ) ;
#2554 = ORIENTED_EDGE ( 'NONE', *, *, #1672, .F. ) ;
#2555 = ORIENTED_EDGE ( 'NONE', *, *, #1728, .F. ) ;
#2556 = ORIENTED_EDGE ( 'NONE', *, *, #2800, .T. ) ;
#2557 = FACE_OUTER_BOUND ( 'NONE', #3418, .T. ) ;
#2558 = AXIS2_PLACEMENT_3D ( 'NONE', #1709, #3491, #2886 ) ;
#2559 = AXIS2_PLACEMENT_3D ( 'NONE', #3536, #554, #280 ) ;
#2560 = AXIS2_PLACEMENT_3D ( 'NONE', #1143, #3509, #559 ) ;
#2561 = EDGE_LOOP ( 'NONE', ( #1874, #1033, #2990, #378 ) ) ;
#2562 = ORIENTED_EDGE ( 'NONE', *, *, #1005, .T. ) ;
#2563 = LINE ( 'NONE', #2529, #1762 ) ;
#2564 = CARTESIAN_POINT ( 'NONE',  ( 35.97672284755361005, 8.000000000000000000, 35.88032848344725778 ) ) ;
#2565 = ORIENTED_EDGE ( 'NONE', *, *, #2616, .T. ) ;
#2566 = CARTESIAN_POINT ( 'NONE',  ( -46.88834575110750791, 8.000000000000000000, -20.11967151655274222 ) ) ;
#2567 = LINE ( 'NONE', #774, #1309 ) ;
#2568 = EDGE_CURVE ( 'NONE', #1004, #1621, #2347, .T. ) ;
#2569 = DIRECTION ( 'NONE',  ( 0.000000000000000000, 0.000000000000000000, 1.000000000000000000 ) ) ;
#2570 = LINE ( 'NONE', #1052, #1334 ) ;
#2571 = FACE_OUTER_BOUND ( 'NONE', #2178, .T. ) ;
#2572 = VECTOR ( 'NONE', #1068, 1000.000000000000000 ) ;
#2573 = EDGE_LOOP ( 'NONE', ( #2510, #377, #1693, #2368 ) ) ;
#2574 = VERTEX_POINT ( 'NONE', #2325 ) ;
#2575 = AXIS2_PLACEMENT_3D ( 'NONE', #3408, #1838, #1878 ) ;
#2576 = CYLINDRICAL_SURFACE ( 'NONE', #1048, 2.500000000000002220 ) ;
#2577 = ORIENTED_EDGE ( 'NONE', *, *, #3543, .F. ) ;
#2578 = ORIENTED_EDGE ( 'NONE', *, *, #3470, .T. ) ;
#2579 = CARTESIAN_POINT ( 'NONE',  ( -24.35185267197165260, 8.000000000000000000, 39.08032848344725352 ) ) ;
#2580 = DIRECTION ( 'NONE',  ( 0.000000000000000000, 0.000000000000000000, 1.000000000000000000 ) ) ;
#2581 = EDGE_CURVE ( 'NONE', #142, #1836, #709, .T. ) ;
#2582 = AXIS2_PLACEMENT_3D ( 'NONE', #521, #2291, #541 ) ;
#2583 = VECTOR ( 'NONE', #647, 1000.000000000000000 ) ;
#2584 = ORIENTED_EDGE ( 'NONE', *, *, #490, .F. ) ;
#2585 = DIRECTION ( 'NONE',  ( -0.9895864392845116209, 0.000000000000000000, -0.1439398457141096710 ) ) ;
#2586 = ADVANCED_FACE ( 'NONE', ( #2687 ), #910, .F. ) ;
#2587 = AXIS2_PLACEMENT_3D ( 'NONE', #992, #2170, #3354 ) ;
#2588 = DIRECTION ( 'NONE',  ( -0.000000000000000000, -1.000000000000000000, -0.000000000000000000 ) ) ;
#2589 = CARTESIAN_POINT ( 'NONE',  ( 37.11165424889249209, 0.7500000000000002220, 21.13032848344725068 ) ) ;
#2590 = ORIENTED_EDGE ( 'NONE', *, *, #1698, .T. ) ;
#2591 = CARTESIAN_POINT ( 'NONE',  ( -0.9691600389936920745, 7.724400000000000155, 21.62732848344724346 ) ) ;
#2592 = VECTOR ( 'NONE', #1822, 1000.000000000000000 ) ;
#2593 = CARTESIAN_POINT ( 'NONE',  ( -35.28834575110749938, 0.7500000000000002220, 4.880328483447254229 ) ) ;
#2594 = LINE ( 'NONE', #2489, #3578 ) ;
#2595 = ORIENTED_EDGE ( 'NONE', *, *, #2236, .T. ) ;
#2596 = VERTEX_POINT ( 'NONE', #1748 ) ;
#2597 = DIRECTION ( 'NONE',  ( -0.000000000000000000, -1.000000000000000000, -0.000000000000000000 ) ) ;
#2598 = DIRECTION ( 'NONE',  ( 0.000000000000000000, 0.000000000000000000, 1.000000000000000000 ) ) ;
#2599 = EDGE_CURVE ( 'NONE', #2432, #2914, #335, .T. ) ;
#2600 = EDGE_LOOP ( 'NONE', ( #2319, #3524, #1369, #782 ) ) ;
#2601 = EDGE_LOOP ( 'NONE', ( #2251, #3365 ) ) ;
#2602 = CARTESIAN_POINT ( 'NONE',  ( 35.11165424889249209, -9.485281374238578422, 37.88032848344725068 ) ) ;
#2603 = FACE_OUTER_BOUND ( 'NONE', #3240, .T. ) ;
#2604 = ORIENTED_EDGE ( 'NONE', *, *, #1013, .F. ) ;
#2605 = CARTESIAN_POINT ( 'NONE',  ( 5.711654248892495289, 0.7500000000000002220, 34.88032848344725778 ) ) ;
#2606 = FACE_OUTER_BOUND ( 'NONE', #2652, .T. ) ;
#2607 = FACE_OUTER_BOUND ( 'NONE', #2943, .T. ) ;
#2608 = DIRECTION ( 'NONE',  ( 0.000000000000000000, 1.000000000000000000, 0.000000000000000000 ) ) ;
#2609 = LINE ( 'NONE', #2048, #448 ) ;
#2610 = DIRECTION ( 'NONE',  ( 0.000000000000000000, 1.000000000000000000, 0.000000000000000000 ) ) ;
#2611 = ORIENTED_EDGE ( 'NONE', *, *, #2523, .T. ) ;
#2612 = ORIENTED_EDGE ( 'NONE', *, *, #2473, .F. ) ;
#2613 = CYLINDRICAL_SURFACE ( 'NONE', #1732, 1.999999999999998224 ) ;
#2614 = EDGE_CURVE ( 'NONE', #1196, #970, #2502, .T. ) ;
#2615 = DIRECTION ( 'NONE',  ( -0.000000000000000000, 1.000000000000000000, -0.000000000000000000 ) ) ;
#2616 = EDGE_CURVE ( 'NONE', #3200, #2401, #2680, .T. ) ;
#2617 = AXIS2_PLACEMENT_3D ( 'NONE', #3118, #2769, #3691 ) ;
#2618 = ORIENTED_EDGE ( 'NONE', *, *, #3279, .T. ) ;
#2619 = ORIENTED_EDGE ( 'NONE', *, *, #410, .F. ) ;
#2620 = CIRCLE ( 'NONE', #2125, 0.9999999999999974465 ) ;
#2621 = CARTESIAN_POINT ( 'NONE',  ( -9.408345751107500377, 7.724400000000000155, -33.47993183372690140 ) ) ;
#2622 = CIRCLE ( 'NONE', #3302, 2.999999999999999112 ) ;
#2623 = DIRECTION ( 'NONE',  ( -0.3886560633082946081, 0.000000000000000000, -0.9213829087050068312 ) ) ;
#2624 = ORIENTED_EDGE ( 'NONE', *, *, #3451, .F. ) ;
#2625 = CARTESIAN_POINT ( 'NONE',  ( 28.46007881591580713, 3.000000000000000000, 19.47325936616471864 ) ) ;
#2626 = DIRECTION ( 'NONE',  ( -0.000000000000000000, 1.000000000000000000, -0.000000000000000000 ) ) ;
#2627 = DIRECTION ( 'NONE',  ( -0.000000000000000000, -1.000000000000000000, -0.000000000000000000 ) ) ;
#2628 = DIRECTION ( 'NONE',  ( -0.000000000000000000, 1.000000000000000000, -0.000000000000000000 ) ) ;
#2629 = CARTESIAN_POINT ( 'NONE',  ( -9.408345751107500377, 7.724400000000000155, 14.52006816627309682 ) ) ;
#2630 = VERTEX_POINT ( 'NONE', #1765 ) ;
#2631 = EDGE_CURVE ( 'NONE', #160, #1539, #2948, .T. ) ;
#2632 = CARTESIAN_POINT ( 'NONE',  ( -46.88834575110750791, -5.596194077712567605, -18.49467151655273867 ) ) ;
#2633 = EDGE_CURVE ( 'NONE', #180, #665, #890, .T. ) ;
#2634 = DIRECTION ( 'NONE',  ( 0.000000000000000000, 1.000000000000000000, 0.000000000000000000 ) ) ;
#2635 = AXIS2_PLACEMENT_3D ( 'NONE', #3393, #2463, #1917 ) ;
#2636 = ORIENTED_EDGE ( 'NONE', *, *, #3558, .T. ) ;
#2637 = EDGE_CURVE ( 'NONE', #3592, #2904, #271, .T. ) ;
#2638 = DIRECTION ( 'NONE',  ( -0.000000000000000000, -1.000000000000000000, -0.000000000000000000 ) ) ;
#2639 = DIRECTION ( 'NONE',  ( -0.000000000000000000, -1.000000000000000000, -0.000000000000000000 ) ) ;
#2640 = ORIENTED_EDGE ( 'NONE', *, *, #2338, .F. ) ;
#2641 = CARTESIAN_POINT ( 'NONE',  ( 8.091654248892503176, 7.724400000000000155, -41.87993183372689998 ) ) ;
#2642 = EDGE_CURVE ( 'NONE', #1975, #2249, #3672, .T. ) ;
#2643 = DIRECTION ( 'NONE',  ( 0.000000000000000000, 1.000000000000000000, 0.000000000000000000 ) ) ;
#2644 = AXIS2_PLACEMENT_3D ( 'NONE', #1089, #1405, #1710 ) ;
#2645 = CIRCLE ( 'NONE', #1904, 2.999999999999999112 ) ;
#2646 = CIRCLE ( 'NONE', #3333, 2.999999999999999112 ) ;
#2647 = CARTESIAN_POINT ( 'NONE',  ( 31.42883813376933588, 7.724399999999999267, 19.90507890330706076 ) ) ;
#2648 = VECTOR ( 'NONE', #405, 999.9999999999998863 ) ;
#2649 = AXIS2_PLACEMENT_3D ( 'NONE', #526, #1153, #2598 ) ;
#2650 = CARTESIAN_POINT ( 'NONE',  ( 37.68740930272806366, -1.000000000000000000, -23.12259788328400134 ) ) ;
#2651 = CARTESIAN_POINT ( 'NONE',  ( -33.26837269215165094, 40.30892466556440468, -8.502257021496022915 ) ) ;
#2652 = EDGE_LOOP ( 'NONE', ( #3721, #2417, #1499, #2043 ) ) ;
#2653 = CARTESIAN_POINT ( 'NONE',  ( -44.47040086006423110, -1.000000000000000000, -3.581004804182155610 ) ) ;
#2654 = DIRECTION ( 'NONE',  ( 0.000000000000000000, 1.000000000000000000, 0.000000000000000000 ) ) ;
#2655 = VERTEX_POINT ( 'NONE', #1266 ) ;
#2656 = CYLINDRICAL_SURFACE ( 'NONE', #2745, 2.500000000000002220 ) ;
#2657 = DIRECTION ( 'NONE',  ( -0.3886560633082936644, 0.000000000000000000, -0.9213829087050071642 ) ) ;
#2658 = ORIENTED_EDGE ( 'NONE', *, *, #2664, .T. ) ;
#2659 = EDGE_LOOP ( 'NONE', ( #3265, #325, #1955, #3026 ) ) ;
#2660 = DIRECTION ( 'NONE',  ( 0.000000000000000000, 0.000000000000000000, -1.000000000000000000 ) ) ;
#2661 = EDGE_CURVE ( 'NONE', #311, #2495, #1619, .T. ) ;
#2662 = CARTESIAN_POINT ( 'NONE',  ( -29.14304379723769145, -1.000000000000000000, 37.90134001265036545 ) ) ;
#2663 = VERTEX_POINT ( 'NONE', #3413 ) ;
#2664 = EDGE_CURVE ( 'NONE', #1167, #262, #993, .T. ) ;
#2665 = CARTESIAN_POINT ( 'NONE',  ( 25.59165424889250318, 7.724400000000000155, 14.52006816627309327 ) ) ;
#2666 = AXIS2_PLACEMENT_3D ( 'NONE', #2957, #1525, #2019 ) ;
#2667 = LINE ( 'NONE', #1779, #2803 ) ;
#2668 = EDGE_CURVE ( 'NONE', #1122, #244, #1009, .T. ) ;
#2669 = DIRECTION ( 'NONE',  ( 0.000000000000000000, 1.000000000000000000, 0.000000000000000000 ) ) ;
#2670 = ORIENTED_EDGE ( 'NONE', *, *, #1493, .F. ) ;
#2671 = DIRECTION ( 'NONE',  ( 0.000000000000000000, 0.000000000000000000, 1.000000000000000000 ) ) ;
#2672 = DIRECTION ( 'NONE',  ( 0.000000000000000000, 1.000000000000000000, 0.000000000000000000 ) ) ;
#2673 = ORIENTED_EDGE ( 'NONE', *, *, #1930, .T. ) ;
#2674 = CYLINDRICAL_SURFACE ( 'NONE', #2962, 32.39999999999999858 ) ;
#2675 = FACE_BOUND ( 'NONE', #2036, .T. ) ;
#2676 = ORIENTED_EDGE ( 'NONE', *, *, #466, .T. ) ;
#2677 = VERTEX_POINT ( 'NONE', #406 ) ;
#2678 = LINE ( 'NONE', #873, #2963 ) ;
#2679 = EDGE_CURVE ( 'NONE', #2833, #1654, #1335, .T. ) ;
#2680 = CIRCLE ( 'NONE', #3371, 1.625000000000001332 ) ;
#2681 = EDGE_CURVE ( 'NONE', #3741, #3649, #1050, .T. ) ;
#2682 = CARTESIAN_POINT ( 'NONE',  ( -35.28834575110749938, 0.7500000000000002220, 7.380328483447256005 ) ) ;
#2683 = VECTOR ( 'NONE', #2899, 1000.000000000000000 ) ;
#2684 = EDGE_LOOP ( 'NONE', ( #1650, #591, #1119, #3820 ) ) ;
#2685 = ORIENTED_EDGE ( 'NONE', *, *, #2785, .F. ) ;
#2686 = DIRECTION ( 'NONE',  ( 0.000000000000000000, 1.000000000000000000, 0.000000000000000000 ) ) ;
#2687 = FACE_OUTER_BOUND ( 'NONE', #803, .T. ) ;
#2688 = ADVANCED_FACE ( 'NONE', ( #3375 ), #701, .F. ) ;
#2689 = PLANE ( 'NONE',  #2711 ) ;
#2690 = ORIENTED_EDGE ( 'NONE', *, *, #1752, .T. ) ;
#2691 = AXIS2_PLACEMENT_3D ( 'NONE', #3485, #1121, #2301 ) ;
#2692 =( NAMED_UNIT ( * ) PLANE_ANGLE_UNIT ( ) SI_UNIT ( $, .RADIAN. ) );
#2693 = DIRECTION ( 'NONE',  ( -0.000000000000000000, -1.000000000000000000, -0.000000000000000000 ) ) ;
#2694 = CARTESIAN_POINT ( 'NONE',  ( -47.09047880409081444, -1.000000000000000000, -4.646458494975594711 ) ) ;
#2695 = VECTOR ( 'NONE', #3370, 1000.000000000000000 ) ;
#2696 = DIRECTION ( 'NONE',  ( 0.000000000000000000, 0.000000000000000000, 1.000000000000000000 ) ) ;
#2697 = ORIENTED_EDGE ( 'NONE', *, *, #2321, .T. ) ;
#2698 = ORIENTED_EDGE ( 'NONE', *, *, #1698, .F. ) ;
#2699 = EDGE_LOOP ( 'NONE', ( #1945, #2343, #3364, #1907 ) ) ;
#2700 = CARTESIAN_POINT ( 'NONE',  ( -9.408345751107500377, 7.724400000000000155, 13.52006816627309504 ) ) ;
#2701 = AXIS2_PLACEMENT_3D ( 'NONE', #3352, #1006, #2744 ) ;
#2702 = CARTESIAN_POINT ( 'NONE',  ( 35.11165424889249209, -9.485281374238578422, 31.88032848344724712 ) ) ;
#2703 = ORIENTED_EDGE ( 'NONE', *, *, #1666, .T. ) ;
#2704 = ORIENTED_EDGE ( 'NONE', *, *, #1787, .F. ) ;
#2705 = CYLINDRICAL_SURFACE ( 'NONE', #1350, 6.200000000000014388 ) ;
#2706 = AXIS2_PLACEMENT_3D ( 'NONE', #2243, #771, #2817 ) ;
#2707 = FACE_OUTER_BOUND ( 'NONE', #786, .T. ) ;
#2708 = DIRECTION ( 'NONE',  ( -0.000000000000000000, -1.000000000000000000, -0.000000000000000000 ) ) ;
#2709 = VECTOR ( 'NONE', #306, 1000.000000000000000 ) ;
#2710 = ORIENTED_EDGE ( 'NONE', *, *, #278, .T. ) ;
#2711 = AXIS2_PLACEMENT_3D ( 'NONE', #932, #37, #3225 ) ;
#2712 = VECTOR ( 'NONE', #2053, 1000.000000000000000 ) ;
#2713 = AXIS2_PLACEMENT_3D ( 'NONE', #1267, #371, #2731 ) ;
#2714 = CIRCLE ( 'NONE', #3699, 2.999999999999999112 ) ;
#2715 = DIRECTION ( 'NONE',  ( -0.000000000000000000, -1.000000000000000000, -0.000000000000000000 ) ) ;
#2716 = DIRECTION ( 'NONE',  ( -0.000000000000000000, 1.000000000000000000, -0.000000000000000000 ) ) ;
#2717 = EDGE_CURVE ( 'NONE', #3304, #1221, #953, .T. ) ;
#2718 = LINE ( 'NONE', #2430, #1637 ) ;
#2719 = EDGE_CURVE ( 'NONE', #1091, #2073, #3493, .T. ) ;
#2720 = ORIENTED_EDGE ( 'NONE', *, *, #1677, .T. ) ;
#2721 = ORIENTED_EDGE ( 'NONE', *, *, #3427, .T. ) ;
#2722 = ORIENTED_EDGE ( 'NONE', *, *, #802, .F. ) ;
#2723 = CARTESIAN_POINT ( 'NONE',  ( 35.72964540539902600, 3.000000000000000000, -26.38855226334407789 ) ) ;
#2724 = DIRECTION ( 'NONE',  ( 0.000000000000000000, 0.000000000000000000, 1.000000000000000000 ) ) ;
#2725 = CARTESIAN_POINT ( 'NONE',  ( -23.68834575110749796, -9.485281374238578422, 31.88032848344726133 ) ) ;
#2726 = EDGE_LOOP ( 'NONE', ( #756, #3687, #2519, #3629, #2492 ) ) ;
#2727 = CARTESIAN_POINT ( 'NONE',  ( 20.41165424889249280, 0.7500000000000002220, 34.88032848344725778 ) ) ;
#2728 = DIRECTION ( 'NONE',  ( 0.000000000000000000, 0.000000000000000000, 1.000000000000000000 ) ) ;
#2729 = PLANE ( 'NONE',  #2285 ) ;
#2730 = ORIENTED_EDGE ( 'NONE', *, *, #2235, .F. ) ;
#2731 = DIRECTION ( 'NONE',  ( 0.000000000000000000, 0.000000000000000000, -1.000000000000000000 ) ) ;
#2732 = CARTESIAN_POINT ( 'NONE',  ( -34.65348477822541184, -1.000000000000000000, 24.83779458358465675 ) ) ;
#2733 = FACE_OUTER_BOUND ( 'NONE', #2270, .T. ) ;
#2734 = EDGE_CURVE ( 'NONE', #1337, #2541, #2313, .T. ) ;
#2735 = CYLINDRICAL_SURFACE ( 'NONE', #3458, 4.200000000000012612 ) ;
#2736 = ADVANCED_FACE ( 'NONE', ( #3067 ), #1865, .T. ) ;
#2737 = EDGE_LOOP ( 'NONE', ( #2117, #2704 ) ) ;
#2738 = ORIENTED_EDGE ( 'NONE', *, *, #1590, .F. ) ;
#2739 = ORIENTED_EDGE ( 'NONE', *, *, #1030, .T. ) ;
#2740 = ORIENTED_EDGE ( 'NONE', *, *, #1036, .F. ) ;
#2741 = CARTESIAN_POINT ( 'NONE',  ( 25.59165424889250318, 7.724400000000000155, -31.47993183372690140 ) ) ;
#2742 = CARTESIAN_POINT ( 'NONE',  ( 38.28871866063111185, 3.000000000000000000, -27.95416526608640240 ) ) ;
#2743 = VERTEX_POINT ( 'NONE', #3658 ) ;
#2744 = DIRECTION ( 'NONE',  ( 0.000000000000000000, 0.000000000000000000, 1.000000000000000000 ) ) ;
#2745 = AXIS2_PLACEMENT_3D ( 'NONE', #2920, #899, #2055 ) ;
#2746 = DIRECTION ( 'NONE',  ( 0.000000000000000000, 0.000000000000000000, 1.000000000000000000 ) ) ;
#2747 = FACE_OUTER_BOUND ( 'NONE', #321, .T. ) ;
#2748 = AXIS2_PLACEMENT_3D ( 'NONE', #952, #427, #138 ) ;
#2749 = ORIENTED_EDGE ( 'NONE', *, *, #1506, .T. ) ;
#2750 = AXIS2_PLACEMENT_3D ( 'NONE', #660, #643, #3587 ) ;
#2751 = DIRECTION ( 'NONE',  ( 0.1439398457141108922, -0.000000000000000000, -0.9895864392845113988 ) ) ;
#2752 = CARTESIAN_POINT ( 'NONE',  ( 47.48786878357054775, -1.000000000000000000, -7.132597424534507624 ) ) ;
#2753 = EDGE_CURVE ( 'NONE', #939, #2116, #1141, .T. ) ;
#2754 = CARTESIAN_POINT ( 'NONE',  ( 43.11165424889249209, 3.000000000000000000, -20.11967151655274222 ) ) ;
#2755 = EDGE_CURVE ( 'NONE', #1965, #807, #2124, .T. ) ;
#2756 = EDGE_CURVE ( 'NONE', #1004, #3789, #1028, .T. ) ;
#2757 = CARTESIAN_POINT ( 'NONE',  ( -0.9691600389936920745, 7.724400000000000155, 21.62732848344724346 ) ) ;
#2758 = ORIENTED_EDGE ( 'NONE', *, *, #169, .T. ) ;
#2759 = ADVANCED_FACE ( 'NONE', ( #440 ), #1931, .F. ) ;
#2760 = ORIENTED_EDGE ( 'NONE', *, *, #1833, .T. ) ;
#2761 = CIRCLE ( 'NONE', #534, 1.625000000000001332 ) ;
#2762 = CARTESIAN_POINT ( 'NONE',  ( -9.408345751107500377, 7.724400000000000155, 13.52006816627309504 ) ) ;
#2763 = DIRECTION ( 'NONE',  ( -0.000000000000000000, 1.000000000000000000, -0.000000000000000000 ) ) ;
#2764 = ORIENTED_EDGE ( 'NONE', *, *, #2149, .F. ) ;
#2765 = ADVANCED_FACE ( 'NONE', ( #1631 ), #1346, .T. ) ;
#2766 = CARTESIAN_POINT ( 'NONE',  ( -9.408345751107500377, 3.000000000000000000, 14.52006816627309682 ) ) ;
#2767 = CARTESIAN_POINT ( 'NONE',  ( 38.28871866063111185, 7.724400000000000155, -27.95416526608640240 ) ) ;
#2768 = DIRECTION ( 'NONE',  ( -0.000000000000000000, 1.000000000000000000, -0.000000000000000000 ) ) ;
#2769 = DIRECTION ( 'NONE',  ( 0.000000000000000000, 1.000000000000000000, 0.000000000000000000 ) ) ;
#2770 = CYLINDRICAL_SURFACE ( 'NONE', #1584, 2.499999999999994671 ) ;
#2771 = CIRCLE ( 'NONE', #2902, 2.500000000000002220 ) ;
#2772 = EDGE_LOOP ( 'NONE', ( #1211, #2809, #2101, #3416 ) ) ;
#2773 = CIRCLE ( 'NONE', #3089, 2.999999999999999112 ) ;
#2774 = AXIS2_PLACEMENT_3D ( 'NONE', #1259, #2782, #1219 ) ;
#2775 = AXIS2_PLACEMENT_3D ( 'NONE', #2264, #1687, #1929 ) ;
#2776 = LINE ( 'NONE', #254, #1298 ) ;
#2777 = EDGE_CURVE ( 'NONE', #2914, #2432, #227, .T. ) ;
#2778 = VERTEX_POINT ( 'NONE', #2846 ) ;
#2779 = ORIENTED_EDGE ( 'NONE', *, *, #1840, .T. ) ;
#2780 = VECTOR ( 'NONE', #1263, 1000.000000000000000 ) ;
#2781 = ORIENTED_EDGE ( 'NONE', *, *, #2927, .F. ) ;
#2782 = DIRECTION ( 'NONE',  ( 0.000000000000000000, 1.000000000000000000, -0.000000000000000000 ) ) ;
#2783 = LINE ( 'NONE', #714, #3399 ) ;
#2784 = ORIENTED_EDGE ( 'NONE', *, *, #3654, .T. ) ;
#2785 = EDGE_CURVE ( 'NONE', #1925, #443, #2076, .T. ) ;
#2786 = CARTESIAN_POINT ( 'NONE',  ( 49.24709017245647402, 8.000000000000000000, -19.22724447312524632 ) ) ;
#2787 = DIRECTION ( 'NONE',  ( -0.000000000000000000, -1.000000000000000000, -0.000000000000000000 ) ) ;
#2788 = CARTESIAN_POINT ( 'NONE',  ( 43.16967341214721898, 3.999999999999996447, 22.55499575400085988 ) ) ;
#2789 = EDGE_CURVE ( 'NONE', #1654, #2833, #1034, .T. ) ;
#2790 = DIRECTION ( 'NONE',  ( 0.000000000000000000, 0.000000000000000000, 1.000000000000000000 ) ) ;
#2791 = CARTESIAN_POINT ( 'NONE',  ( -9.408345751107500377, 7.724400000000000155, -31.47993183372690140 ) ) ;
#2792 = ORIENTED_EDGE ( 'NONE', *, *, #2197, .F. ) ;
#2793 = CARTESIAN_POINT ( 'NONE',  ( -46.88834575110750791, -9.485281374238578422, -20.11967151655274222 ) ) ;
#2794 = EDGE_LOOP ( 'NONE', ( #3514, #1610, #907, #2618 ) ) ;
#2795 = ORIENTED_EDGE ( 'NONE', *, *, #3311, .F. ) ;
#2796 = DIRECTION ( 'NONE',  ( -1.000000000000000000, 0.000000000000000000, 1.150183614340680878E-16 ) ) ;
#2797 = DIRECTION ( 'NONE',  ( -0.000000000000000000, 1.000000000000000000, -0.000000000000000000 ) ) ;
#2798 = VERTEX_POINT ( 'NONE', #3785 ) ;
#2799 = CARTESIAN_POINT ( 'NONE',  ( 43.11165424889249209, -5.596194077712567605, -20.11967151655274222 ) ) ;
#2800 = EDGE_CURVE ( 'NONE', #1795, #338, #1971, .T. ) ;
#2801 = DIRECTION ( 'NONE',  ( -0.000000000000000000, 1.000000000000000000, -0.000000000000000000 ) ) ;
#2802 = DIRECTION ( 'NONE',  ( -0.000000000000000000, 1.000000000000000000, -0.000000000000000000 ) ) ;
#2803 = VECTOR ( 'NONE', #2967, 1000.000000000000114 ) ;
#2804 = DIRECTION ( 'NONE',  ( 0.000000000000000000, 0.000000000000000000, 1.000000000000000000 ) ) ;
#2805 = APPLICATION_PROTOCOL_DEFINITION ( 'draft international standard', 'automotive_design', 1998, #1951 ) ;
#2806 = EDGE_CURVE ( 'NONE', #3809, #1624, #1223, .T. ) ;
#2807 = DIRECTION ( 'NONE',  ( 0.000000000000000000, 0.000000000000000000, -1.000000000000000000 ) ) ;
#2808 = AXIS2_PLACEMENT_3D ( 'NONE', #2211, #2150, #3644 ) ;
#2809 = ORIENTED_EDGE ( 'NONE', *, *, #991, .T. ) ;
#2810 = ORIENTED_EDGE ( 'NONE', *, *, #3502, .T. ) ;
#2811 = CARTESIAN_POINT ( 'NONE',  ( 47.48786878357054775, 3.999999999999996447, -7.132597424534496078 ) ) ;
#2812 = ORIENTED_EDGE ( 'NONE', *, *, #680, .T. ) ;
#2813 = VERTEX_POINT ( 'NONE', #2536 ) ;
#2814 = DIRECTION ( 'NONE',  ( 0.000000000000000000, -0.000000000000000000, 1.000000000000000000 ) ) ;
#2815 = CARTESIAN_POINT ( 'NONE',  ( 43.11165424889249209, 4.000000000000000000, -20.11967151655274222 ) ) ;
#2816 = ORIENTED_EDGE ( 'NONE', *, *, #1275, .T. ) ;
#2817 = DIRECTION ( 'NONE',  ( 0.000000000000000000, 0.000000000000000000, -1.000000000000000000 ) ) ;
#2818 = CARTESIAN_POINT ( 'NONE',  ( -20.34823080527240791, 8.000000000000000000, 26.84629667337213732 ) ) ;
#2819 = CARTESIAN_POINT ( 'NONE',  ( -17.58408207915739396, 8.000000000000000000, 28.68032848344725139 ) ) ;
#2820 = ADVANCED_FACE ( 'NONE', ( #2551 ), #3429, .T. ) ;
#2821 = AXIS2_PLACEMENT_3D ( 'NONE', #2727, #3082, #2225 ) ;
#2822 = CARTESIAN_POINT ( 'NONE',  ( -29.48834575110749867, 0.7500000000000002220, 23.63032848344726133 ) ) ;
#2823 = FACE_BOUND ( 'NONE', #1456, .T. ) ;
#2824 = ORIENTED_EDGE ( 'NONE', *, *, #3654, .F. ) ;
#2825 = VERTEX_POINT ( 'NONE', #1145 ) ;
#2826 = DIRECTION ( 'NONE',  ( 0.000000000000000000, 0.000000000000000000, 1.000000000000000000 ) ) ;
#2827 = AXIS2_PLACEMENT_3D ( 'NONE', #375, #661, #1566 ) ;
#2828 = CIRCLE ( 'NONE', #1848, 1.625000000000001332 ) ;
#2829 = VECTOR ( 'NONE', #2945, 1000.000000000000000 ) ;
#2830 = EDGE_CURVE ( 'NONE', #1796, #2596, #2014, .T. ) ;
#2831 = AXIS2_PLACEMENT_3D ( 'NONE', #3712, #2245, #2535 ) ;
#2832 = AXIS2_PLACEMENT_3D ( 'NONE', #551, #1769, #1192 ) ;
#2833 = VERTEX_POINT ( 'NONE', #538 ) ;
#2834 = AXIS2_PLACEMENT_3D ( 'NONE', #351, #3546, #641 ) ;
#2835 = AXIS2_PLACEMENT_3D ( 'NONE', #1613, #1323, #3387 ) ;
#2836 = ORIENTED_EDGE ( 'NONE', *, *, #290, .F. ) ;
#2837 = EDGE_CURVE ( 'NONE', #1315, #1526, #3198, .T. ) ;
#2838 = DIRECTION ( 'NONE',  ( -0.3886560633082936644, 0.000000000000000000, -0.9213829087050071642 ) ) ;
#2839 = CARTESIAN_POINT ( 'NONE',  ( 37.11165424889249209, 0.7500000000000002220, 23.63032848344726133 ) ) ;
#2840 = AXIS2_PLACEMENT_3D ( 'NONE', #1597, #116, #1308 ) ;
#2841 = ORIENTED_EDGE ( 'NONE', *, *, #696, .T. ) ;
#2842 = DIRECTION ( 'NONE',  ( -0.000000000000000000, 1.000000000000000000, -0.000000000000000000 ) ) ;
#2843 = DIRECTION ( 'NONE',  ( -0.000000000000000000, -1.000000000000000000, -0.000000000000000000 ) ) ;
#2844 = VECTOR ( 'NONE', #401, 1000.000000000000000 ) ;
#2845 = CARTESIAN_POINT ( 'NONE',  ( 42.88179372071899564, -1.000000000000000000, 24.53416863256988023 ) ) ;
#2846 = CARTESIAN_POINT ( 'NONE',  ( -19.04379730505850787, 4.000000000000000000, 30.68032848344725139 ) ) ;
#2847 = FACE_OUTER_BOUND ( 'NONE', #663, .T. ) ;
#2848 = CARTESIAN_POINT ( 'NONE',  ( 38.28871866063111185, 3.000000000000000000, -27.95416526608640240 ) ) ;
#2849 = ORIENTED_EDGE ( 'NONE', *, *, #61, .F. ) ;
#2850 = VERTEX_POINT ( 'NONE', #3471 ) ;
#2851 = EDGE_LOOP ( 'NONE', ( #127, #236, #745, #1578 ) ) ;
#2852 = CYLINDRICAL_SURFACE ( 'NONE', #423, 2.500000000000009326 ) ;
#2853 = AXIS2_PLACEMENT_3D ( 'NONE', #3551, #2114, #3300 ) ;
#2854 = ORIENTED_EDGE ( 'NONE', *, *, #654, .F. ) ;
#2855 = ORIENTED_EDGE ( 'NONE', *, *, #2887, .F. ) ;
#2856 = ADVANCED_FACE ( 'NONE', ( #2885 ), #476, .F. ) ;
#2857 = DIRECTION ( 'NONE',  ( -0.000000000000000000, -1.000000000000000000, -0.000000000000000000 ) ) ;
#2858 = CARTESIAN_POINT ( 'NONE',  ( 26.73394114074434214, 7.724400000000000155, 17.01959909498745915 ) ) ;
#2859 = VERTEX_POINT ( 'NONE', #854 ) ;
#2860 = DIRECTION ( 'NONE',  ( -0.000000000000000000, -1.000000000000000000, -0.000000000000000000 ) ) ;
#2861 = CARTESIAN_POINT ( 'NONE',  ( -9.408345751107500377, 3.000000000000000000, 12.52006816627309504 ) ) ;
#2862 = SURFACE_STYLE_USAGE ( .BOTH. , #1066 ) ;
#2863 = CARTESIAN_POINT ( 'NONE',  ( 20.41165424889249280, 0.7500000000000002220, 34.88032848344725778 ) ) ;
#2864 = LINE ( 'NONE', #3714, #3793 ) ;
#2865 = CARTESIAN_POINT ( 'NONE',  ( 25.59165424889250318, 7.724400000000000155, -33.47993183372690140 ) ) ;
#2866 = ORIENTED_EDGE ( 'NONE', *, *, #3168, .T. ) ;
#2867 = ORIENTED_EDGE ( 'NONE', *, *, #290, .T. ) ;
#2868 = DIRECTION ( 'NONE',  ( 0.9213829087050071642, 0.000000000000000000, -0.3886560633082939975 ) ) ;
#2869 = AXIS2_PLACEMENT_3D ( 'NONE', #741, #3642, #2171 ) ;
#2870 = ADVANCED_FACE ( 'NONE', ( #1667 ), #815, .F. ) ;
#2871 = AXIS2_PLACEMENT_3D ( 'NONE', #2239, #768, #3463 ) ;
#2872 = EDGE_CURVE ( 'NONE', #468, #619, #1533, .T. ) ;
#2873 = EDGE_CURVE ( 'NONE', #667, #2985, #1747, .T. ) ;
#2874 = VERTEX_POINT ( 'NONE', #170 ) ;
#2875 = ORIENTED_EDGE ( 'NONE', *, *, #392, .T. ) ;
#2876 = CARTESIAN_POINT ( 'NONE',  ( -46.88834575110750791, -1.000000000000000000, -18.49467151655273867 ) ) ;
#2877 = DIRECTION ( 'NONE',  ( -0.000000000000000000, 1.000000000000000000, -0.000000000000000000 ) ) ;
#2878 = VECTOR ( 'NONE', #2877, 1000.000000000000000 ) ;
#2879 = ORIENTED_EDGE ( 'NONE', *, *, #3010, .F. ) ;
#2880 = DIRECTION ( 'NONE',  ( 0.000000000000000000, 0.000000000000000000, 1.000000000000000000 ) ) ;
#2881 = DIRECTION ( 'NONE',  ( -0.000000000000000000, 1.000000000000000000, -0.000000000000000000 ) ) ;
#2882 = CARTESIAN_POINT ( 'NONE',  ( 20.41165424889249280, 0.7500000000000002220, 34.88032848344725778 ) ) ;
#2883 = ADVANCED_FACE ( 'NONE', ( #233, #1422 ), #3770, .F. ) ;
#2884 = ORIENTED_EDGE ( 'NONE', *, *, #1064, .F. ) ;
#2885 = FACE_OUTER_BOUND ( 'NONE', #2026, .T. ) ;
#2886 = DIRECTION ( 'NONE',  ( 0.9895864392845120650, 0.000000000000000000, 0.1439398457141062848 ) ) ;
#2887 = EDGE_CURVE ( 'NONE', #2859, #944, #3195, .T. ) ;
#2888 = DIRECTION ( 'NONE',  ( 0.000000000000000000, 1.000000000000000000, 0.000000000000000000 ) ) ;
#2889 = VECTOR ( 'NONE', #2265, 1000.000000000000000 ) ;
#2890 = EDGE_LOOP ( 'NONE', ( #675, #1922, #1569, #1856 ) ) ;
#2891 = ORIENTED_EDGE ( 'NONE', *, *, #2362, .T. ) ;
#2892 = ORIENTED_EDGE ( 'NONE', *, *, #3221, .T. ) ;
#2893 = VECTOR ( 'NONE', #757, 1000.000000000000000 ) ;
#2894 = CARTESIAN_POINT ( 'NONE',  ( 27.55723239885652731, 0.000000000000000000, 25.68032848344724428 ) ) ;
#2895 = DIRECTION ( 'NONE',  ( 0.000000000000000000, 0.000000000000000000, 1.000000000000000000 ) ) ;
#2896 = ORIENTED_EDGE ( 'NONE', *, *, #918, .F. ) ;
#2897 = ORIENTED_EDGE ( 'NONE', *, *, #3359, .F. ) ;
#2898 = AXIS2_PLACEMENT_3D ( 'NONE', #3710, #1946, #1182 ) ;
#2899 = DIRECTION ( 'NONE',  ( 1.000000000000000000, 0.000000000000000000, -1.150183614340680878E-16 ) ) ;
#2900 = AXIS2_PLACEMENT_3D ( 'NONE', #905, #1745, #1183 ) ;
#2901 = CARTESIAN_POINT ( 'NONE',  ( -41.08834575110751075, 0.7500000000000002220, -6.369671516552744883 ) ) ;
#2902 = AXIS2_PLACEMENT_3D ( 'NONE', #706, #1905, #1886 ) ;
#2903 = AXIS2_PLACEMENT_3D ( 'NONE', #2230, #994, #3357 ) ;
#2904 = VERTEX_POINT ( 'NONE', #561 ) ;
#2905 = CARTESIAN_POINT ( 'NONE',  ( -25.25086093183285030, 7.724399999999999267, 15.22368214919868024 ) ) ;
#2906 = CARTESIAN_POINT ( 'NONE',  ( -25.25086093183285030, 3.000000000000000000, 15.22368214919868024 ) ) ;
#2907 = DIRECTION ( 'NONE',  ( -0.9895864392845116209, 0.000000000000000000, -0.1439398457141096710 ) ) ;
#2908 = ADVANCED_FACE ( 'NONE', ( #2247 ), #776, .F. ) ;
#2909 = DIRECTION ( 'NONE',  ( 0.000000000000000000, 0.000000000000000000, 1.000000000000000000 ) ) ;
#2910 = CIRCLE ( 'NONE', #1791, 2.999999999999999112 ) ;
#2911 = DIRECTION ( 'NONE',  ( 0.9895864392845113988, -0.000000000000000000, 0.1439398457141108645 ) ) ;
#2912 = ADVANCED_FACE ( 'NONE', ( #1164 ), #2928, .F. ) ;
#2913 = DIRECTION ( 'NONE',  ( 0.000000000000000000, 1.000000000000000000, 0.000000000000000000 ) ) ;
#2914 = VERTEX_POINT ( 'NONE', #285 ) ;
#2915 = EDGE_LOOP ( 'NONE', ( #3124, #1587, #1877, #1717 ) ) ;
#2916 = CARTESIAN_POINT ( 'NONE',  ( 27.55723239885652731, -1.000000000000000000, 28.68032848344724073 ) ) ;
#2917 = LINE ( 'NONE', #3547, #3336 ) ;
#2918 = ORIENTED_EDGE ( 'NONE', *, *, #2785, .T. ) ;
#2919 = ORIENTED_EDGE ( 'NONE', *, *, #203, .T. ) ;
#2920 = CARTESIAN_POINT ( 'NONE',  ( -8.988345751107500448, 0.7500000000000002220, 34.88032848344725778 ) ) ;
#2921 = CARTESIAN_POINT ( 'NONE',  ( 29.05617405826471611, 8.000000000000000000, 27.88032848344725778 ) ) ;
#2922 = ORIENTED_EDGE ( 'NONE', *, *, #8, .T. ) ;
#2923 = DIRECTION ( 'NONE',  ( 0.000000000000000000, 0.000000000000000000, -1.000000000000000000 ) ) ;
#2924 = LINE ( 'NONE', #3540, #2709 ) ;
#2925 = EDGE_CURVE ( 'NONE', #1467, #2261, #3077, .T. ) ;
#2926 = EDGE_CURVE ( 'NONE', #2630, #2850, #328, .T. ) ;
#2927 = EDGE_CURVE ( 'NONE', #3419, #3745, #3013, .T. ) ;
#2928 = CYLINDRICAL_SURFACE ( 'NONE', #162, 3.000000000000002665 ) ;
#2929 = DIRECTION ( 'NONE',  ( 0.000000000000000000, 1.000000000000000000, 0.000000000000000000 ) ) ;
#2930 = FACE_OUTER_BOUND ( 'NONE', #2137, .T. ) ;
#2931 = ORIENTED_EDGE ( 'NONE', *, *, #633, .T. ) ;
#2932 = EDGE_CURVE ( 'NONE', #3020, #2349, #2344, .T. ) ;
#2933 = PLANE ( 'NONE',  #50 ) ;
#2934 = CARTESIAN_POINT ( 'NONE',  ( 38.95539120389752696, 8.000000000000000000, -20.72421886855202189 ) ) ;
#2935 = ADVANCED_FACE ( 'NONE', ( #637 ), #3561, .F. ) ;
#2936 = AXIS2_PLACEMENT_3D ( 'NONE', #1515, #3562, #3511 ) ;
#2937 = ORIENTED_EDGE ( 'NONE', *, *, #1115, .T. ) ;
#2938 = VECTOR ( 'NONE', #3668, 1000.000000000000000 ) ;
#2939 = CARTESIAN_POINT ( 'NONE',  ( 43.11165424889249209, 4.000000000000000000, -24.31967151655275572 ) ) ;
#2940 = CIRCLE ( 'NONE', #2748, 1.625000000000001332 ) ;
#2941 = AXIS2_PLACEMENT_3D ( 'NONE', #82, #2133, #3318 ) ;
#2942 = FACE_BOUND ( 'NONE', #1954, .T. ) ;
#2943 = EDGE_LOOP ( 'NONE', ( #1801, #1872, #1043, #568, #1675, #2298, #906, #2690 ) ) ;
#2944 = CYLINDRICAL_SURFACE ( 'NONE', #2341, 1.000000000000000888 ) ;
#2945 = DIRECTION ( 'NONE',  ( -0.000000000000000000, -1.000000000000000000, -0.000000000000000000 ) ) ;
#2946 = EDGE_LOOP ( 'NONE', ( #2922, #393, #801, #1062 ) ) ;
#2947 = CARTESIAN_POINT ( 'NONE',  ( -23.68834575110749796, -1.000000000000000000, 34.88032848344725778 ) ) ;
#2948 = LINE ( 'NONE', #286, #1269 ) ;
#2949 = CARTESIAN_POINT ( 'NONE',  ( -34.65348477822541895, 8.000000000000000000, 24.83779458358464254 ) ) ;
#2950 = ORIENTED_EDGE ( 'NONE', *, *, #3054, .F. ) ;
#2951 = DIRECTION ( 'NONE',  ( 0.000000000000000000, 0.000000000000000000, 1.000000000000000000 ) ) ;
#2952 = AXIS2_PLACEMENT_3D ( 'NONE', #1534, #1185, #1802 ) ;
#2953 = CARTESIAN_POINT ( 'NONE',  ( -24.35185267197165260, 8.000000000000000000, 39.08032848344725352 ) ) ;
#2954 = AXIS2_PLACEMENT_3D ( 'NONE', #212, #193, #2909 ) ;
#2955 = DIRECTION ( 'NONE',  ( 0.000000000000000000, 1.000000000000000000, -0.000000000000000000 ) ) ;
#2956 = EDGE_CURVE ( 'NONE', #3598, #2386, #578, .T. ) ;
#2957 = CARTESIAN_POINT ( 'NONE',  ( 41.11165424889248499, 0.7500000000000002220, -6.369671516552745771 ) ) ;
#2958 = ORIENTED_EDGE ( 'NONE', *, *, #2926, .T. ) ;
#2959 = FACE_OUTER_BOUND ( 'NONE', #2070, .T. ) ;
#2960 = EDGE_CURVE ( 'NONE', #3538, #1960, #1772, .T. ) ;
#2961 = DIRECTION ( 'NONE',  ( 0.000000000000000000, 0.000000000000000000, -1.000000000000000000 ) ) ;
#2962 = AXIS2_PLACEMENT_3D ( 'NONE', #1213, #920, #2994 ) ;
#2963 = VECTOR ( 'NONE', #30, 1000.000000000000000 ) ;
#2964 = VECTOR ( 'NONE', #2139, 1000.000000000000000 ) ;
#2965 = PLANE ( 'NONE',  #1410 ) ;
#2966 = VECTOR ( 'NONE', #949, 1000.000000000000000 ) ;
#2967 = DIRECTION ( 'NONE',  ( 0.9213829087050068312, 0.000000000000000000, -0.3886560633082946081 ) ) ;
#2968 = FACE_BOUND ( 'NONE', #3760, .T. ) ;
#2969 = ORIENTED_EDGE ( 'NONE', *, *, #187, .T. ) ;
#2970 = AXIS2_PLACEMENT_3D ( 'NONE', #1645, #1365, #3132 ) ;
#2971 = CIRCLE ( 'NONE', #618, 2.500000000000002220 ) ;
#2972 = CARTESIAN_POINT ( 'NONE',  ( 43.11165424889249209, -5.596194077712567605, -20.11967151655274222 ) ) ;
#2973 = CARTESIAN_POINT ( 'NONE',  ( -46.88834575110750791, -1.000000000000000000, -20.11967151655274222 ) ) ;
#2974 = ORIENTED_EDGE ( 'NONE', *, *, #2756, .F. ) ;
#2975 = EDGE_CURVE ( 'NONE', #2078, #1621, #3004, .T. ) ;
#2976 = CARTESIAN_POINT ( 'NONE',  ( 25.59165424889250318, 7.724400000000000155, -31.47993183372690140 ) ) ;
#2977 = DIRECTION ( 'NONE',  ( 0.000000000000000000, 1.000000000000000000, 0.000000000000000000 ) ) ;
#2978 = ORIENTED_EDGE ( 'NONE', *, *, #1517, .F. ) ;
#2979 = ORIENTED_EDGE ( 'NONE', *, *, #3164, .T. ) ;
#2980 = DIRECTION ( 'NONE',  ( -0.3040691954368012762, 0.000000000000000000, -0.9526499485049145788 ) ) ;
#2981 = ADVANCED_FACE ( 'NONE', ( #1514 ), #2705, .T. ) ;
#2982 = EDGE_CURVE ( 'NONE', #1337, #1829, #2067, .T. ) ;
#2983 = CARTESIAN_POINT ( 'NONE',  ( 41.12257233183306226, 8.000000000000000000, 36.62881568116063846 ) ) ;
#2984 = EDGE_LOOP ( 'NONE', ( #1683, #2336 ) ) ;
#2985 = VERTEX_POINT ( 'NONE', #620 ) ;
#2986 = CARTESIAN_POINT ( 'NONE',  ( 43.11165424889249209, -9.485281374238578422, -20.11967151655274222 ) ) ;
#2987 = CIRCLE ( 'NONE', #2853, 2.999999999999999112 ) ;
#2988 = DIRECTION ( 'NONE',  ( 0.1439398457141108645, 0.000000000000000000, -0.9895864392845113988 ) ) ;
#2989 = CARTESIAN_POINT ( 'NONE',  ( 43.11165424889249209, 0.000000000000000000, -17.11967151655274222 ) ) ;
#2990 = ORIENTED_EDGE ( 'NONE', *, *, #747, .T. ) ;
#2991 = DIRECTION ( 'NONE',  ( 0.000000000000000000, 1.000000000000000000, 0.000000000000000000 ) ) ;
#2992 = FACE_OUTER_BOUND ( 'NONE', #903, .T. ) ;
#2993 = ORIENTED_EDGE ( 'NONE', *, *, #2434, .F. ) ;
#2994 = DIRECTION ( 'NONE',  ( 0.000000000000000000, 0.000000000000000000, -1.000000000000000000 ) ) ;
#2995 = FACE_OUTER_BOUND ( 'NONE', #139, .T. ) ;
#2996 = ORIENTED_EDGE ( 'NONE', *, *, #95, .F. ) ;
#2997 = ORIENTED_EDGE ( 'NONE', *, *, #847, .T. ) ;
#2998 = ORIENTED_EDGE ( 'NONE', *, *, #2614, .T. ) ;
#2999 = CARTESIAN_POINT ( 'NONE',  ( 1.999859653267532567, 8.000000000000000000, -13.74903511621472418 ) ) ;
#3000 = VECTOR ( 'NONE', #1291, 1000.000000000000000 ) ;
#3001 = LINE ( 'NONE', #2455, #172 ) ;
#3002 = ORIENTED_EDGE ( 'NONE', *, *, #15, .T. ) ;
#3003 = EDGE_LOOP ( 'NONE', ( #872, #345, #806, #1279 ) ) ;
#3004 = LINE ( 'NONE', #930, #594 ) ;
#3005 = CARTESIAN_POINT ( 'NONE',  ( 28.46007881591580713, 7.724400000000000155, 19.47325936616471864 ) ) ;
#3006 = CARTESIAN_POINT ( 'NONE',  ( -17.58408207915739396, -1.000000000000000000, 25.68032848344724428 ) ) ;
#3007 = ORIENTED_EDGE ( 'NONE', *, *, #2661, .T. ) ;
#3008 = AXIS2_PLACEMENT_3D ( 'NONE', #3521, #337, #2696 ) ;
#3009 = CARTESIAN_POINT ( 'NONE',  ( -23.68834575110749796, 0.000000000000000000, 36.50532848344725778 ) ) ;
#3010 = EDGE_CURVE ( 'NONE', #180, #1696, #1837, .T. ) ;
#3011 = DIRECTION ( 'NONE',  ( -0.000000000000000000, 1.000000000000000000, -0.000000000000000000 ) ) ;
#3012 = DIRECTION ( 'NONE',  ( -0.9895864392845113988, 0.000000000000000000, -0.1439398457141108922 ) ) ;
#3013 = CIRCLE ( 'NONE', #2392, 1.625000000000001332 ) ;
#3014 = EDGE_LOOP ( 'NONE', ( #1860, #1908, #1652, #3476 ) ) ;
#3015 = EDGE_LOOP ( 'NONE', ( #452, #397, #614, #3781 ) ) ;
#3016 = VERTEX_POINT ( 'NONE', #1246 ) ;
#3017 = DIRECTION ( 'NONE',  ( 0.000000000000000000, 0.000000000000000000, 1.000000000000000000 ) ) ;
#3018 = CARTESIAN_POINT ( 'NONE',  ( 37.68740930272806366, 3.000000000000000000, -23.12259788328400134 ) ) ;
#3019 = CARTESIAN_POINT ( 'NONE',  ( 35.72964540539903311, 7.724400000000000155, -26.38855226334407433 ) ) ;
#3020 = VERTEX_POINT ( 'NONE', #2647 ) ;
#3021 = DIRECTION ( 'NONE',  ( 0.9526499485049144678, 0.000000000000000000, -0.3040691954368012206 ) ) ;
#3022 = DIRECTION ( 'NONE',  ( -0.000000000000000000, 1.000000000000000000, -0.000000000000000000 ) ) ;
#3023 = DIRECTION ( 'NONE',  ( 0.000000000000000000, 0.000000000000000000, -1.000000000000000000 ) ) ;
#3024 = AXIS2_PLACEMENT_3D ( 'NONE', #634, #1816, #3325 ) ;
#3025 = EDGE_CURVE ( 'NONE', #1509, #2574, #3565, .T. ) ;
#3026 = ORIENTED_EDGE ( 'NONE', *, *, #5, .T. ) ;
#3027 = CIRCLE ( 'NONE', #2832, 5.199999999999996625 ) ;
#3028 = AXIS2_PLACEMENT_3D ( 'NONE', #1694, #2868, #2052 ) ;
#3029 = CLOSED_SHELL ( 'NONE', ( #914, #2367, #154, #3186, #3498, #2856, #2027, #2912, #1099, #913, #1162, #3363, #3749, #3643, #966, #2098, #755, #2586, #3361, #684, #3718, #2272, #2981, #2385, #1560, #3412, #778, #1389, #3640, #2071, #2376, #2476, #866, #1203, #1815, #3530, #1557, #983, #1156, #3660, #2146, #2908, #1270, #819, #2688, #258, #2201, #1345, #700, #2736, #2765, #560, #293, #1306, #374, #2065, #1567, #3291, #3378, #1356, #3261, #2406, #2515, #705, #3590, #3340, #721, #1844, #2883, #1947, #315, #1255, #260, #3822, #348, #2189, #1388, #2095, #3556, #2935, #1916, #3120, #3496, #305, #3031, #2458, #3683, #341, #1819, #3802, #2870, #1614, #3719, #3457, #1959, #3324, #2334, #3423, #2267, #1604, #1031, #1281, #2820, #1649, #207, #3607, #1887, #1754, #3605, #2759, #41, #1286, #174, #3478, #3619, #3720, #3725, #1237, #869, #978 ) ) ;
#3030 = FACE_OUTER_BOUND ( 'NONE', #2659, .T. ) ;
#3031 = ADVANCED_FACE ( 'NONE', ( #3541 ), #2965, .F. ) ;
#3032 = CARTESIAN_POINT ( 'NONE',  ( -46.88834575110750791, 4.000000000000000000, -20.11967151655274222 ) ) ;
#3033 = DIRECTION ( 'NONE',  ( 0.000000000000000000, 0.000000000000000000, 1.000000000000000000 ) ) ;
#3034 = CIRCLE ( 'NONE', #1370, 3.000000000000002665 ) ;
#3035 = CARTESIAN_POINT ( 'NONE',  ( -32.35616510584124939, 7.724399999999999267, -8.644307175981280622 ) ) ;
#3036 = ORIENTED_EDGE ( 'NONE', *, *, #1132, .T. ) ;
#3037 = ORIENTED_EDGE ( 'NONE', *, *, #408, .T. ) ;
#3038 = VERTEX_POINT ( 'NONE', #1201 ) ;
#3039 = DIRECTION ( 'NONE',  ( 0.000000000000000000, 1.000000000000000000, 0.000000000000000000 ) ) ;
#3040 = DIRECTION ( 'NONE',  ( -0.000000000000000000, -1.000000000000000000, -0.000000000000000000 ) ) ;
#3041 = ORIENTED_EDGE ( 'NONE', *, *, #991, .F. ) ;
#3042 = LINE ( 'NONE', #3390, #1037 ) ;
#3043 = EDGE_CURVE ( 'NONE', #1154, #3301, #947, .T. ) ;
#3044 = DIRECTION ( 'NONE',  ( 0.000000000000000000, 0.000000000000000000, 1.000000000000000000 ) ) ;
#3045 = PRODUCT_DEFINITION_CONTEXT ( 'detailed design', #1951, 'design' ) ;
#3046 = DIRECTION ( 'NONE',  ( 0.000000000000000000, 0.000000000000000000, 1.000000000000000000 ) ) ;
#3047 = EDGE_CURVE ( 'NONE', #1154, #3226, #2514, .T. ) ;
#3048 = EDGE_LOOP ( 'NONE', ( #1893, #1660 ) ) ;
#3049 = DIRECTION ( 'NONE',  ( -0.9895864392845113988, 0.000000000000000000, -0.1439398457141108922 ) ) ;
#3050 = CARTESIAN_POINT ( 'NONE',  ( 47.48786878357054775, -30.46152820551968077, -7.132597424534496078 ) ) ;
#3051 = DIRECTION ( 'NONE',  ( 0.000000000000000000, 0.000000000000000000, -1.000000000000000000 ) ) ;
#3052 = EDGE_CURVE ( 'NONE', #2401, #3200, #2761, .T. ) ;
#3053 = DIRECTION ( 'NONE',  ( 0.000000000000000000, 1.000000000000000000, 0.000000000000000000 ) ) ;
#3054 = EDGE_CURVE ( 'NONE', #3322, #1348, #695, .T. ) ;
#3055 = ORIENTED_EDGE ( 'NONE', *, *, #3244, .F. ) ;
#3056 = ORIENTED_EDGE ( 'NONE', *, *, #945, .T. ) ;
#3057 = VERTEX_POINT ( 'NONE', #1894 ) ;
#3058 = CYLINDRICAL_SURFACE ( 'NONE', #736, 1.625000000000001332 ) ;
#3059 = DIRECTION ( 'NONE',  ( 0.000000000000000000, 0.000000000000000000, 1.000000000000000000 ) ) ;
#3060 = ORIENTED_EDGE ( 'NONE', *, *, #1326, .T. ) ;
#3061 = CARTESIAN_POINT ( 'NONE',  ( 39.86141504810763792, 8.000000000000000000, -25.39943904341239289 ) ) ;
#3062 = AXIS2_PLACEMENT_3D ( 'NONE', #3356, #136, #2804 ) ;
#3063 = CIRCLE ( 'NONE', #2194, 1.000000000000000888 ) ;
#3064 = CARTESIAN_POINT ( 'NONE',  ( -17.58408207915739396, 8.000000000000000000, 25.68032848344724428 ) ) ;
#3065 = DIRECTION ( 'NONE',  ( -0.000000000000000000, 1.000000000000000000, -0.000000000000000000 ) ) ;
#3066 = CIRCLE ( 'NONE', #1638, 4.199999999999999289 ) ;
#3067 = FACE_OUTER_BOUND ( 'NONE', #3681, .T. ) ;
#3068 = EDGE_CURVE ( 'NONE', #2212, #2538, #42, .T. ) ;
#3069 = DIRECTION ( 'NONE',  ( -0.3886560633082940530, -0.000000000000000000, -0.9213829087050070532 ) ) ;
#3070 = DIRECTION ( 'NONE',  ( 0.000000000000000000, 0.000000000000000000, 1.000000000000000000 ) ) ;
#3071 = DIRECTION ( 'NONE',  ( 0.000000000000000000, 0.000000000000000000, 1.000000000000000000 ) ) ;
#3072 = EDGE_CURVE ( 'NONE', #1059, #1570, #1596, .T. ) ;
#3073 = EDGE_LOOP ( 'NONE', ( #2993, #3795, #89, #200 ) ) ;
#3074 = ORIENTED_EDGE ( 'NONE', *, *, #1517, .T. ) ;
#3075 = ORIENTED_EDGE ( 'NONE', *, *, #627, .T. ) ;
#3076 = EDGE_CURVE ( 'NONE', #2396, #1992, #1556, .T. ) ;
#3077 = CIRCLE ( 'NONE', #1093, 1.000000000000000888 ) ;
#3078 = DIRECTION ( 'NONE',  ( 0.000000000000000000, 1.000000000000000000, 0.000000000000000000 ) ) ;
#3079 = CARTESIAN_POINT ( 'NONE',  ( -46.88834575110750791, 0.000000000000000000, -20.11967151655274222 ) ) ;
#3080 = ORIENTED_EDGE ( 'NONE', *, *, #1752, .F. ) ;
#3081 = AXIS2_PLACEMENT_3D ( 'NONE', #2303, #3487, #831 ) ;
#3082 = DIRECTION ( 'NONE',  ( 0.000000000000000000, 1.000000000000000000, 0.000000000000000000 ) ) ;
#3083 = CARTESIAN_POINT ( 'NONE',  ( 35.97672284755361005, -1.000000000000000000, 35.88032848344725778 ) ) ;
#3084 = CARTESIAN_POINT ( 'NONE',  ( -29.14304379723769145, 8.000000000000000000, 37.90134001265036545 ) ) ;
#3085 = DIRECTION ( 'NONE',  ( 0.000000000000000000, 0.000000000000000000, 1.000000000000000000 ) ) ;
#3086 = DIRECTION ( 'NONE',  ( -0.3040691954368014982, 0.000000000000000000, -0.9526499485049144678 ) ) ;
#3087 = CIRCLE ( 'NONE', #1423, 1.000000000000000888 ) ;
#3088 = ORIENTED_EDGE ( 'NONE', *, *, #609, .T. ) ;
#3089 = AXIS2_PLACEMENT_3D ( 'NONE', #1151, #3515, #3792 ) ;
#3090 = CARTESIAN_POINT ( 'NONE',  ( -52.60091978507854549, 8.000000000000000000, -17.71000392404132384 ) ) ;
#3091 = CIRCLE ( 'NONE', #2587, 1.625000000000004885 ) ;
#3092 = DIRECTION ( 'NONE',  ( 0.000000000000000000, 1.000000000000000000, 0.000000000000000000 ) ) ;
#3093 = EDGE_CURVE ( 'NONE', #1818, #2010, #132, .T. ) ;
#3094 = ORIENTED_EDGE ( 'NONE', *, *, #510, .F. ) ;
#3095 = VECTOR ( 'NONE', #1025, 1000.000000000000000 ) ;
#3096 = EDGE_LOOP ( 'NONE', ( #217, #2453, #198, #2891 ) ) ;
#3097 = PLANE ( 'NONE',  #3247 ) ;
#3098 = CARTESIAN_POINT ( 'NONE',  ( 30.52599171671006673, -49.51705820019092386, 26.11214802058957218 ) ) ;
#3099 = EDGE_CURVE ( 'NONE', #576, #3580, #2330, .T. ) ;
#3100 = ORIENTED_EDGE ( 'NONE', *, *, #2112, .F. ) ;
#3101 = LINE ( 'NONE', #1287, #1413 ) ;
#3102 = CARTESIAN_POINT ( 'NONE',  ( -17.33625374393658447, 3.000000000000000000, 17.94599559103337327 ) ) ;
#3103 = LINE ( 'NONE', #1630, #1788 ) ;
#3104 = CARTESIAN_POINT ( 'NONE',  ( 47.26791729388745011, 8.000000000000000000, -19.51512416455346965 ) ) ;
#3105 = FACE_OUTER_BOUND ( 'NONE', #3552, .T. ) ;
#3106 = EDGE_LOOP ( 'NONE', ( #2380, #185 ) ) ;
#3107 = EDGE_LOOP ( 'NONE', ( #1678, #2238, #2974, #2089, #1019 ) ) ;
#3108 = CARTESIAN_POINT ( 'NONE',  ( 43.11165424889249209, 8.000000000000000000, -26.31967151655275927 ) ) ;
#3109 = ORIENTED_EDGE ( 'NONE', *, *, #2956, .F. ) ;
#3110 = ORIENTED_EDGE ( 'NONE', *, *, #2550, .T. ) ;
#3111 = CYLINDRICAL_SURFACE ( 'NONE', #955, 3.000000000000002665 ) ;
#3112 = FACE_OUTER_BOUND ( 'NONE', #2684, .T. ) ;
#3113 = VERTEX_POINT ( 'NONE', #2766 ) ;
#3114 = LINE ( 'NONE', #3171, #3262 ) ;
#3115 = CARTESIAN_POINT ( 'NONE',  ( 39.11165424889249209, 0.7500000000000002220, 9.880328483447250676 ) ) ;
#3116 = FACE_OUTER_BOUND ( 'NONE', #1126, .T. ) ;
#3117 = AXIS2_PLACEMENT_3D ( 'NONE', #596, #1480, #329 ) ;
#3118 = CARTESIAN_POINT ( 'NONE',  ( 35.11165424889249209, 4.000000000000000000, 34.88032848344725068 ) ) ;
#3119 = FACE_OUTER_BOUND ( 'NONE', #3323, .T. ) ;
#3120 = ADVANCED_FACE ( 'NONE', ( #1325 ), #1045, .F. ) ;
#3121 = AXIS2_PLACEMENT_3D ( 'NONE', #2094, #2693, #103 ) ;
#3122 = ORIENTED_EDGE ( 'NONE', *, *, #3321, .F. ) ;
#3123 = EDGE_CURVE ( 'NONE', #1018, #961, #2511, .T. ) ;
#3124 = ORIENTED_EDGE ( 'NONE', *, *, #2518, .F. ) ;
#3125 = DIRECTION ( 'NONE',  ( -0.000000000000000000, -1.000000000000000000, -0.000000000000000000 ) ) ;
#3126 = EDGE_LOOP ( 'NONE', ( #2836, #1217 ) ) ;
#3127 = ORIENTED_EDGE ( 'NONE', *, *, #1440, .F. ) ;
#3128 = CARTESIAN_POINT ( 'NONE',  ( -23.68834575110749796, 4.000000000000000000, 37.88032848344725068 ) ) ;
#3129 = DIRECTION ( 'NONE',  ( 0.000000000000000000, -0.000000000000000000, -1.000000000000000000 ) ) ;
#3130 = EDGE_LOOP ( 'NONE', ( #1605, #3415, #3229, #463 ) ) ;
#3131 = CARTESIAN_POINT ( 'NONE',  ( -19.04379730505850787, 4.000000000000000000, 30.68032848344725494 ) ) ;
#3132 = DIRECTION ( 'NONE',  ( 0.000000000000000000, 0.000000000000000000, 1.000000000000000000 ) ) ;
#3133 = CARTESIAN_POINT ( 'NONE',  ( -23.68834575110749796, -5.596194077712567605, 33.25532848344725778 ) ) ;
#3134 = VECTOR ( 'NONE', #2751, 1000.000000000000000 ) ;
#3135 = CARTESIAN_POINT ( 'NONE',  ( 35.11165424889249209, 4.000000000000000000, 34.88032848344725068 ) ) ;
#3136 = DIRECTION ( 'NONE',  ( 0.000000000000000000, -0.000000000000000000, 1.000000000000000000 ) ) ;
#3137 = VERTEX_POINT ( 'NONE', #97 ) ;
#3138 = EDGE_LOOP ( 'NONE', ( #2577, #339, #762, #3705 ) ) ;
#3140 = EDGE_LOOP ( 'NONE', ( #2527, #3230 ) ) ;
#3139 = EDGE_CURVE ( 'NONE', #3461, #2179, #3042, .T. ) ;
#3141 = CARTESIAN_POINT ( 'NONE',  ( 8.091654248892503176, 7.724400000000000155, -9.479931833726903179 ) ) ;
#3142 = CIRCLE ( 'NONE', #1172, 3.000000000000002665 ) ;
#3143 = CIRCLE ( 'NONE', #2281, 2.000000000000005329 ) ;
#3144 = CIRCLE ( 'NONE', #3024, 2.499999999999995115 ) ;
#3145 = AXIS2_PLACEMENT_3D ( 'NONE', #2589, #1705, #1125 ) ;
#3146 = ORIENTED_EDGE ( 'NONE', *, *, #456, .F. ) ;
#3147 = VERTEX_POINT ( 'NONE', #967 ) ;
#3148 = CARTESIAN_POINT ( 'NONE',  ( 47.26791729388745011, 4.000000000000000000, -19.51512416455346965 ) ) ;
#3149 = FACE_BOUND ( 'NONE', #1854, .T. ) ;
#3150 = CIRCLE ( 'NONE', #2162, 5.000000000000000888 ) ;
#3151 = EDGE_LOOP ( 'NONE', ( #3320, #2213 ) ) ;
#3152 = CARTESIAN_POINT ( 'NONE',  ( 43.11165424889249209, 8.000000000000000000, -24.31967151655275572 ) ) ;
#3153 = DIRECTION ( 'NONE',  ( -0.1439398457141108922, 0.000000000000000000, 0.9895864392845115098 ) ) ;
#3154 = DIRECTION ( 'NONE',  ( -0.000000000000000000, 1.000000000000000000, -0.000000000000000000 ) ) ;
#3155 = EDGE_CURVE ( 'NONE', #1200, #1767, #2274, .T. ) ;
#3156 = DIRECTION ( 'NONE',  ( 0.000000000000000000, 1.000000000000000000, 0.000000000000000000 ) ) ;
#3157 = CYLINDRICAL_SURFACE ( 'NONE', #1077, 6.199999999999990408 ) ;
#3158 = EDGE_CURVE ( 'NONE', #1495, #1392, #3202, .T. ) ;
#3159 = DIRECTION ( 'NONE',  ( 0.000000000000000000, 1.000000000000000000, 0.000000000000000000 ) ) ;
#3160 = EDGE_CURVE ( 'NONE', #3483, #107, #3101, .T. ) ;
#3161 = EDGE_LOOP ( 'NONE', ( #1296, #1012, #1148, #3517 ) ) ;
#3162 = EDGE_LOOP ( 'NONE', ( #3500, #2841 ) ) ;
#3163 = FACE_BOUND ( 'NONE', #16, .T. ) ;
#3164 = EDGE_CURVE ( 'NONE', #1934, #3709, #3635, .T. ) ;
#3165 = ORIENTED_EDGE ( 'NONE', *, *, #3164, .F. ) ;
#3166 = ORIENTED_EDGE ( 'NONE', *, *, #1353, .F. ) ;
#3167 = DIRECTION ( 'NONE',  ( 0.9213829087050070532, 0.000000000000000000, -0.3886560633082939420 ) ) ;
#3168 = EDGE_CURVE ( 'NONE', #2249, #839, #367, .T. ) ;
#3169 = DIRECTION ( 'NONE',  ( 0.000000000000000000, 1.000000000000000000, 0.000000000000000000 ) ) ;
#3170 = EDGE_LOOP ( 'NONE', ( #3100, #147, #464, #636 ) ) ;
#3171 = CARTESIAN_POINT ( 'NONE',  ( -2.606215409583908738, 8.000000000000000000, 17.91773094088951268 ) ) ;
#3172 = CYLINDRICAL_SURFACE ( 'NONE', #182, 5.000000000000000888 ) ;
#3173 = VERTEX_POINT ( 'NONE', #3328 ) ;
#3174 = DIRECTION ( 'NONE',  ( 0.000000000000000000, -0.000000000000000000, 1.000000000000000000 ) ) ;
#3175 = CARTESIAN_POINT ( 'NONE',  ( -29.48834575110749867, 4.000000000000000000, 18.63032848344725778 ) ) ;
#3176 = CARTESIAN_POINT ( 'NONE',  ( 35.11165424889249209, 4.000000000000000000, 31.88032848344724712 ) ) ;
#3177 = ORIENTED_EDGE ( 'NONE', *, *, #2982, .T. ) ;
#3178 = ORIENTED_EDGE ( 'NONE', *, *, #1728, .T. ) ;
#3179 = DIRECTION ( 'NONE',  ( 0.000000000000000000, 1.000000000000000000, 0.000000000000000000 ) ) ;
#3180 = AXIS2_PLACEMENT_3D ( 'NONE', #3529, #2929, #877 ) ;
#3181 = VECTOR ( 'NONE', #3185, 1000.000000000000000 ) ;
#3182 = CARTESIAN_POINT ( 'NONE',  ( 35.11165424889249209, 0.000000000000000000, 37.88032848344725068 ) ) ;
#3183 = EDGE_LOOP ( 'NONE', ( #553, #3037, #623, #2220 ) ) ;
#3184 = EDGE_LOOP ( 'NONE', ( #3652, #2879, #3351, #3189 ) ) ;
#3185 = DIRECTION ( 'NONE',  ( -0.000000000000000000, 1.000000000000000000, -0.000000000000000000 ) ) ;
#3186 = ADVANCED_FACE ( 'NONE', ( #1628 ), #988, .F. ) ;
#3187 = DIRECTION ( 'NONE',  ( -0.000000000000000000, -1.000000000000000000, -0.000000000000000000 ) ) ;
#3188 = VECTOR ( 'NONE', #3780, 1000.000000000000000 ) ;
#3189 = ORIENTED_EDGE ( 'NONE', *, *, #540, .T. ) ;
#3190 = DIRECTION ( 'NONE',  ( 0.000000000000000000, 0.000000000000000000, 1.000000000000000000 ) ) ;
#3191 = EDGE_CURVE ( 'NONE', #1074, #2596, #2398, .T. ) ;
#3192 = DIRECTION ( 'NONE',  ( -0.000000000000000000, -1.000000000000000000, -0.000000000000000000 ) ) ;
#3193 = CYLINDRICAL_SURFACE ( 'NONE', #800, 2.500000000000002220 ) ;
#3194 = EDGE_LOOP ( 'NONE', ( #1809, #1139, #396, #886 ) ) ;
#3195 = LINE ( 'NONE', #3222, #2572 ) ;
#3196 = FACE_OUTER_BOUND ( 'NONE', #1398, .T. ) ;
#3197 = DIRECTION ( 'NONE',  ( -0.000000000000000000, -1.000000000000000000, -0.000000000000000000 ) ) ;
#3198 = CIRCLE ( 'NONE', #1957, 2.500000000000002220 ) ;
#3199 = VECTOR ( 'NONE', #3187, 1000.000000000000000 ) ;
#3200 = VERTEX_POINT ( 'NONE', #2439 ) ;
#3201 = ORIENTED_EDGE ( 'NONE', *, *, #2637, .T. ) ;
#3202 = CIRCLE ( 'NONE', #2210, 4.200000000000012612 ) ;
#3203 = DIRECTION ( 'NONE',  ( 0.000000000000000000, -1.000000000000000000, 0.000000000000000000 ) ) ;
#3204 = CARTESIAN_POINT ( 'NONE',  ( -27.37895597688943639, 40.30892466556440468, -10.23294524575311115 ) ) ;
#3205 = ORIENTED_EDGE ( 'NONE', *, *, #1634, .T. ) ;
#3206 = EDGE_CURVE ( 'NONE', #3610, #2116, #3620, .T. ) ;
#3207 = ORIENTED_EDGE ( 'NONE', *, *, #2112, .T. ) ;
#3208 = VECTOR ( 'NONE', #1409, 1000.000000000000000 ) ;
#3209 = CARTESIAN_POINT ( 'NONE',  ( -23.68834575110749796, -9.485281374238578422, 37.88032848344725068 ) ) ;
#3210 = CIRCLE ( 'NONE', #1360, 4.200000000000012612 ) ;
#3211 = EDGE_CURVE ( 'NONE', #71, #779, #105, .T. ) ;
#3212 = PLANE ( 'NONE',  #156 ) ;
#3213 = VECTOR ( 'NONE', #3583, 1000.000000000000000 ) ;
#3214 = CIRCLE ( 'NONE', #1363, 6.199999999999997513 ) ;
#3215 = CIRCLE ( 'NONE', #1852, 2.500000000000002220 ) ;
#3216 = AXIS2_PLACEMENT_3D ( 'NONE', #1626, #2494, #1892 ) ;
#3217 = VERTEX_POINT ( 'NONE', #249 ) ;
#3218 = DIRECTION ( 'NONE',  ( 0.9526499485049144678, 0.000000000000000000, -0.3040691954368014982 ) ) ;
#3219 = CARTESIAN_POINT ( 'NONE',  ( 5.711654248892495289, 0.7500000000000002220, 32.38032848344725778 ) ) ;
#3220 = CARTESIAN_POINT ( 'NONE',  ( -34.96726251454020939, 7.724399999999999267, -7.810890568426492209 ) ) ;
#3221 = EDGE_CURVE ( 'NONE', #2985, #279, #1702, .T. ) ;
#3222 = CARTESIAN_POINT ( 'NONE',  ( -8.988345751107500448, 0.7500000000000002220, 32.38032848344725778 ) ) ;
#3223 = AXIS2_PLACEMENT_3D ( 'NONE', #1554, #418, #2140 ) ;
#3224 = DIRECTION ( 'NONE',  ( -0.000000000000000000, 1.000000000000000000, -0.000000000000000000 ) ) ;
#3225 = DIRECTION ( 'NONE',  ( 1.000000000000000000, 0.000000000000000000, -1.442598344080972573E-16 ) ) ;
#3226 = VERTEX_POINT ( 'NONE', #1081 ) ;
#3227 = FACE_OUTER_BOUND ( 'NONE', #3278, .T. ) ;
#3228 = CARTESIAN_POINT ( 'NONE',  ( 37.11165424889249209, 4.000000000000000000, 21.13032848344725068 ) ) ;
#3229 = ORIENTED_EDGE ( 'NONE', *, *, #1503, .T. ) ;
#3230 = ORIENTED_EDGE ( 'NONE', *, *, #1402, .F. ) ;
#3231 = CARTESIAN_POINT ( 'NONE',  ( 38.28871866063111185, 7.724400000000000155, -24.95416526608640240 ) ) ;
#3232 = FACE_BOUND ( 'NONE', #387, .T. ) ;
#3233 = ORIENTED_EDGE ( 'NONE', *, *, #2504, .T. ) ;
#3234 = CARTESIAN_POINT ( 'NONE',  ( 17.15246853677865957, 7.724400000000000155, 21.62732848344725056 ) ) ;
#3235 = EDGE_CURVE ( 'NONE', #970, #1196, #353, .T. ) ;
#3236 = LINE ( 'NONE', #2060, #2468 ) ;
#3237 = DIRECTION ( 'NONE',  ( 0.000000000000000000, 0.000000000000000000, 1.000000000000000000 ) ) ;
#3238 = LINE ( 'NONE', #2365, #2377 ) ;
#3239 = CARTESIAN_POINT ( 'NONE',  ( -33.58803108743198607, -30.46152820551968077, 22.21771663955804499 ) ) ;
#3240 = EDGE_LOOP ( 'NONE', ( #2703, #1701 ) ) ;
#3241 = DIRECTION ( 'NONE',  ( -0.000000000000000000, 1.000000000000000000, -0.000000000000000000 ) ) ;
#3242 = EDGE_CURVE ( 'NONE', #1249, #205, #1719, .T. ) ;
#3243 = CARTESIAN_POINT ( 'NONE',  ( 35.97672284755361005, 8.000000000000000000, 35.88032848344725778 ) ) ;
#3244 = EDGE_CURVE ( 'NONE', #3016, #2778, #166, .T. ) ;
#3245 = VECTOR ( 'NONE', #1088, 1000.000000000000000 ) ;
#3246 = ORIENTED_EDGE ( 'NONE', *, *, #2013, .T. ) ;
#3247 = AXIS2_PLACEMENT_3D ( 'NONE', #1982, #470, #2838 ) ;
#3248 = DIRECTION ( 'NONE',  ( 0.000000000000000000, 1.000000000000000000, 0.000000000000000000 ) ) ;
#3249 = CIRCLE ( 'NONE', #3307, 2.499999999999994671 ) ;
#3250 = CARTESIAN_POINT ( 'NONE',  ( -41.17577171713647033, 8.000000000000000000, -22.52933910906416770 ) ) ;
#3251 = VERTEX_POINT ( 'NONE', #1063 ) ;
#3252 = CARTESIAN_POINT ( 'NONE',  ( -34.96726251454020939, 3.000000000000000000, -7.810890568426492209 ) ) ;
#3253 = DIRECTION ( 'NONE',  ( 0.000000000000000000, 0.000000000000000000, 1.000000000000000000 ) ) ;
#3254 = DIRECTION ( 'NONE',  ( 0.000000000000000000, 0.000000000000000000, 1.000000000000000000 ) ) ;
#3255 = DIRECTION ( 'NONE',  ( -0.000000000000000000, 1.000000000000000000, -0.000000000000000000 ) ) ;
#3256 = CYLINDRICAL_SURFACE ( 'NONE', #1046, 5.000000000000000888 ) ;
#3257 = ORIENTED_EDGE ( 'NONE', *, *, #832, .F. ) ;
#3258 = CARTESIAN_POINT ( 'NONE',  ( 38.28871866063111185, 3.000000000000000000, -24.95416526608640240 ) ) ;
#3259 = VECTOR ( 'NONE', #2184, 1000.000000000000000 ) ;
#3260 = LINE ( 'NONE', #3204, #3697 ) ;
#3261 = ADVANCED_FACE ( 'NONE', ( #2284 ), #3444, .F. ) ;
#3262 = VECTOR ( 'NONE', #2585, 1000.000000000000000 ) ;
#3263 = DIRECTION ( 'NONE',  ( 0.000000000000000000, 1.000000000000000000, 0.000000000000000000 ) ) ;
#3264 = DIRECTION ( 'NONE',  ( 0.000000000000000000, 0.000000000000000000, 1.000000000000000000 ) ) ;
#3265 = ORIENTED_EDGE ( 'NONE', *, *, #2547, .F. ) ;
#3266 = VERTEX_POINT ( 'NONE', #791 ) ;
#3267 = ORIENTED_EDGE ( 'NONE', *, *, #3191, .F. ) ;
#3268 = FACE_OUTER_BOUND ( 'NONE', #688, .T. ) ;
#3269 = DIRECTION ( 'NONE',  ( -0.000000000000000000, 1.000000000000000000, -0.000000000000000000 ) ) ;
#3270 = CIRCLE ( 'NONE', #1362, 2.999999999999995559 ) ;
#3271 = AXIS2_PLACEMENT_3D ( 'NONE', #2894, #3203, #881 ) ;
#3272 = ORIENTED_EDGE ( 'NONE', *, *, #2185, .F. ) ;
#3273 = AXIS2_PLACEMENT_3D ( 'NONE', #361, #1553, #2724 ) ;
#3274 = EDGE_LOOP ( 'NONE', ( #2433, #715, #1528, #1889 ) ) ;
#3275 = DIRECTION ( 'NONE',  ( 0.000000000000000000, 0.000000000000000000, 1.000000000000000000 ) ) ;
#3276 = CARTESIAN_POINT ( 'NONE',  ( 39.11165424889249209, 0.7500000000000002220, 7.380328483447255117 ) ) ;
#3277 = FACE_OUTER_BOUND ( 'NONE', #3183, .T. ) ;
#3278 = EDGE_LOOP ( 'NONE', ( #2277, #2407, #2040, #2950 ) ) ;
#3279 = EDGE_CURVE ( 'NONE', #1155, #338, #3688, .T. ) ;
#3280 = VECTOR ( 'NONE', #3022, 1000.000000000000000 ) ;
#3281 = CARTESIAN_POINT ( 'NONE',  ( 47.26791729388745011, 8.000000000000000000, -19.51512416455346965 ) ) ;
#3282 = EDGE_CURVE ( 'NONE', #1925, #1392, #1967, .T. ) ;
#3283 = DIRECTION ( 'NONE',  ( 0.3886560633082941640, 0.000000000000000000, 0.9213829087050070532 ) ) ;
#3284 = DIRECTION ( 'NONE',  ( 0.000000000000000000, -0.000000000000000000, 1.000000000000000000 ) ) ;
#3285 = LINE ( 'NONE', #629, #2488 ) ;
#3286 = ORIENTED_EDGE ( 'NONE', *, *, #680, .F. ) ;
#3287 = ORIENTED_EDGE ( 'NONE', *, *, #1273, .T. ) ;
#3288 = DIRECTION ( 'NONE',  ( 0.000000000000000000, 0.000000000000000000, -1.000000000000000000 ) ) ;
#3289 = FACE_OUTER_BOUND ( 'NONE', #2431, .T. ) ;
#3290 = VERTEX_POINT ( 'NONE', #1140 ) ;
#3291 = ADVANCED_FACE ( 'NONE', ( #206 ), #1399, .F. ) ;
#3292 = EDGE_LOOP ( 'NONE', ( #1828, #2760, #3287, #1053 ) ) ;
#3293 = DIRECTION ( 'NONE',  ( 0.000000000000000000, 0.000000000000000000, 1.000000000000000000 ) ) ;
#3294 = CARTESIAN_POINT ( 'NONE',  ( 47.26791729388745011, 4.000000000000000000, -19.51512416455346965 ) ) ;
#3295 = CARTESIAN_POINT ( 'NONE',  ( -9.408345751107500377, 7.724400000000000155, 14.52006816627309682 ) ) ;
#3296 = ORIENTED_EDGE ( 'NONE', *, *, #2241, .F. ) ;
#3297 = LINE ( 'NONE', #3281, #1174 ) ;
#3298 = DIRECTION ( 'NONE',  ( -0.000000000000000000, -1.000000000000000000, -0.000000000000000000 ) ) ;
#3299 = DIRECTION ( 'NONE',  ( 0.000000000000000000, 0.000000000000000000, -1.000000000000000000 ) ) ;
#3300 = DIRECTION ( 'NONE',  ( 0.000000000000000000, 0.000000000000000000, 1.000000000000000000 ) ) ;
#3301 = VERTEX_POINT ( 'NONE', #1102 ) ;
#3302 = AXIS2_PLACEMENT_3D ( 'NONE', #3751, #2266, #1368 ) ;
#3303 = CIRCLE ( 'NONE', #894, 4.199999999999999289 ) ;
#3304 = VERTEX_POINT ( 'NONE', #3467 ) ;
#3305 = CARTESIAN_POINT ( 'NONE',  ( -43.01853753454647489, 4.000000000000000000, -21.75202698244758182 ) ) ;
#3306 = EDGE_CURVE ( 'NONE', #3612, #3327, #1292, .T. ) ;
#3307 = AXIS2_PLACEMENT_3D ( 'NONE', #1900, #102, #1251 ) ;
#3308 = CARTESIAN_POINT ( 'NONE',  ( -44.47040086006421689, 4.000000000000000000, -3.581004804182156942 ) ) ;
#3309 = ORIENTED_EDGE ( 'NONE', *, *, #995, .T. ) ;
#3310 = ORIENTED_EDGE ( 'NONE', *, *, #408, .F. ) ;
#3311 = EDGE_CURVE ( 'NONE', #3789, #1319, #3114, .T. ) ;
#3312 = CARTESIAN_POINT ( 'NONE',  ( -8.777084998794013160, 3.999999999999996447, -20.80774460920990521 ) ) ;
#3313 = DIRECTION ( 'NONE',  ( 0.000000000000000000, -1.000000000000000000, 0.000000000000000000 ) ) ;
#3314 = CARTESIAN_POINT ( 'NONE',  ( -46.88834575110750791, 8.000000000000000000, -20.11967151655274222 ) ) ;
#3315 = ORIENTED_EDGE ( 'NONE', *, *, #563, .T. ) ;
#3316 = FACE_OUTER_BOUND ( 'NONE', #2851, .T. ) ;
#3317 = CARTESIAN_POINT ( 'NONE',  ( 27.55723239885652731, -1.000000000000000000, 25.68032848344724428 ) ) ;
#3318 = DIRECTION ( 'NONE',  ( 0.000000000000000000, 0.000000000000000000, 1.000000000000000000 ) ) ;
#3319 = DIRECTION ( 'NONE',  ( 0.000000000000000000, 1.000000000000000000, 0.000000000000000000 ) ) ;
#3320 = ORIENTED_EDGE ( 'NONE', *, *, #2717, .T. ) ;
#3321 = EDGE_CURVE ( 'NONE', #3580, #1315, #3782, .T. ) ;
#3322 = VERTEX_POINT ( 'NONE', #1361 ) ;
#3323 = EDGE_LOOP ( 'NONE', ( #1136, #2595, #143, #239 ) ) ;
#3324 = ADVANCED_FACE ( 'NONE', ( #2533 ), #1123, .F. ) ;
#3325 = DIRECTION ( 'NONE',  ( 0.000000000000000000, 0.000000000000000000, 1.000000000000000000 ) ) ;
#3326 = DIRECTION ( 'NONE',  ( 0.000000000000000000, 0.000000000000000000, -1.000000000000000000 ) ) ;
#3327 = VERTEX_POINT ( 'NONE', #2004 ) ;
#3328 = CARTESIAN_POINT ( 'NONE',  ( -50.75815396766853382, 4.000000000000000000, -18.48731605065790973 ) ) ;
#3329 = VECTOR ( 'NONE', #3374, 1000.000000000000000 ) ;
#3330 = CARTESIAN_POINT ( 'NONE',  ( 41.11165424889248499, 0.7500000000000002220, -8.869671516552740442 ) ) ;
#3331 = EDGE_CURVE ( 'NONE', #279, #2538, #3424, .T. ) ;
#3332 = DIRECTION ( 'NONE',  ( 0.000000000000000000, 1.000000000000000000, 0.000000000000000000 ) ) ;
#3333 = AXIS2_PLACEMENT_3D ( 'NONE', #1142, #1761, #2083 ) ;
#3334 = VERTEX_POINT ( 'NONE', #1438 ) ;
#3335 = AXIS2_PLACEMENT_3D ( 'NONE', #2882, #2287, #3448 ) ;
#3336 = VECTOR ( 'NONE', #1451, 1000.000000000000000 ) ;
#3337 = VECTOR ( 'NONE', #2, 1000.000000000000000 ) ;
#3338 = CARTESIAN_POINT ( 'NONE',  ( 25.59165424889250318, 7.724400000000000155, 13.52006816627309504 ) ) ;
#3339 = VECTOR ( 'NONE', #3617, 1000.000000000000000 ) ;
#3340 = ADVANCED_FACE ( 'NONE', ( #2320 ), #1644, .T. ) ;
#3341 = FACE_BOUND ( 'NONE', #2327, .T. ) ;
#3342 = CARTESIAN_POINT ( 'NONE',  ( -46.88834575110750791, 0.000000000000000000, -18.49467151655273867 ) ) ;
#3343 = CIRCLE ( 'NONE', #3824, 5.000000000000000888 ) ;
#3344 = VECTOR ( 'NONE', #2456, 1000.000000000000000 ) ;
#3345 = PLANE ( 'NONE',  #1658 ) ;
#3346 = ORIENTED_EDGE ( 'NONE', *, *, #2719, .T. ) ;
#3347 = ORIENTED_EDGE ( 'NONE', *, *, #2185, .T. ) ;
#3348 = ORIENTED_EDGE ( 'NONE', *, *, #1651, .F. ) ;
#3349 = LINE ( 'NONE', #1572, #118 ) ;
#3350 = LINE ( 'NONE', #2203, #2844 ) ;
#3351 = ORIENTED_EDGE ( 'NONE', *, *, #2633, .T. ) ;
#3352 = CARTESIAN_POINT ( 'NONE',  ( 25.59165424889250318, 7.724400000000000155, -32.47993183372690140 ) ) ;
#3353 = CARTESIAN_POINT ( 'NONE',  ( -47.09047880409082154, -30.46152820551968077, -4.646458494975587605 ) ) ;
#3354 = DIRECTION ( 'NONE',  ( 0.000000000000000000, 0.000000000000000000, -1.000000000000000000 ) ) ;
#3355 = VECTOR ( 'NONE', #2615, 1000.000000000000000 ) ;
#3356 = CARTESIAN_POINT ( 'NONE',  ( -19.04379730505850787, 8.000000000000000000, 27.88032848344725778 ) ) ;
#3357 = DIRECTION ( 'NONE',  ( 1.000000000000000000, 0.000000000000000000, 0.000000000000000000 ) ) ;
#3358 = CARTESIAN_POINT ( 'NONE',  ( -33.58803108743198607, 4.000000000000000000, 22.21771663955805209 ) ) ;
#3359 = EDGE_CURVE ( 'NONE', #3709, #272, #3575, .T. ) ;
#3360 = DIRECTION ( 'NONE',  ( -0.3886560633082941640, -0.000000000000000000, -0.9213829087050070532 ) ) ;
#3361 = ADVANCED_FACE ( 'NONE', ( #887 ), #572, .F. ) ;
#3362 = CYLINDRICAL_SURFACE ( 'NONE', #2827, 2.000000000000000000 ) ;
#3363 = ADVANCED_FACE ( 'NONE', ( #2959 ), #925, .F. ) ;
#3364 = ORIENTED_EDGE ( 'NONE', *, *, #2668, .T. ) ;
#3365 = ORIENTED_EDGE ( 'NONE', *, *, #3155, .F. ) ;
#3366 = ORIENTED_EDGE ( 'NONE', *, *, #817, .T. ) ;
#3367 = CYLINDRICAL_SURFACE ( 'NONE', #479, 1.000000000000000888 ) ;
#3368 = LINE ( 'NONE', #1061, #3199 ) ;
#3369 = ORIENTED_EDGE ( 'NONE', *, *, #1425, .F. ) ;
#3370 = DIRECTION ( 'NONE',  ( -0.9895864392845116209, 0.000000000000000000, -0.1439398457141096710 ) ) ;
#3371 = AXIS2_PLACEMENT_3D ( 'NONE', #269, #2628, #579 ) ;
#3372 = VECTOR ( 'NONE', #2857, 1000.000000000000000 ) ;
#3373 = CARTESIAN_POINT ( 'NONE',  ( -46.88834575110750791, 4.000000000000000000, -17.11967151655274222 ) ) ;
#3374 = DIRECTION ( 'NONE',  ( -0.000000000000000000, -1.000000000000000000, -0.000000000000000000 ) ) ;
#3375 = FACE_OUTER_BOUND ( 'NONE', #155, .T. ) ;
#3376 = CARTESIAN_POINT ( 'NONE',  ( -33.26837269215165094, 3.000000000000002665, -8.502257021496022915 ) ) ;
#3377 = EDGE_CURVE ( 'NONE', #2904, #3592, #2828, .T. ) ;
#3378 = ADVANCED_FACE ( 'NONE', ( #2337 ), #1457, .F. ) ;
#3379 = ORIENTED_EDGE ( 'NONE', *, *, #38, .T. ) ;
#3380 = AXIS2_PLACEMENT_3D ( 'NONE', #1358, #1682, #1924 ) ;
#3381 = FACE_OUTER_BOUND ( 'NONE', #84, .T. ) ;
#3382 = DIRECTION ( 'NONE',  ( 0.000000000000000000, 0.000000000000000000, -1.000000000000000000 ) ) ;
#3383 = EDGE_CURVE ( 'NONE', #160, #2079, #1775, .T. ) ;
#3384 = ORIENTED_EDGE ( 'NONE', *, *, #20, .T. ) ;
#3385 = ORIENTED_EDGE ( 'NONE', *, *, #3047, .F. ) ;
#3386 = PLANE ( 'NONE',  #273 ) ;
#3387 = DIRECTION ( 'NONE',  ( 0.000000000000000000, 0.000000000000000000, 1.000000000000000000 ) ) ;
#3388 = ORIENTED_EDGE ( 'NONE', *, *, #2135, .T. ) ;
#3389 = VECTOR ( 'NONE', #3727, 1000.000000000000114 ) ;
#3390 = CARTESIAN_POINT ( 'NONE',  ( 8.091654248892503176, 7.724400000000000155, -41.87993183372689998 ) ) ;
#3391 = DIRECTION ( 'NONE',  ( 4.163336342344336238E-15, 0.000000000000000000, 1.000000000000000000 ) ) ;
#3392 = DIRECTION ( 'NONE',  ( 0.000000000000000000, 0.000000000000000000, 1.000000000000000000 ) ) ;
#3393 = CARTESIAN_POINT ( 'NONE',  ( 43.11165424889249209, -9.485281374238578422, -20.11967151655274222 ) ) ;
#3394 = AXIS2_PLACEMENT_3D ( 'NONE', #632, #1510, #1160 ) ;
#3395 = VECTOR ( 'NONE', #3269, 1000.000000000000000 ) ;
#3396 = DIRECTION ( 'NONE',  ( -0.000000000000000000, 1.000000000000000000, -0.000000000000000000 ) ) ;
#3397 = AXIS2_PLACEMENT_3D ( 'NONE', #3006, #60, #1248 ) ;
#3398 = ORIENTED_EDGE ( 'NONE', *, *, #1798, .T. ) ;
#3399 = VECTOR ( 'NONE', #3040, 1000.000000000000000 ) ;
#3400 = ORIENTED_EDGE ( 'NONE', *, *, #1840, .F. ) ;
#3401 = EDGE_CURVE ( 'NONE', #160, #2212, #2645, .T. ) ;
#3402 = CARTESIAN_POINT ( 'NONE',  ( 39.11165424889249209, 0.7500000000000002220, 7.380328483447255117 ) ) ;
#3403 = EDGE_LOOP ( 'NONE', ( #2532, #1075, #1812, #1758 ) ) ;
#3404 = ORIENTED_EDGE ( 'NONE', *, *, #2982, .F. ) ;
#3405 = DIRECTION ( 'NONE',  ( 0.000000000000000000, 1.000000000000000000, 0.000000000000000000 ) ) ;
#3406 = DIRECTION ( 'NONE',  ( 1.000000000000000000, 0.000000000000000000, -1.150183614340680878E-16 ) ) ;
#3407 = ORIENTED_EDGE ( 'NONE', *, *, #3043, .F. ) ;
#3408 = CARTESIAN_POINT ( 'NONE',  ( 5.711654248892495289, 0.7500000000000002220, 34.88032848344725778 ) ) ;
#3409 = EDGE_CURVE ( 'NONE', #2349, #1796, #858, .T. ) ;
#3410 = CARTESIAN_POINT ( 'NONE',  ( -17.33625374393658447, 3.000000000000000000, 17.94599559103337327 ) ) ;
#3411 = DIRECTION ( 'NONE',  ( 0.000000000000000000, 0.000000000000000000, -1.000000000000000000 ) ) ;
#3412 = ADVANCED_FACE ( 'NONE', ( #3268 ), #13, .F. ) ;
#3413 = CARTESIAN_POINT ( 'NONE',  ( 43.11165424889249209, -1.000000000000000000, -26.31967151655274861 ) ) ;
#3414 = CARTESIAN_POINT ( 'NONE',  ( -23.68834575110749796, -1.000000000000000000, 33.25532848344725778 ) ) ;
#3415 = ORIENTED_EDGE ( 'NONE', *, *, #1390, .F. ) ;
#3416 = ORIENTED_EDGE ( 'NONE', *, *, #420, .F. ) ;
#3417 = LINE ( 'NONE', #764, #3759 ) ;
#3418 = EDGE_LOOP ( 'NONE', ( #1655, #1228, #23, #1447 ) ) ;
#3419 = VERTEX_POINT ( 'NONE', #850 ) ;
#3420 = FACE_OUTER_BOUND ( 'NONE', #3096, .T. ) ;
#3421 = LINE ( 'NONE', #188, #842 ) ;
#3422 = ORIENTED_EDGE ( 'NONE', *, *, #3158, .T. ) ;
#3423 = ADVANCED_FACE ( 'NONE', ( #1797 ), #2044, .F. ) ;
#3424 = LINE ( 'NONE', #533, #413 ) ;
#3425 = CARTESIAN_POINT ( 'NONE',  ( -18.85659972112059535, 7.724399999999999267, 13.18274584850880338 ) ) ;
#3426 = DIRECTION ( 'NONE',  ( 0.000000000000000000, 0.000000000000000000, 1.000000000000000000 ) ) ;
#3427 = EDGE_CURVE ( 'NONE', #820, #2798, #3637, .T. ) ;
#3428 = AXIS2_PLACEMENT_3D ( 'NONE', #3338, #682, #2483 ) ;
#3429 = PLANE ( 'NONE',  #658 ) ;
#3430 = COLOUR_RGB ( '',0.7921568627450980005, 0.8196078431372548767, 0.9333333333333333481 ) ;
#3431 = FACE_BOUND ( 'NONE', #3140, .T. ) ;
#3432 = CIRCLE ( 'NONE', #1938, 3.000000000000002665 ) ;
#3433 = VECTOR ( 'NONE', #2466, 1000.000000000000000 ) ;
#3434 = ORIENTED_EDGE ( 'NONE', *, *, #91, .F. ) ;
#3435 = ORIENTED_EDGE ( 'NONE', *, *, #1538, .F. ) ;
#3436 = VERTEX_POINT ( 'NONE', #3801 ) ;
#3437 = DIRECTION ( 'NONE',  ( 0.000000000000000000, 0.000000000000000000, -1.000000000000000000 ) ) ;
#3438 = EDGE_LOOP ( 'NONE', ( #1711, #3398 ) ) ;
#3439 = ORIENTED_EDGE ( 'NONE', *, *, #3123, .T. ) ;
#3440 = CARTESIAN_POINT ( 'NONE',  ( -8.988345751107500448, 0.7500000000000002220, 34.88032848344725778 ) ) ;
#3441 = CYLINDRICAL_SURFACE ( 'NONE', #343, 5.199999999999989519 ) ;
#3442 = EDGE_CURVE ( 'NONE', #3773, #1474, #2678, .T. ) ;
#3443 = ORIENTED_EDGE ( 'NONE', *, *, #1505, .F. ) ;
#3444 = CYLINDRICAL_SURFACE ( 'NONE', #44, 3.199999999999987743 ) ;
#3445 = EDGE_CURVE ( 'NONE', #3741, #2396, #1814, .T. ) ;
#3446 = VECTOR ( 'NONE', #2423, 1000.000000000000114 ) ;
#3447 = CARTESIAN_POINT ( 'NONE',  ( -17.33625374393658447, 3.000000000000000000, 12.94599559103337327 ) ) ;
#3448 = DIRECTION ( 'NONE',  ( 0.000000000000000000, 0.000000000000000000, 1.000000000000000000 ) ) ;
#3449 = VECTOR ( 'NONE', #3766, 1000.000000000000000 ) ;
#3450 = DIRECTION ( 'NONE',  ( -0.000000000000000000, 1.000000000000000000, -0.000000000000000000 ) ) ;
#3451 = EDGE_CURVE ( 'NONE', #941, #1074, #340, .T. ) ;
#3452 = CYLINDRICAL_SURFACE ( 'NONE', #1016, 4.200000000000012612 ) ;
#3453 = CARTESIAN_POINT ( 'NONE',  ( -23.68834575110749796, 4.000000000000000000, 34.88032848344725778 ) ) ;
#3454 = VERTEX_POINT ( 'NONE', #1529 ) ;
#3455 = ORIENTED_EDGE ( 'NONE', *, *, #2437, .F. ) ;
#3456 = FACE_OUTER_BOUND ( 'NONE', #3274, .T. ) ;
#3457 = ADVANCED_FACE ( 'NONE', ( #1759 ), #2944, .F. ) ;
#3458 = AXIS2_PLACEMENT_3D ( 'NONE', #391, #2450, #1504 ) ;
#3459 = AXIS2_PLACEMENT_3D ( 'NONE', #3577, #3632, #2180 ) ;
#3460 = AXIS2_PLACEMENT_3D ( 'NONE', #369, #2802, #3023 ) ;
#3461 = VERTEX_POINT ( 'NONE', #2641 ) ;
#3462 = ORIENTED_EDGE ( 'NONE', *, *, #2960, .F. ) ;
#3463 = DIRECTION ( 'NONE',  ( 0.000000000000000000, 0.000000000000000000, 1.000000000000000000 ) ) ;
#3464 = PLANE ( 'NONE',  #32 ) ;
#3465 = AXIS2_PLACEMENT_3D ( 'NONE', #697, #1862, #3044 ) ;
#3466 = ORIENTED_EDGE ( 'NONE', *, *, #3054, .T. ) ;
#3467 = CARTESIAN_POINT ( 'NONE',  ( -23.68834575110749796, 0.000000000000000000, 37.88032848344725068 ) ) ;
#3468 = DIRECTION ( 'NONE',  ( 0.000000000000000000, 1.000000000000000000, 0.000000000000000000 ) ) ;
#3469 = CARTESIAN_POINT ( 'NONE',  ( -2.606215409583908738, -30.46152820551968077, 17.91773094088951268 ) ) ;
#3470 = EDGE_CURVE ( 'NONE', #1285, #830, #2091, .T. ) ;
#3471 = CARTESIAN_POINT ( 'NONE',  ( 43.11165424889249209, 4.000000000000000000, -23.11967151655274577 ) ) ;
#3472 = DIRECTION ( 'NONE',  ( 0.000000000000000000, -1.000000000000000000, 0.000000000000000000 ) ) ;
#3473 = DIRECTION ( 'NONE',  ( 0.000000000000000000, -1.000000000000000000, 0.000000000000000000 ) ) ;
#3474 = ORIENTED_EDGE ( 'NONE', *, *, #2501, .T. ) ;
#3475 = ORIENTED_EDGE ( 'NONE', *, *, #2049, .F. ) ;
#3476 = ORIENTED_EDGE ( 'NONE', *, *, #3752, .F. ) ;
#3477 = DIRECTION ( 'NONE',  ( 0.000000000000000000, -0.000000000000000000, -1.000000000000000000 ) ) ;
#3478 = ADVANCED_FACE ( 'NONE', ( #557 ), #1744, .F. ) ;
#3479 = DIRECTION ( 'NONE',  ( 0.000000000000000000, 1.000000000000000000, 0.000000000000000000 ) ) ;
#3480 = EDGE_CURVE ( 'NONE', #2257, #2655, #238, .T. ) ;
#3481 = VECTOR ( 'NONE', #897, 1000.000000000000000 ) ;
#3482 = VERTEX_POINT ( 'NONE', #3305 ) ;
#3483 = VERTEX_POINT ( 'NONE', #3090 ) ;
#3484 = CARTESIAN_POINT ( 'NONE',  ( 43.11165424889249209, -1.000000000000000000, -20.11967151655274222 ) ) ;
#3485 = CARTESIAN_POINT ( 'NONE',  ( 35.11165424889249209, 0.000000000000000000, 34.88032848344725068 ) ) ;
#3486 = ORIENTED_EDGE ( 'NONE', *, *, #2872, .F. ) ;
#3487 = DIRECTION ( 'NONE',  ( -0.000000000000000000, -1.000000000000000000, -0.000000000000000000 ) ) ;
#3488 = CARTESIAN_POINT ( 'NONE',  ( -22.12272128745720678, 7.724399999999999267, 14.22523470649212385 ) ) ;
#3489 = CYLINDRICAL_SURFACE ( 'NONE', #3335, 2.500000000000002220 ) ;
#3490 = DIRECTION ( 'NONE',  ( 0.000000000000000000, 1.000000000000000000, 0.000000000000000000 ) ) ;
#3491 = DIRECTION ( 'NONE',  ( -0.1439398457141062848, 0.000000000000000000, 0.9895864392845120650 ) ) ;
#3492 = DIRECTION ( 'NONE',  ( 0.1439398457141106979, -0.000000000000000000, -0.9895864392845113988 ) ) ;
#3493 = CIRCLE ( 'NONE', #145, 2.500000000000009326 ) ;
#3494 = ORIENTED_EDGE ( 'NONE', *, *, #323, .F. ) ;
#3495 = CARTESIAN_POINT ( 'NONE',  ( -19.04379730505850787, 8.000000000000000000, 28.68032848344725139 ) ) ;
#3496 = ADVANCED_FACE ( 'NONE', ( #3381 ), #2852, .F. ) ;
#3497 = AXIS2_PLACEMENT_3D ( 'NONE', #2209, #2499, #101 ) ;
#3498 = ADVANCED_FACE ( 'NONE', ( #181 ), #1921, .F. ) ;
#3499 = PLANE ( 'NONE',  #363 ) ;
#3500 = ORIENTED_EDGE ( 'NONE', *, *, #1390, .T. ) ;
#3501 = ORIENTED_EDGE ( 'NONE', *, *, #3076, .T. ) ;
#3502 = EDGE_CURVE ( 'NONE', #3038, #1975, #1958, .T. ) ;
#3503 = CARTESIAN_POINT ( 'NONE',  ( -43.01853753454648199, 8.000000000000000000, -21.75202698244757826 ) ) ;
#3504 = FACE_BOUND ( 'NONE', #603, .T. ) ;
#3505 = VECTOR ( 'NONE', #246, 1000.000000000000000 ) ;
#3506 = VERTEX_POINT ( 'NONE', #3108 ) ;
#3507 = DIRECTION ( 'NONE',  ( 0.000000000000000000, 0.000000000000000000, 1.000000000000000000 ) ) ;
#3508 = DIRECTION ( 'NONE',  ( 0.1439398457141112531, -0.000000000000000000, -0.9895864392845113988 ) ) ;
#3509 = DIRECTION ( 'NONE',  ( -0.000000000000000000, 1.000000000000000000, -0.000000000000000000 ) ) ;
#3510 = CARTESIAN_POINT ( 'NONE',  ( 20.41165424889249280, 4.000000000000000000, 34.88032848344725778 ) ) ;
#3511 = DIRECTION ( 'NONE',  ( 0.000000000000000000, 0.000000000000000000, 1.000000000000000000 ) ) ;
#3512 = CYLINDRICAL_SURFACE ( 'NONE', #2340, 2.500000000000002220 ) ;
#3513 = AXIS2_PLACEMENT_3D ( 'NONE', #595, #2363, #3528 ) ;
#3514 = ORIENTED_EDGE ( 'NONE', *, *, #2800, .F. ) ;
#3515 = DIRECTION ( 'NONE',  ( 0.000000000000000000, 1.000000000000000000, 0.000000000000000000 ) ) ;
#3516 = FACE_OUTER_BOUND ( 'NONE', #2080, .T. ) ;
#3517 = ORIENTED_EDGE ( 'NONE', *, *, #3706, .F. ) ;
#3518 = EDGE_LOOP ( 'NONE', ( #1149, #10, #2520, #523, #96 ) ) ;
#3519 = CARTESIAN_POINT ( 'NONE',  ( -46.88834575110750791, 4.000000000000000000, -23.11967151655274577 ) ) ;
#3520 = CIRCLE ( 'NONE', #2900, 2.999999999999999112 ) ;
#3521 = CARTESIAN_POINT ( 'NONE',  ( -8.988345751107500448, 4.000000000000000000, 34.88032848344725778 ) ) ;
#3522 = VECTOR ( 'NONE', #878, 1000.000000000000000 ) ;
#3523 = AXIS2_PLACEMENT_3D ( 'NONE', #3243, #2654, #587 ) ;
#3524 = ORIENTED_EDGE ( 'NONE', *, *, #3427, .F. ) ;
#3525 = DIRECTION ( 'NONE',  ( -0.000000000000000000, -1.000000000000000000, -0.000000000000000000 ) ) ;
#3526 = CARTESIAN_POINT ( 'NONE',  ( 37.11165424889249209, 4.000000000000000000, 23.63032848344726133 ) ) ;
#3527 = EDGE_CURVE ( 'NONE', #1122, #1818, #2214, .T. ) ;
#3528 = DIRECTION ( 'NONE',  ( 0.000000000000000000, 0.000000000000000000, 1.000000000000000000 ) ) ;
#3529 = CARTESIAN_POINT ( 'NONE',  ( 5.711654248892495289, 0.7500000000000002220, 34.88032848344725778 ) ) ;
#3530 = ADVANCED_FACE ( 'NONE', ( #430 ), #1057, .T. ) ;
#3531 = CARTESIAN_POINT ( 'NONE',  ( 37.68740930272802814, -49.51705820019092386, -23.12259788328396226 ) ) ;
#3532 = ORIENTED_EDGE ( 'NONE', *, *, #3139, .T. ) ;
#3533 = CARTESIAN_POINT ( 'NONE',  ( -17.58408207915739396, -1.000000000000000000, 28.68032848344724783 ) ) ;
#3534 = DIRECTION ( 'NONE',  ( 0.000000000000000000, -0.000000000000000000, 1.000000000000000000 ) ) ;
#3535 = ORIENTED_EDGE ( 'NONE', *, *, #604, .T. ) ;
#3536 = CARTESIAN_POINT ( 'NONE',  ( 25.59165424889250318, 3.000000000000000000, -32.47993183372690140 ) ) ;
#3537 = DIRECTION ( 'NONE',  ( 0.000000000000000000, 0.000000000000000000, -1.000000000000000000 ) ) ;
#3538 = VERTEX_POINT ( 'NONE', #2811 ) ;
#3539 = DIRECTION ( 'NONE',  ( -0.000000000000000000, -1.000000000000000000, -0.000000000000000000 ) ) ;
#3540 = CARTESIAN_POINT ( 'NONE',  ( 38.95539120389752696, 8.000000000000000000, -20.72421886855202189 ) ) ;
#3541 = FACE_OUTER_BOUND ( 'NONE', #2104, .T. ) ;
#3542 = DIRECTION ( 'NONE',  ( 0.000000000000000000, 1.000000000000000000, 0.000000000000000000 ) ) ;
#3543 = EDGE_CURVE ( 'NONE', #2495, #2479, #159, .T. ) ;
#3544 = FACE_OUTER_BOUND ( 'NONE', #3184, .T. ) ;
#3545 = ORIENTED_EDGE ( 'NONE', *, *, #2173, .T. ) ;
#3546 = DIRECTION ( 'NONE',  ( 0.000000000000000000, 1.000000000000000000, 0.000000000000000000 ) ) ;
#3547 = CARTESIAN_POINT ( 'NONE',  ( -41.08834575110751075, 0.7500000000000002220, -8.869671516552747548 ) ) ;
#3548 = ORIENTED_EDGE ( 'NONE', *, *, #935, .F. ) ;
#3549 = VECTOR ( 'NONE', #2383, 1000.000000000000000 ) ;
#3550 = CARTESIAN_POINT ( 'NONE',  ( -22.12272128745720678, 3.000000000000000000, 14.22523470649212562 ) ) ;
#3551 = CARTESIAN_POINT ( 'NONE',  ( 28.46007881591580713, 7.724400000000000155, 19.47325936616471864 ) ) ;
#3552 = EDGE_LOOP ( 'NONE', ( #822, #2138, #2161, #1981, #1735, #2721, #2109, #1956, #1736, #3366, #3726, #33, #883, #2636, #472, #3678, #1090, #987, #3347, #3765, #2779, #2105 ) ) ;
#3553 = ORIENTED_EDGE ( 'NONE', *, *, #3613, .T. ) ;
#3554 = DIRECTION ( 'NONE',  ( 0.000000000000000000, 0.000000000000000000, -1.000000000000000000 ) ) ;
#3555 = CARTESIAN_POINT ( 'NONE',  ( -8.777084998794013160, -30.46152820551968077, -20.80774460920990521 ) ) ;
#3556 = ADVANCED_FACE ( 'NONE', ( #1935 ), #1552, .F. ) ;
#3557 = ORIENTED_EDGE ( 'NONE', *, *, #1086, .F. ) ;
#3558 = EDGE_CURVE ( 'NONE', #2825, #1336, #3143, .T. ) ;
#3559 = ORIENTED_EDGE ( 'NONE', *, *, #2389, .F. ) ;
#3560 = EDGE_CURVE ( 'NONE', #3322, #3662, #2467, .T. ) ;
#3561 = CYLINDRICAL_SURFACE ( 'NONE', #2952, 2.500000000000002220 ) ;
#3562 = DIRECTION ( 'NONE',  ( 0.000000000000000000, 1.000000000000000000, 0.000000000000000000 ) ) ;
#3563 = LINE ( 'NONE', #2651, #2408 ) ;
#3564 = ORIENTED_EDGE ( 'NONE', *, *, #1770, .T. ) ;
#3565 = CIRCLE ( 'NONE', #3513, 2.500000000000002220 ) ;
#3566 = DIRECTION ( 'NONE',  ( 0.000000000000000000, 0.000000000000000000, -1.000000000000000000 ) ) ;
#3567 = ORIENTED_EDGE ( 'NONE', *, *, #410, .T. ) ;
#3568 = VECTOR ( 'NONE', #113, 1000.000000000000000 ) ;
#3569 = EDGE_CURVE ( 'NONE', #2386, #3057, #1676, .T. ) ;
#3570 = DIRECTION ( 'NONE',  ( -0.000000000000000000, -1.000000000000000000, -0.000000000000000000 ) ) ;
#3571 = FACE_BOUND ( 'NONE', #1058, .T. ) ;
#3572 = VERTEX_POINT ( 'NONE', #1035 ) ;
#3573 = VERTEX_POINT ( 'NONE', #1653 ) ;
#3574 = ORIENTED_EDGE ( 'NONE', *, *, #3025, .T. ) ;
#3575 = CIRCLE ( 'NONE', #2898, 6.200000000000014388 ) ;
#3576 = CARTESIAN_POINT ( 'NONE',  ( -33.26837269215165094, 3.000000000000002665, -11.50225702149602292 ) ) ;
#3577 = CARTESIAN_POINT ( 'NONE',  ( -46.31316667747424276, 3.999999999999996447, -2.803692677565562619 ) ) ;
#3578 = VECTOR ( 'NONE', #3492, 1000.000000000000114 ) ;
#3579 = ORIENTED_EDGE ( 'NONE', *, *, #1670, .F. ) ;
#3580 = VERTEX_POINT ( 'NONE', #2234 ) ;
#3581 = DIRECTION ( 'NONE',  ( -0.000000000000000000, 1.000000000000000000, -0.000000000000000000 ) ) ;
#3582 = LINE ( 'NONE', #253, #2000 ) ;
#3583 = DIRECTION ( 'NONE',  ( -0.000000000000000000, 1.000000000000000000, -0.000000000000000000 ) ) ;
#3584 = ORIENTED_EDGE ( 'NONE', *, *, #210, .T. ) ;
#3585 = AXIS2_PLACEMENT_3D ( 'NONE', #3621, #1895, #638 ) ;
#3586 = DIRECTION ( 'NONE',  ( 0.000000000000000000, 0.000000000000000000, 1.000000000000000000 ) ) ;
#3587 = DIRECTION ( 'NONE',  ( 0.000000000000000000, 0.000000000000000000, 1.000000000000000000 ) ) ;
#3588 = EDGE_CURVE ( 'NONE', #244, #2677, #3417, .T. ) ;
#3589 = DIRECTION ( 'NONE',  ( 0.000000000000000000, 0.000000000000000000, 1.000000000000000000 ) ) ;
#3590 = ADVANCED_FACE ( 'NONE', ( #1073 ), #2252, .T. ) ;
#3591 = DIRECTION ( 'NONE',  ( 0.000000000000000000, 0.000000000000000000, 1.000000000000000000 ) ) ;
#3592 = VERTEX_POINT ( 'NONE', #942 ) ;
#3593 = ORIENTED_EDGE ( 'NONE', *, *, #1373, .T. ) ;
#3594 = ORIENTED_EDGE ( 'NONE', *, *, #2356, .T. ) ;
#3595 = CARTESIAN_POINT ( 'NONE',  ( -36.03252141826668264, -1.000000000000000000, -10.33628883157114231 ) ) ;
#3596 = CARTESIAN_POINT ( 'NONE',  ( -35.28834575110749938, 4.000000000000000000, 7.380328483447256005 ) ) ;
#3597 = VERTEX_POINT ( 'NONE', #2723 ) ;
#3598 = VERTEX_POINT ( 'NONE', #2195 ) ;
#3599 = DIRECTION ( 'NONE',  ( -0.1439398457141108922, 0.000000000000000000, 0.9895864392845113988 ) ) ;
#3600 = CARTESIAN_POINT ( 'NONE',  ( -8.988345751107500448, 4.000000000000000000, 34.88032848344725778 ) ) ;
#3601 = DIRECTION ( 'NONE',  ( 0.000000000000000000, 1.000000000000000000, 0.000000000000000000 ) ) ;
#3602 = ORIENTED_EDGE ( 'NONE', *, *, #2530, .F. ) ;
#3603 = CARTESIAN_POINT ( 'NONE',  ( 8.091654248892503176, 7.724400000000000155, -9.479931833726903179 ) ) ;
#3604 = DIRECTION ( 'NONE',  ( -0.9526499485049144678, 0.000000000000000000, 0.3040691954368014982 ) ) ;
#3605 = ADVANCED_FACE ( 'NONE', ( #725, #1903 ), #1751, .F. ) ;
#3606 = DIRECTION ( 'NONE',  ( -0.3886560633082939420, 0.000000000000000000, -0.9213829087050070532 ) ) ;
#3607 = ADVANCED_FACE ( 'NONE', ( #1430 ), #2933, .T. ) ;
#3608 = EDGE_CURVE ( 'NONE', #2452, #665, #115, .T. ) ;
#3609 = CARTESIAN_POINT ( 'NONE',  ( -52.60091978507854549, -1.000000000000000000, -17.71000392404132384 ) ) ;
#3610 = VERTEX_POINT ( 'NONE', #3533 ) ;
#3611 = ORIENTED_EDGE ( 'NONE', *, *, #2216, .T. ) ;
#3612 = VERTEX_POINT ( 'NONE', #2916 ) ;
#3613 = EDGE_CURVE ( 'NONE', #279, #248, #2773, .T. ) ;
#3614 = MECHANICAL_DESIGN_GEOMETRIC_PRESENTATION_REPRESENTATION (  '', ( #2128 ), #772 ) ;
#3615 = FACE_OUTER_BOUND ( 'NONE', #1, .T. ) ;
#3616 = AXIS2_PLACEMENT_3D ( 'NONE', #975, #3298, #22 ) ;
#3617 = DIRECTION ( 'NONE',  ( -0.000000000000000000, -1.000000000000000000, -0.000000000000000000 ) ) ;
#3618 = ORIENTED_EDGE ( 'NONE', *, *, #3206, .T. ) ;
#3619 = ADVANCED_FACE ( 'NONE', ( #3163, #1714 ), #240, .F. ) ;
#3620 = LINE ( 'NONE', #1861, #599 ) ;
#3621 = CARTESIAN_POINT ( 'NONE',  ( -41.08834575110751075, 0.7500000000000002220, -6.369671516552744883 ) ) ;
#3622 = DIRECTION ( 'NONE',  ( 0.000000000000000000, 0.000000000000000000, 1.000000000000000000 ) ) ;
#3623 = EDGE_LOOP ( 'NONE', ( #2359, #1448 ) ) ;
#3624 = CARTESIAN_POINT ( 'NONE',  ( 37.11165424889249209, 4.000000000000000000, 21.13032848344725068 ) ) ;
#3625 = DIRECTION ( 'NONE',  ( 0.000000000000000000, 0.000000000000000000, 1.000000000000000000 ) ) ;
#3626 = CARTESIAN_POINT ( 'NONE',  ( -41.17577171713647033, 8.000000000000000000, -22.52933910906416770 ) ) ;
#3627 = LINE ( 'NONE', #1853, #3673 ) ;
#3628 = AXIS2_PLACEMENT_3D ( 'NONE', #403, #148, #1616 ) ;
#3629 = ORIENTED_EDGE ( 'NONE', *, *, #583, .T. ) ;
#3630 = ORIENTED_EDGE ( 'NONE', *, *, #781, .F. ) ;
#3631 = EDGE_LOOP ( 'NONE', ( #1407, #1817, #2472, #2676 ) ) ;
#3632 = DIRECTION ( 'NONE',  ( 0.000000000000000000, 1.000000000000000000, -0.000000000000000000 ) ) ;
#3633 = DIRECTION ( 'NONE',  ( 0.000000000000000000, -0.000000000000000000, -1.000000000000000000 ) ) ;
#3634 = ORIENTED_EDGE ( 'NONE', *, *, #3409, .T. ) ;
#3635 = LINE ( 'NONE', #3061, #3568 ) ;
#3636 = VECTOR ( 'NONE', #3664, 1000.000000000000000 ) ;
#3637 = CIRCLE ( 'NONE', #3394, 2.000000000000006217 ) ;
#3638 = CARTESIAN_POINT ( 'NONE',  ( -23.68834575110749796, 4.000000000000000000, 31.88032848344726133 ) ) ;
#3639 = CARTESIAN_POINT ( 'NONE',  ( -8.777084998794013160, 8.000000000000000000, -20.80774460920990521 ) ) ;
#3640 = ADVANCED_FACE ( 'NONE', ( #3227 ), #545, .F. ) ;
#3641 = AXIS2_PLACEMENT_3D ( 'NONE', #3469, #2306, #2907 ) ;
#3642 = DIRECTION ( 'NONE',  ( -0.000000000000000000, 1.000000000000000000, -0.000000000000000000 ) ) ;
#3643 = ADVANCED_FACE ( 'NONE', ( #3775 ), #2275, .F. ) ;
#3644 = DIRECTION ( 'NONE',  ( 0.1439398457141106702, 0.000000000000000000, -0.9895864392845113988 ) ) ;
#3645 = FACE_OUTER_BOUND ( 'NONE', #2915, .T. ) ;
#3646 = VECTOR ( 'NONE', #3153, 999.9999999999998863 ) ;
#3647 = LINE ( 'NONE', #1254, #3791 ) ;
#3648 = ORIENTED_EDGE ( 'NONE', *, *, #3311, .T. ) ;
#3649 = VERTEX_POINT ( 'NONE', #1131 ) ;
#3650 = CYLINDRICAL_SURFACE ( 'NONE', #1785, 2.999999999999999112 ) ;
#3651 = CARTESIAN_POINT ( 'NONE',  ( -47.09047880409082154, 8.000000000000000000, -4.646458494975587605 ) ) ;
#3652 = ORIENTED_EDGE ( 'NONE', *, *, #1443, .F. ) ;
#3653 = CARTESIAN_POINT ( 'NONE',  ( -21.62366944943251923, 8.000000000000000000, 28.96856546071047944 ) ) ;
#3654 = EDGE_CURVE ( 'NONE', #1301, #2503, #3757, .T. ) ;
#3655 = LINE ( 'NONE', #1247, #2780 ) ;
#3656 = DIRECTION ( 'NONE',  ( -0.000000000000000000, 1.000000000000000000, -0.000000000000000000 ) ) ;
#3657 = VECTOR ( 'NONE', #2372, 1000.000000000000000 ) ;
#3658 = CARTESIAN_POINT ( 'NONE',  ( -18.85659972112059890, 3.000000000000000000, 13.18274584850880338 ) ) ;
#3659 = EDGE_CURVE ( 'NONE', #184, #2116, #2311, .T. ) ;
#3660 = ADVANCED_FACE ( 'NONE', ( #841 ), #2613, .F. ) ;
#3661 = CARTESIAN_POINT ( 'NONE',  ( 39.11165424889249209, 0.7500000000000002220, 9.880328483447250676 ) ) ;
#3662 = VERTEX_POINT ( 'NONE', #506 ) ;
#3663 = CARTESIAN_POINT ( 'NONE',  ( -45.24771298668080988, -30.46152820551968077, -5.423770621592169938 ) ) ;
#3664 = DIRECTION ( 'NONE',  ( -0.000000000000000000, 1.000000000000000000, -0.000000000000000000 ) ) ;
#3665 = ORIENTED_EDGE ( 'NONE', *, *, #1204, .F. ) ;
#3666 = ORIENTED_EDGE ( 'NONE', *, *, #3068, .T. ) ;
#3667 = ORIENTED_EDGE ( 'NONE', *, *, #728, .T. ) ;
#3668 = DIRECTION ( 'NONE',  ( -0.000000000000000000, -1.000000000000000000, -0.000000000000000000 ) ) ;
#3669 = FACE_BOUND ( 'NONE', #1794, .T. ) ;
#3670 = EDGE_LOOP ( 'NONE', ( #2892, #1193, #681, #496 ) ) ;
#3671 = DIRECTION ( 'NONE',  ( -0.000000000000000000, -1.000000000000000000, -0.000000000000000000 ) ) ;
#3672 = CIRCLE ( 'NONE', #3062, 2.799999999999993605 ) ;
#3673 = VECTOR ( 'NONE', #644, 1000.000000000000114 ) ;
#3674 = DIRECTION ( 'NONE',  ( 0.000000000000000000, 0.000000000000000000, 1.000000000000000000 ) ) ;
#3675 = DIRECTION ( 'NONE',  ( 0.000000000000000000, 1.000000000000000000, -0.000000000000000000 ) ) ;
#3676 = DIRECTION ( 'NONE',  ( 0.1439398457141108922, -0.000000000000000000, -0.9895864392845113988 ) ) ;
#3677 = DIRECTION ( 'NONE',  ( 0.000000000000000000, 0.000000000000000000, -1.000000000000000000 ) ) ;
#3678 = ORIENTED_EDGE ( 'NONE', *, *, #2806, .T. ) ;
#3679 = AXIS2_PLACEMENT_3D ( 'NONE', #1436, #3763, #1722 ) ;
#3680 = DIRECTION ( 'NONE',  ( 0.000000000000000000, 0.000000000000000000, 1.000000000000000000 ) ) ;
#3681 = EDGE_LOOP ( 'NONE', ( #1112, #1627, #2054, #2824 ) ) ;
#3682 = ORIENTED_EDGE ( 'NONE', *, *, #1176, .F. ) ;
#3683 = ADVANCED_FACE ( 'NONE', ( #566 ), #2351, .F. ) ;
#3684 = AXIS2_PLACEMENT_3D ( 'NONE', #2028, #1382, #3750 ) ;
#3685 = CARTESIAN_POINT ( 'NONE',  ( -46.88834575110750791, 8.000000000000000000, -26.31967151655273440 ) ) ;
#3686 = FACE_OUTER_BOUND ( 'NONE', #711, .T. ) ;
#3687 = ORIENTED_EDGE ( 'NONE', *, *, #3702, .T. ) ;
#3688 = CIRCLE ( 'NONE', #1537, 1.625000000000004885 ) ;
#3689 = DIRECTION ( 'NONE',  ( -0.000000000000000000, 1.000000000000000000, -0.000000000000000000 ) ) ;
#3690 = DIRECTION ( 'NONE',  ( -0.000000000000000000, 1.000000000000000000, -0.000000000000000000 ) ) ;
#3691 = DIRECTION ( 'NONE',  ( 0.000000000000000000, 0.000000000000000000, 1.000000000000000000 ) ) ;
#3692 = VECTOR ( 'NONE', #3810, 1000.000000000000000 ) ;
#3693 = VECTOR ( 'NONE', #3508, 1000.000000000000000 ) ;
#3694 = LINE ( 'NONE', #1128, #1082 ) ;
#3695 = AXIS2_PLACEMENT_3D ( 'NONE', #215, #3473, #3382 ) ;
#3696 = EDGE_LOOP ( 'NONE', ( #766, #370, #1679, #3384 ) ) ;
#3697 = VECTOR ( 'NONE', #1469, 1000.000000000000000 ) ;
#3698 = CIRCLE ( 'NONE', #2157, 3.199999999999994404 ) ;
#3699 = AXIS2_PLACEMENT_3D ( 'NONE', #2742, #2436, #3059 ) ;
#3700 = ORIENTED_EDGE ( 'NONE', *, *, #1681, .F. ) ;
#3701 = DIRECTION ( 'NONE',  ( -0.000000000000000000, 1.000000000000000000, -0.000000000000000000 ) ) ;
#3702 = EDGE_CURVE ( 'NONE', #3598, #107, #274, .T. ) ;
#3703 = ORIENTED_EDGE ( 'NONE', *, *, #2288, .T. ) ;
#3704 = AXIS2_PLACEMENT_3D ( 'NONE', #94, #1876, #146 ) ;
#3705 = ORIENTED_EDGE ( 'NONE', *, *, #61, .T. ) ;
#3706 = EDGE_CURVE ( 'NONE', #1482, #619, #1468, .T. ) ;
#3707 = DIRECTION ( 'NONE',  ( 0.000000000000000000, 1.000000000000000000, 0.000000000000000000 ) ) ;
#3708 = DIRECTION ( 'NONE',  ( 0.1439398457141108922, -0.000000000000000000, -0.9895864392845113988 ) ) ;
#3709 = VERTEX_POINT ( 'NONE', #584 ) ;
#3710 = CARTESIAN_POINT ( 'NONE',  ( 43.11165424889249209, 7.724400000000000155, -20.11967151655274222 ) ) ;
#3711 = CARTESIAN_POINT ( 'NONE',  ( -46.88834575110750791, -1.000000000000000000, -20.11967151655274222 ) ) ;
#3712 = CARTESIAN_POINT ( 'NONE',  ( -35.43079690484199773, 3.999999999999996447, 22.99502876617463087 ) ) ;
#3713 = DIRECTION ( 'NONE',  ( 5.743601251035592003E-16, 0.000000000000000000, -1.000000000000000000 ) ) ;
#3714 = CARTESIAN_POINT ( 'NONE',  ( 20.41165424889249280, 0.7500000000000002220, 37.38032848344725778 ) ) ;
#3715 = ORIENTED_EDGE ( 'NONE', *, *, #1606, .F. ) ;
#3716 = ORIENTED_EDGE ( 'NONE', *, *, #1103, .T. ) ;
#3717 = DIRECTION ( 'NONE',  ( 0.000000000000000000, 1.000000000000000000, 0.000000000000000000 ) ) ;
#3718 = ADVANCED_FACE ( 'NONE', ( #2557 ), #2576, .F. ) ;
#3719 = ADVANCED_FACE ( 'NONE', ( #3456 ), #1562, .F. ) ;
#3720 = ADVANCED_FACE ( 'NONE', ( #3030 ), #1209, .F. ) ;
#3721 = ORIENTED_EDGE ( 'NONE', *, *, #439, .T. ) ;
#3722 = EDGE_LOOP ( 'NONE', ( #1280, #2624, #3559, #1706 ) ) ;
#3723 = DIRECTION ( 'NONE',  ( -1.150183614340680878E-16, 0.000000000000000000, -1.000000000000000000 ) ) ;
#3724 = CARTESIAN_POINT ( 'NONE',  ( 37.68740930272802814, 7.724399999999999267, -23.12259788328396226 ) ) ;
#3725 = ADVANCED_FACE ( 'NONE', ( #2410 ), #1825, .F. ) ;
#3726 = ORIENTED_EDGE ( 'NONE', *, *, #657, .T. ) ;
#3727 = DIRECTION ( 'NONE',  ( -0.3886560633082943306, 0.000000000000000000, -0.9213829087050069422 ) ) ;
#3728 = LINE ( 'NONE', #1084, #3646 ) ;
#3729 = CYLINDRICAL_SURFACE ( 'NONE', #1111, 2.999999999999999112 ) ;
#3730 = EDGE_CURVE ( 'NONE', #2331, #216, #3215, .T. ) ;
#3731 = AXIS2_PLACEMENT_3D ( 'NONE', #36, #1225, #931 ) ;
#3732 = DIRECTION ( 'NONE',  ( 0.000000000000000000, 0.000000000000000000, 1.000000000000000000 ) ) ;
#3733 = AXIS2_PLACEMENT_3D ( 'NONE', #1393, #3707, #447 ) ;
#3734 = DIRECTION ( 'NONE',  ( -0.000000000000000000, 1.000000000000000000, -0.000000000000000000 ) ) ;
#3735 = VECTOR ( 'NONE', #2323, 1000.000000000000000 ) ;
#3736 = LINE ( 'NONE', #2865, #241 ) ;
#3737 = AXIS2_PLACEMENT_3D ( 'NONE', #373, #3011, #1564 ) ;
#3738 = ORIENTED_EDGE ( 'NONE', *, *, #2356, .F. ) ;
#3739 = ORIENTED_EDGE ( 'NONE', *, *, #3076, .F. ) ;
#3740 = CARTESIAN_POINT ( 'NONE',  ( -35.28834575110749938, 0.7500000000000002220, 7.380328483447256005 ) ) ;
#3741 = VERTEX_POINT ( 'NONE', #2110 ) ;
#3742 = ORIENTED_EDGE ( 'NONE', *, *, #1703, .F. ) ;
#3743 = DIRECTION ( 'NONE',  ( 0.000000000000000000, 1.000000000000000000, 0.000000000000000000 ) ) ;
#3744 = DIRECTION ( 'NONE',  ( 0.000000000000000000, 1.000000000000000000, 0.000000000000000000 ) ) ;
#3745 = VERTEX_POINT ( 'NONE', #3009 ) ;
#3746 = DIRECTION ( 'NONE',  ( -0.000000000000000000, -1.000000000000000000, -0.000000000000000000 ) ) ;
#3747 = VECTOR ( 'NONE', #836, 1000.000000000000000 ) ;
#3748 = CARTESIAN_POINT ( 'NONE',  ( 20.41165424889249280, 0.7500000000000002220, 34.88032848344725778 ) ) ;
#3749 = ADVANCED_FACE ( 'NONE', ( #312 ), #1866, .T. ) ;
#3750 = DIRECTION ( 'NONE',  ( 0.000000000000000000, 0.000000000000000000, 1.000000000000000000 ) ) ;
#3751 = CARTESIAN_POINT ( 'NONE',  ( 38.28871866063111185, 7.724400000000000155, -27.95416526608640240 ) ) ;
#3752 = EDGE_CURVE ( 'NONE', #3649, #1495, #3297, .T. ) ;
#3753 = PLANE ( 'NONE',  #2582 ) ;
#3754 = ORIENTED_EDGE ( 'NONE', *, *, #1086, .T. ) ;
#3755 = ORIENTED_EDGE ( 'NONE', *, *, #2806, .F. ) ;
#3756 = ORIENTED_EDGE ( 'NONE', *, *, #411, .F. ) ;
#3757 = LINE ( 'NONE', #1387, #3208 ) ;
#3758 = AXIS2_PLACEMENT_3D ( 'NONE', #1870, #3012, #83 ) ;
#3759 = VECTOR ( 'NONE', #3125, 1000.000000000000000 ) ;
#3760 = EDGE_LOOP ( 'NONE', ( #88, #723 ) ) ;
#3761 = ORIENTED_EDGE ( 'NONE', *, *, #450, .F. ) ;
#3762 = CARTESIAN_POINT ( 'NONE',  ( 47.26791729388745011, 4.000000000000000000, -19.51512416455346965 ) ) ;
#3763 = DIRECTION ( 'NONE',  ( -0.000000000000000000, 1.000000000000000000, -0.000000000000000000 ) ) ;
#3764 = CIRCLE ( 'NONE', #2096, 5.199999999999989519 ) ;
#3765 = ORIENTED_EDGE ( 'NONE', *, *, #3543, .T. ) ;
#3766 = DIRECTION ( 'NONE',  ( -0.000000000000000000, 1.000000000000000000, -0.000000000000000000 ) ) ;
#3767 = DIRECTION ( 'NONE',  ( -0.000000000000000000, 1.000000000000000000, -0.000000000000000000 ) ) ;
#3768 = DIRECTION ( 'NONE',  ( -0.000000000000000000, 1.000000000000000000, -0.000000000000000000 ) ) ;
#3769 = EDGE_CURVE ( 'NONE', #1018, #1470, #916, .T. ) ;
#3770 = PLANE ( 'NONE',  #787 ) ;
#3771 = CARTESIAN_POINT ( 'NONE',  ( -32.81071896081540018, 4.000000000000000000, 24.06048245696804955 ) ) ;
#3772 = CARTESIAN_POINT ( 'NONE',  ( 43.11165424889249209, 4.000000000000000000, -17.11967151655274222 ) ) ;
#3773 = VERTEX_POINT ( 'NONE', #3258 ) ;
#3774 = EDGE_CURVE ( 'NONE', #244, #1920, #3698, .T. ) ;
#3775 = FACE_OUTER_BOUND ( 'NONE', #55, .T. ) ;
#3776 = CARTESIAN_POINT ( 'NONE',  ( -29.48834575110749867, 4.000000000000000000, 21.13032848344725778 ) ) ;
#3777 = EDGE_LOOP ( 'NONE', ( #3074, #2471, #201, #3166 ) ) ;
#3778 = ORIENTED_EDGE ( 'NONE', *, *, #1493, .T. ) ;
#3779 = CARTESIAN_POINT ( 'NONE',  ( 25.59165424889250318, 3.000000000000000000, 12.52006816627309860 ) ) ;
#3780 = DIRECTION ( 'NONE',  ( -0.000000000000000000, 1.000000000000000000, -0.000000000000000000 ) ) ;
#3781 = ORIENTED_EDGE ( 'NONE', *, *, #2357, .F. ) ;
#3782 = LINE ( 'NONE', #514, #3449 ) ;
#3783 = DIRECTION ( 'NONE',  ( -0.000000000000000000, 1.000000000000000000, -0.000000000000000000 ) ) ;
#3784 = PLANE ( 'NONE',  #2808 ) ;
#3785 = CARTESIAN_POINT ( 'NONE',  ( 45.22081621357329340, -1.000000000000000000, -5.441304237393691956 ) ) ;
#3786 = CARTESIAN_POINT ( 'NONE',  ( -9.408345751107500377, 3.000000000000000000, 13.52006816627309504 ) ) ;
#3787 = CARTESIAN_POINT ( 'NONE',  ( 43.11165424889249209, 0.000000000000000000, -20.11967151655274222 ) ) ;
#3788 = AXIS2_PLACEMENT_3D ( 'NONE', #3104, #3049, #1579 ) ;
#3789 = VERTEX_POINT ( 'NONE', #333 ) ;
#3790 = ORIENTED_EDGE ( 'NONE', *, *, #2149, .T. ) ;
#3791 = VECTOR ( 'NONE', #3053, 1000.000000000000000 ) ;
#3792 = DIRECTION ( 'NONE',  ( 0.000000000000000000, 0.000000000000000000, 1.000000000000000000 ) ) ;
#3793 = VECTOR ( 'NONE', #1347, 1000.000000000000000 ) ;
#3794 = CARTESIAN_POINT ( 'NONE',  ( 41.11165424889248499, 4.000000000000000000, -6.369671516552745771 ) ) ;
#3795 = ORIENTED_EDGE ( 'NONE', *, *, #2637, .F. ) ;
#3796 = ORIENTED_EDGE ( 'NONE', *, *, #1901, .F. ) ;
#3797 = CARTESIAN_POINT ( 'NONE',  ( -24.35185267197165260, 4.000000000000000000, 39.08032848344725352 ) ) ;
#3798 = EDGE_CURVE ( 'NONE', #3506, #1692, #2031, .T. ) ;
#3799 = PLANE ( 'NONE',  #2364 ) ;
#3800 = ORIENTED_EDGE ( 'NONE', *, *, #2956, .T. ) ;
#3801 = CARTESIAN_POINT ( 'NONE',  ( 39.11165424889249209, 4.000000000000000000, 4.880328483447259558 ) ) ;
#3802 = ADVANCED_FACE ( 'NONE', ( #2131 ), #2427, .T. ) ;
#3803 = DIRECTION ( 'NONE',  ( 0.9213829087050068312, 0.000000000000000000, -0.3886560633082946081 ) ) ;
#3804 = ORIENTED_EDGE ( 'NONE', *, *, #627, .F. ) ;
#3805 = DIRECTION ( 'NONE',  ( -0.000000000000000000, 1.000000000000000000, -0.000000000000000000 ) ) ;
#3806 = CARTESIAN_POINT ( 'NONE',  ( -41.17577171713647033, -1.000000000000000000, -22.52933910906416415 ) ) ;
#3807 = DIRECTION ( 'NONE',  ( -0.000000000000000000, 1.000000000000000000, -0.000000000000000000 ) ) ;
#3808 = AXIS2_PLACEMENT_3D ( 'NONE', #1106, #1367, #2289 ) ;
#3809 = VERTEX_POINT ( 'NONE', #2653 ) ;
#3810 = DIRECTION ( 'NONE',  ( -1.000000000000000000, -0.000000000000000000, 1.442598344080972573E-16 ) ) ;
#3811 = DIRECTION ( 'NONE',  ( 0.000000000000000000, 1.000000000000000000, 0.000000000000000000 ) ) ;
#3812 = ORIENTED_EDGE ( 'NONE', *, *, #509, .F. ) ;
#3813 = AXIS2_PLACEMENT_3D ( 'NONE', #141, #3701, #2540 ) ;
#3814 = CARTESIAN_POINT ( 'NONE',  ( 35.97672284755361005, 8.000000000000000000, 41.08032848344724641 ) ) ;
#3815 = VECTOR ( 'NONE', #2361, 1000.000000000000227 ) ;
#3816 = EDGE_CURVE ( 'NONE', #1336, #3809, #1784, .T. ) ;
#3817 = FACE_BOUND ( 'NONE', #565, .T. ) ;
#3818 = VECTOR ( 'NONE', #1970, 1000.000000000000000 ) ;
#3819 = CIRCLE ( 'NONE', #1173, 2.499999999999994671 ) ;
#3820 = ORIENTED_EDGE ( 'NONE', *, *, #575, .F. ) ;
#3821 = CARTESIAN_POINT ( 'NONE',  ( -46.88834575110750791, 8.000000000000000000, -20.11967151655274222 ) ) ;
#3822 = ADVANCED_FACE ( 'NONE', ( #3316 ), #2092, .T. ) ;
#3823 = CARTESIAN_POINT ( 'NONE',  ( 42.88179372071899564, 3.999999999999996447, 24.53416863256988734 ) ) ;
#3824 = AXIS2_PLACEMENT_3D ( 'NONE', #3410, #2588, #3391 ) ;
#3825 = CARTESIAN_POINT ( 'NONE',  ( -9.408345751107500377, 7.724400000000000155, -32.47993183372690140 ) ) ;
#3826 = LINE ( 'NONE', #562, #1581 ) ;
#3827 = DIRECTION ( 'NONE',  ( 0.1439398457141108922, -0.000000000000000000, -0.9895864392845113988 ) ) ;
ENDSEC;
END-ISO-10303-21;
