ISO-10303-21;
HEADER;
FILE_DESCRIPTION( ( 'Unknown' ), '1' );
FILE_NAME( 'C:/Users/chwallace/Desktop/CBJR70.stp', 'Unknown', ( 'Unknown' ), ( 'Unknown' ), 'PSStep 14.0', 'Unknown', '  ' );
FILE_SCHEMA( ( 'AUTOMOTIVE_DESIGN { 1 0 10303 214 1 1 1 1 }' ) );
ENDSEC;
DATA;
#1 = MECHANICAL_DESIGN_GEOMETRIC_PRESENTATION_REPRESENTATION( ' ', ( #10, #11, #12, #13, #14, #15, #16, #17, #18, #19, #20, #21, #22, #23, #24, #25, #26, #27, #28, #29, #30, #31, #32, #33, #34, #35, #36, #37, #38, #39, #40, #41, #42, #43, #44, #45, #46, #47, #48, #49, #50, #51, #52, #53, #54, #55, #56, #57, #58, #59, #60, #61, #62, #63, #64, #65, #66, #67, #68, #69, #70, #71, #72, #73, #74, #75, #76, #77, #78, #79, #80, #81, #82, #83, #84, #85, #86, #87, #88, #89, #90, #91, #92 ), #6 );
#2 = PRODUCT_DEFINITION_CONTEXT( '', #93, 'design' );
#3 = APPLICATION_PROTOCOL_DEFINITION( 'international standard', 'automotive_design', 2001, #93 );
#4 = PRODUCT_CATEGORY_RELATIONSHIP( 'NONE', 'NONE', #94, #95 );
#5 = SHAPE_DEFINITION_REPRESENTATION( #96, #97 );
#6 =  ( GEOMETRIC_REPRESENTATION_CONTEXT( 3 )GLOBAL_UNCERTAINTY_ASSIGNED_CONTEXT( ( #100 ) )GLOBAL_UNIT_ASSIGNED_CONTEXT( ( #102, #103, #104 ) )REPRESENTATION_CONTEXT( 'NONE', 'WORKSPACE' ) );
#10 = STYLED_ITEM( '', ( #106 ), #107 );
#11 = STYLED_ITEM( '', ( #108 ), #109 );
#12 = STYLED_ITEM( '', ( #110 ), #111 );
#13 = STYLED_ITEM( '', ( #112 ), #113 );
#14 = STYLED_ITEM( '', ( #114 ), #115 );
#15 = STYLED_ITEM( '', ( #116 ), #117 );
#16 = STYLED_ITEM( '', ( #118 ), #119 );
#17 = STYLED_ITEM( '', ( #120 ), #121 );
#18 = STYLED_ITEM( '', ( #122 ), #123 );
#19 = STYLED_ITEM( '', ( #124 ), #125 );
#20 = STYLED_ITEM( '', ( #126 ), #127 );
#21 = STYLED_ITEM( '', ( #128 ), #129 );
#22 = STYLED_ITEM( '', ( #130 ), #131 );
#23 = STYLED_ITEM( '', ( #132 ), #133 );
#24 = STYLED_ITEM( '', ( #134 ), #135 );
#25 = STYLED_ITEM( '', ( #136 ), #137 );
#26 = STYLED_ITEM( '', ( #138 ), #139 );
#27 = STYLED_ITEM( '', ( #140 ), #141 );
#28 = STYLED_ITEM( '', ( #142 ), #143 );
#29 = STYLED_ITEM( '', ( #144 ), #145 );
#30 = STYLED_ITEM( '', ( #146 ), #147 );
#31 = STYLED_ITEM( '', ( #148 ), #149 );
#32 = STYLED_ITEM( '', ( #150 ), #151 );
#33 = STYLED_ITEM( '', ( #152 ), #153 );
#34 = STYLED_ITEM( '', ( #154 ), #155 );
#35 = STYLED_ITEM( '', ( #156 ), #157 );
#36 = STYLED_ITEM( '', ( #158 ), #159 );
#37 = STYLED_ITEM( '', ( #160 ), #161 );
#38 = STYLED_ITEM( '', ( #162 ), #163 );
#39 = STYLED_ITEM( '', ( #164 ), #165 );
#40 = STYLED_ITEM( '', ( #166 ), #167 );
#41 = STYLED_ITEM( '', ( #168 ), #169 );
#42 = STYLED_ITEM( '', ( #170 ), #171 );
#43 = STYLED_ITEM( '', ( #172 ), #173 );
#44 = STYLED_ITEM( '', ( #174 ), #175 );
#45 = STYLED_ITEM( '', ( #176 ), #177 );
#46 = STYLED_ITEM( '', ( #178 ), #179 );
#47 = STYLED_ITEM( '', ( #180 ), #181 );
#48 = STYLED_ITEM( '', ( #182 ), #183 );
#49 = STYLED_ITEM( '', ( #184 ), #185 );
#50 = STYLED_ITEM( '', ( #186 ), #187 );
#51 = STYLED_ITEM( '', ( #188 ), #189 );
#52 = STYLED_ITEM( '', ( #190 ), #191 );
#53 = STYLED_ITEM( '', ( #192 ), #193 );
#54 = STYLED_ITEM( '', ( #194 ), #195 );
#55 = STYLED_ITEM( '', ( #196 ), #197 );
#56 = STYLED_ITEM( '', ( #198 ), #199 );
#57 = STYLED_ITEM( '', ( #200 ), #201 );
#58 = STYLED_ITEM( '', ( #202 ), #203 );
#59 = STYLED_ITEM( '', ( #204 ), #205 );
#60 = STYLED_ITEM( '', ( #206 ), #207 );
#61 = STYLED_ITEM( '', ( #208 ), #209 );
#62 = STYLED_ITEM( '', ( #210 ), #211 );
#63 = STYLED_ITEM( '', ( #212 ), #213 );
#64 = STYLED_ITEM( '', ( #214 ), #215 );
#65 = STYLED_ITEM( '', ( #216 ), #217 );
#66 = STYLED_ITEM( '', ( #218 ), #219 );
#67 = STYLED_ITEM( '', ( #220 ), #221 );
#68 = STYLED_ITEM( '', ( #222 ), #223 );
#69 = STYLED_ITEM( '', ( #224 ), #225 );
#70 = STYLED_ITEM( '', ( #226 ), #227 );
#71 = STYLED_ITEM( '', ( #228 ), #229 );
#72 = STYLED_ITEM( '', ( #230 ), #231 );
#73 = STYLED_ITEM( '', ( #232 ), #233 );
#74 = STYLED_ITEM( '', ( #234 ), #235 );
#75 = STYLED_ITEM( '', ( #236 ), #237 );
#76 = STYLED_ITEM( '', ( #238 ), #239 );
#77 = STYLED_ITEM( '', ( #240 ), #241 );
#78 = STYLED_ITEM( '', ( #242 ), #243 );
#79 = STYLED_ITEM( '', ( #244 ), #245 );
#80 = STYLED_ITEM( '', ( #246 ), #247 );
#81 = STYLED_ITEM( '', ( #248 ), #249 );
#82 = STYLED_ITEM( '', ( #250 ), #251 );
#83 = STYLED_ITEM( '', ( #252 ), #253 );
#84 = STYLED_ITEM( '', ( #254 ), #255 );
#85 = STYLED_ITEM( '', ( #256 ), #257 );
#86 = STYLED_ITEM( '', ( #258 ), #259 );
#87 = STYLED_ITEM( '', ( #260 ), #261 );
#88 = STYLED_ITEM( '', ( #262 ), #263 );
#89 = STYLED_ITEM( '', ( #264 ), #265 );
#90 = STYLED_ITEM( '', ( #266 ), #267 );
#91 = STYLED_ITEM( '', ( #268 ), #269 );
#92 = STYLED_ITEM( '', ( #270 ), #271 );
#93 = APPLICATION_CONTEXT( 'core data for automotive mechanical design processes' );
#94 = PRODUCT_CATEGORY( 'part', 'NONE' );
#95 = PRODUCT_RELATED_PRODUCT_CATEGORY( 'detail', ' ', ( #272 ) );
#96 = PRODUCT_DEFINITION_SHAPE( 'NONE', 'NONE', #273 );
#97 = ADVANCED_BREP_SHAPE_REPRESENTATION( '1', ( #274, #275 ), #6 );
#100 = UNCERTAINTY_MEASURE_WITH_UNIT( LENGTH_MEASURE( 0.00100000000000000 ), #102, '', '' );
#102 =  ( CONVERSION_BASED_UNIT( 'MILLIMETRE', #278 )LENGTH_UNIT(  )NAMED_UNIT( #281 ) );
#103 =  ( NAMED_UNIT( #283 )PLANE_ANGLE_UNIT(  )SI_UNIT( $, .RADIAN. ) );
#104 =  ( NAMED_UNIT( #283 )SI_UNIT( $, .STERADIAN. )SOLID_ANGLE_UNIT(  ) );
#106 = PRESENTATION_STYLE_ASSIGNMENT( ( #289 ) );
#107 = ADVANCED_FACE( '', ( #290 ), #291, .T. );
#108 = PRESENTATION_STYLE_ASSIGNMENT( ( #292 ) );
#109 = ADVANCED_FACE( '', ( #293 ), #294, .F. );
#110 = PRESENTATION_STYLE_ASSIGNMENT( ( #295 ) );
#111 = ADVANCED_FACE( '', ( #296 ), #297, .F. );
#112 = PRESENTATION_STYLE_ASSIGNMENT( ( #298 ) );
#113 = ADVANCED_FACE( '', ( #299, #300 ), #301, .T. );
#114 = PRESENTATION_STYLE_ASSIGNMENT( ( #302 ) );
#115 = ADVANCED_FACE( '', ( #303 ), #304, .F. );
#116 = PRESENTATION_STYLE_ASSIGNMENT( ( #305 ) );
#117 = ADVANCED_FACE( '', ( #306, #307 ), #308, .T. );
#118 = PRESENTATION_STYLE_ASSIGNMENT( ( #309 ) );
#119 = ADVANCED_FACE( '', ( #310 ), #311, .T. );
#120 = PRESENTATION_STYLE_ASSIGNMENT( ( #312 ) );
#121 = ADVANCED_FACE( '', ( #313, #314 ), #315, .F. );
#122 = PRESENTATION_STYLE_ASSIGNMENT( ( #316 ) );
#123 = ADVANCED_FACE( '', ( #317 ), #318, .T. );
#124 = PRESENTATION_STYLE_ASSIGNMENT( ( #319 ) );
#125 = ADVANCED_FACE( '', ( #320, #321 ), #322, .F. );
#126 = PRESENTATION_STYLE_ASSIGNMENT( ( #323 ) );
#127 = ADVANCED_FACE( '', ( #324, #325 ), #326, .F. );
#128 = PRESENTATION_STYLE_ASSIGNMENT( ( #327 ) );
#129 = ADVANCED_FACE( '', ( #328, #329 ), #330, .F. );
#130 = PRESENTATION_STYLE_ASSIGNMENT( ( #331 ) );
#131 = ADVANCED_FACE( '', ( #332 ), #333, .F. );
#132 = PRESENTATION_STYLE_ASSIGNMENT( ( #334 ) );
#133 = ADVANCED_FACE( '', ( #335 ), #336, .F. );
#134 = PRESENTATION_STYLE_ASSIGNMENT( ( #337 ) );
#135 = ADVANCED_FACE( '', ( #338 ), #339, .T. );
#136 = PRESENTATION_STYLE_ASSIGNMENT( ( #340 ) );
#137 = ADVANCED_FACE( '', ( #341 ), #342, .F. );
#138 = PRESENTATION_STYLE_ASSIGNMENT( ( #343 ) );
#139 = ADVANCED_FACE( '', ( #344 ), #345, .T. );
#140 = PRESENTATION_STYLE_ASSIGNMENT( ( #346 ) );
#141 = ADVANCED_FACE( '', ( #347, #348 ), #349, .F. );
#142 = PRESENTATION_STYLE_ASSIGNMENT( ( #350 ) );
#143 = ADVANCED_FACE( '', ( #351 ), #352, .F. );
#144 = PRESENTATION_STYLE_ASSIGNMENT( ( #353 ) );
#145 = ADVANCED_FACE( '', ( #354 ), #355, .T. );
#146 = PRESENTATION_STYLE_ASSIGNMENT( ( #356 ) );
#147 = ADVANCED_FACE( '', ( #357 ), #358, .T. );
#148 = PRESENTATION_STYLE_ASSIGNMENT( ( #359 ) );
#149 = ADVANCED_FACE( '', ( #360 ), #361, .T. );
#150 = PRESENTATION_STYLE_ASSIGNMENT( ( #362 ) );
#151 = ADVANCED_FACE( '', ( #363 ), #364, .T. );
#152 = PRESENTATION_STYLE_ASSIGNMENT( ( #365 ) );
#153 = ADVANCED_FACE( '', ( #366, #367 ), #368, .F. );
#154 = PRESENTATION_STYLE_ASSIGNMENT( ( #369 ) );
#155 = ADVANCED_FACE( '', ( #370 ), #371, .T. );
#156 = PRESENTATION_STYLE_ASSIGNMENT( ( #372 ) );
#157 = ADVANCED_FACE( '', ( #373, #374 ), #375, .T. );
#158 = PRESENTATION_STYLE_ASSIGNMENT( ( #376 ) );
#159 = ADVANCED_FACE( '', ( #377 ), #378, .F. );
#160 = PRESENTATION_STYLE_ASSIGNMENT( ( #379 ) );
#161 = ADVANCED_FACE( '', ( #380, #381 ), #382, .F. );
#162 = PRESENTATION_STYLE_ASSIGNMENT( ( #383 ) );
#163 = ADVANCED_FACE( '', ( #384 ), #385, .F. );
#164 = PRESENTATION_STYLE_ASSIGNMENT( ( #386 ) );
#165 = ADVANCED_FACE( '', ( #387 ), #388, .T. );
#166 = PRESENTATION_STYLE_ASSIGNMENT( ( #389 ) );
#167 = ADVANCED_FACE( '', ( #390 ), #391, .F. );
#168 = PRESENTATION_STYLE_ASSIGNMENT( ( #392 ) );
#169 = ADVANCED_FACE( '', ( #393 ), #394, .F. );
#170 = PRESENTATION_STYLE_ASSIGNMENT( ( #395 ) );
#171 = ADVANCED_FACE( '', ( #396 ), #397, .F. );
#172 = PRESENTATION_STYLE_ASSIGNMENT( ( #398 ) );
#173 = ADVANCED_FACE( '', ( #399 ), #400, .T. );
#174 = PRESENTATION_STYLE_ASSIGNMENT( ( #401 ) );
#175 = ADVANCED_FACE( '', ( #402 ), #403, .T. );
#176 = PRESENTATION_STYLE_ASSIGNMENT( ( #404 ) );
#177 = ADVANCED_FACE( '', ( #405, #406 ), #407, .T. );
#178 = PRESENTATION_STYLE_ASSIGNMENT( ( #408 ) );
#179 = ADVANCED_FACE( '', ( #409 ), #410, .T. );
#180 = PRESENTATION_STYLE_ASSIGNMENT( ( #411 ) );
#181 = ADVANCED_FACE( '', ( #412 ), #413, .F. );
#182 = PRESENTATION_STYLE_ASSIGNMENT( ( #414 ) );
#183 = ADVANCED_FACE( '', ( #415 ), #416, .F. );
#184 = PRESENTATION_STYLE_ASSIGNMENT( ( #417 ) );
#185 = ADVANCED_FACE( '', ( #418, #419 ), #420, .F. );
#186 = PRESENTATION_STYLE_ASSIGNMENT( ( #421 ) );
#187 = ADVANCED_FACE( '', ( #422 ), #423, .T. );
#188 = PRESENTATION_STYLE_ASSIGNMENT( ( #424 ) );
#189 = ADVANCED_FACE( '', ( #425, #426 ), #427, .F. );
#190 = PRESENTATION_STYLE_ASSIGNMENT( ( #428 ) );
#191 = ADVANCED_FACE( '', ( #429 ), #430, .F. );
#192 = PRESENTATION_STYLE_ASSIGNMENT( ( #431 ) );
#193 = ADVANCED_FACE( '', ( #432, #433 ), #434, .T. );
#194 = PRESENTATION_STYLE_ASSIGNMENT( ( #435 ) );
#195 = ADVANCED_FACE( '', ( #436, #437 ), #438, .F. );
#196 = PRESENTATION_STYLE_ASSIGNMENT( ( #439 ) );
#197 = ADVANCED_FACE( '', ( #440, #441, #442, #443 ), #444, .T. );
#198 = PRESENTATION_STYLE_ASSIGNMENT( ( #445 ) );
#199 = ADVANCED_FACE( '', ( #446 ), #447, .F. );
#200 = PRESENTATION_STYLE_ASSIGNMENT( ( #448 ) );
#201 = ADVANCED_FACE( '', ( #449 ), #450, .F. );
#202 = PRESENTATION_STYLE_ASSIGNMENT( ( #451 ) );
#203 = ADVANCED_FACE( '', ( #452, #453 ), #454, .T. );
#204 = PRESENTATION_STYLE_ASSIGNMENT( ( #455 ) );
#205 = ADVANCED_FACE( '', ( #456 ), #457, .F. );
#206 = PRESENTATION_STYLE_ASSIGNMENT( ( #458 ) );
#207 = ADVANCED_FACE( '', ( #459, #460 ), #461, .F. );
#208 = PRESENTATION_STYLE_ASSIGNMENT( ( #462 ) );
#209 = ADVANCED_FACE( '', ( #463 ), #464, .F. );
#210 = PRESENTATION_STYLE_ASSIGNMENT( ( #465 ) );
#211 = ADVANCED_FACE( '', ( #466, #467 ), #468, .T. );
#212 = PRESENTATION_STYLE_ASSIGNMENT( ( #469 ) );
#213 = ADVANCED_FACE( '', ( #470 ), #471, .T. );
#214 = PRESENTATION_STYLE_ASSIGNMENT( ( #472 ) );
#215 = ADVANCED_FACE( '', ( #473, #474 ), #475, .F. );
#216 = PRESENTATION_STYLE_ASSIGNMENT( ( #476 ) );
#217 = ADVANCED_FACE( '', ( #477, #478 ), #479, .F. );
#218 = PRESENTATION_STYLE_ASSIGNMENT( ( #480 ) );
#219 = ADVANCED_FACE( '', ( #481 ), #482, .T. );
#220 = PRESENTATION_STYLE_ASSIGNMENT( ( #483 ) );
#221 = ADVANCED_FACE( '', ( #484 ), #485, .T. );
#222 = PRESENTATION_STYLE_ASSIGNMENT( ( #486 ) );
#223 = ADVANCED_FACE( '', ( #487 ), #488, .T. );
#224 = PRESENTATION_STYLE_ASSIGNMENT( ( #489 ) );
#225 = ADVANCED_FACE( '', ( #490, #491 ), #492, .F. );
#226 = PRESENTATION_STYLE_ASSIGNMENT( ( #493 ) );
#227 = ADVANCED_FACE( '', ( #494 ), #495, .F. );
#228 = PRESENTATION_STYLE_ASSIGNMENT( ( #496 ) );
#229 = ADVANCED_FACE( '', ( #497 ), #498, .T. );
#230 = PRESENTATION_STYLE_ASSIGNMENT( ( #499 ) );
#231 = ADVANCED_FACE( '', ( #500 ), #501, .F. );
#232 = PRESENTATION_STYLE_ASSIGNMENT( ( #502 ) );
#233 = ADVANCED_FACE( '', ( #503, #504 ), #505, .F. );
#234 = PRESENTATION_STYLE_ASSIGNMENT( ( #506 ) );
#235 = ADVANCED_FACE( '', ( #507, #508 ), #509, .T. );
#236 = PRESENTATION_STYLE_ASSIGNMENT( ( #510 ) );
#237 = ADVANCED_FACE( '', ( #511 ), #512, .T. );
#238 = PRESENTATION_STYLE_ASSIGNMENT( ( #513 ) );
#239 = ADVANCED_FACE( '', ( #514 ), #515, .F. );
#240 = PRESENTATION_STYLE_ASSIGNMENT( ( #516 ) );
#241 = ADVANCED_FACE( '', ( #517 ), #518, .F. );
#242 = PRESENTATION_STYLE_ASSIGNMENT( ( #519 ) );
#243 = ADVANCED_FACE( '', ( #520 ), #521, .T. );
#244 = PRESENTATION_STYLE_ASSIGNMENT( ( #522 ) );
#245 = ADVANCED_FACE( '', ( #523, #524 ), #525, .T. );
#246 = PRESENTATION_STYLE_ASSIGNMENT( ( #526 ) );
#247 = ADVANCED_FACE( '', ( #527, #528 ), #529, .T. );
#248 = PRESENTATION_STYLE_ASSIGNMENT( ( #530 ) );
#249 = ADVANCED_FACE( '', ( #531 ), #532, .F. );
#250 = PRESENTATION_STYLE_ASSIGNMENT( ( #533 ) );
#251 = ADVANCED_FACE( '', ( #534 ), #535, .F. );
#252 = PRESENTATION_STYLE_ASSIGNMENT( ( #536 ) );
#253 = ADVANCED_FACE( '', ( #537 ), #538, .F. );
#254 = PRESENTATION_STYLE_ASSIGNMENT( ( #539 ) );
#255 = ADVANCED_FACE( '', ( #540 ), #541, .T. );
#256 = PRESENTATION_STYLE_ASSIGNMENT( ( #542 ) );
#257 = ADVANCED_FACE( '', ( #543 ), #544, .T. );
#258 = PRESENTATION_STYLE_ASSIGNMENT( ( #545 ) );
#259 = ADVANCED_FACE( '', ( #546, #547 ), #548, .F. );
#260 = PRESENTATION_STYLE_ASSIGNMENT( ( #549 ) );
#261 = ADVANCED_FACE( '', ( #550 ), #551, .F. );
#262 = PRESENTATION_STYLE_ASSIGNMENT( ( #552 ) );
#263 = ADVANCED_FACE( '', ( #553, #554 ), #555, .F. );
#264 = PRESENTATION_STYLE_ASSIGNMENT( ( #556 ) );
#265 = ADVANCED_FACE( '', ( #557 ), #558, .F. );
#266 = PRESENTATION_STYLE_ASSIGNMENT( ( #559 ) );
#267 = ADVANCED_FACE( '', ( #560 ), #561, .T. );
#268 = PRESENTATION_STYLE_ASSIGNMENT( ( #562 ) );
#269 = ADVANCED_FACE( '', ( #563 ), #564, .F. );
#270 = PRESENTATION_STYLE_ASSIGNMENT( ( #565 ) );
#271 = ADVANCED_FACE( '', ( #566 ), #567, .T. );
#272 = PRODUCT( '1', '1', 'PART-1-DESC', ( #568 ) );
#273 = PRODUCT_DEFINITION( 'NONE', 'NONE', #569, #2 );
#274 = MANIFOLD_SOLID_BREP( '1', #570 );
#275 = AXIS2_PLACEMENT_3D( '', #571, #572, #573 );
#278 = LENGTH_MEASURE_WITH_UNIT( LENGTH_MEASURE( 1.00000000000000 ), #574 );
#281 = DIMENSIONAL_EXPONENTS( 1.00000000000000, 0.000000000000000, 0.000000000000000, 0.000000000000000, 0.000000000000000, 0.000000000000000, 0.000000000000000 );
#283 = DIMENSIONAL_EXPONENTS( 0.000000000000000, 0.000000000000000, 0.000000000000000, 0.000000000000000, 0.000000000000000, 0.000000000000000, 0.000000000000000 );
#289 = SURFACE_STYLE_USAGE( .BOTH., #575 );
#290 = FACE_OUTER_BOUND( '', #576, .T. );
#291 = PLANE( '', #577 );
#292 = SURFACE_STYLE_USAGE( .BOTH., #578 );
#293 = FACE_OUTER_BOUND( '', #579, .T. );
#294 = PLANE( '', #580 );
#295 = SURFACE_STYLE_USAGE( .BOTH., #581 );
#296 = FACE_OUTER_BOUND( '', #582, .T. );
#297 = PLANE( '', #583 );
#298 = SURFACE_STYLE_USAGE( .BOTH., #584 );
#299 = FACE_OUTER_BOUND( '', #585, .T. );
#300 = FACE_OUTER_BOUND( '', #586, .T. );
#301 = CYLINDRICAL_SURFACE( '', #587, 0.990600000000000 );
#302 = SURFACE_STYLE_USAGE( .BOTH., #588 );
#303 = FACE_OUTER_BOUND( '', #589, .T. );
#304 = TOROIDAL_SURFACE( '', #590, 9.14400000000000, 4.44500000000000 );
#305 = SURFACE_STYLE_USAGE( .BOTH., #591 );
#306 = FACE_OUTER_BOUND( '', #592, .T. );
#307 = FACE_OUTER_BOUND( '', #593, .T. );
#308 = CYLINDRICAL_SURFACE( '', #594, 2.50190000000000 );
#309 = SURFACE_STYLE_USAGE( .BOTH., #595 );
#310 = FACE_OUTER_BOUND( '', #596, .T. );
#311 = PLANE( '', #597 );
#312 = SURFACE_STYLE_USAGE( .BOTH., #598 );
#313 = FACE_OUTER_BOUND( '', #599, .T. );
#314 = FACE_OUTER_BOUND( '', #600, .T. );
#315 = CYLINDRICAL_SURFACE( '', #601, 2.15900000000000 );
#316 = SURFACE_STYLE_USAGE( .BOTH., #602 );
#317 = FACE_OUTER_BOUND( '', #603, .T. );
#318 = PLANE( '', #604 );
#319 = SURFACE_STYLE_USAGE( .BOTH., #605 );
#320 = FACE_BOUND( '', #606, .T. );
#321 = FACE_OUTER_BOUND( '', #607, .T. );
#322 = PLANE( '', #608 );
#323 = SURFACE_STYLE_USAGE( .BOTH., #609 );
#324 = FACE_BOUND( '', #610, .T. );
#325 = FACE_OUTER_BOUND( '', #611, .T. );
#326 = PLANE( '', #612 );
#327 = SURFACE_STYLE_USAGE( .BOTH., #613 );
#328 = FACE_BOUND( '', #614, .T. );
#329 = FACE_OUTER_BOUND( '', #615, .T. );
#330 = PLANE( '', #616 );
#331 = SURFACE_STYLE_USAGE( .BOTH., #617 );
#332 = FACE_OUTER_BOUND( '', #618, .T. );
#333 = PLANE( '', #619 );
#334 = SURFACE_STYLE_USAGE( .BOTH., #620 );
#335 = FACE_OUTER_BOUND( '', #621, .T. );
#336 = PLANE( '', #622 );
#337 = SURFACE_STYLE_USAGE( .BOTH., #623 );
#338 = FACE_OUTER_BOUND( '', #624, .T. );
#339 = SPHERICAL_SURFACE( '', #625, 0.711200000000000 );
#340 = SURFACE_STYLE_USAGE( .BOTH., #626 );
#341 = FACE_OUTER_BOUND( '', #627, .T. );
#342 = CYLINDRICAL_SURFACE( '', #628, 1.98120000000000 );
#343 = SURFACE_STYLE_USAGE( .BOTH., #629 );
#344 = FACE_OUTER_BOUND( '', #630, .T. );
#345 = CYLINDRICAL_SURFACE( '', #631, 2.75590000000000 );
#346 = SURFACE_STYLE_USAGE( .BOTH., #632 );
#347 = FACE_BOUND( '', #633, .T. );
#348 = FACE_OUTER_BOUND( '', #634, .T. );
#349 = CONICAL_SURFACE( '', #635, 2.28600000000000, 0.0285636578387600 );
#350 = SURFACE_STYLE_USAGE( .BOTH., #636 );
#351 = FACE_OUTER_BOUND( '', #637, .T. );
#352 = PLANE( '', #638 );
#353 = SURFACE_STYLE_USAGE( .BOTH., #639 );
#354 = FACE_OUTER_BOUND( '', #640, .T. );
#355 = PLANE( '', #641 );
#356 = SURFACE_STYLE_USAGE( .BOTH., #642 );
#357 = FACE_OUTER_BOUND( '', #643, .T. );
#358 = PLANE( '', #644 );
#359 = SURFACE_STYLE_USAGE( .BOTH., #645 );
#360 = FACE_OUTER_BOUND( '', #646, .T. );
#361 = PLANE( '', #647 );
#362 = SURFACE_STYLE_USAGE( .BOTH., #648 );
#363 = FACE_OUTER_BOUND( '', #649, .T. );
#364 = PLANE( '', #650 );
#365 = SURFACE_STYLE_USAGE( .BOTH., #651 );
#366 = FACE_BOUND( '', #652, .T. );
#367 = FACE_OUTER_BOUND( '', #653, .T. );
#368 = CONICAL_SURFACE( '', #654, 0.520700000000000, 1.02974425867666 );
#369 = SURFACE_STYLE_USAGE( .BOTH., #655 );
#370 = FACE_OUTER_BOUND( '', #656, .T. );
#371 = PLANE( '', #657 );
#372 = SURFACE_STYLE_USAGE( .BOTH., #658 );
#373 = FACE_OUTER_BOUND( '', #659, .T. );
#374 = FACE_BOUND( '', #660, .T. );
#375 = CONICAL_SURFACE( '', #661, 2.93011818975501, 1.04719755119660 );
#376 = SURFACE_STYLE_USAGE( .BOTH., #662 );
#377 = FACE_OUTER_BOUND( '', #663, .T. );
#378 = PLANE( '', #664 );
#379 = SURFACE_STYLE_USAGE( .BOTH., #665 );
#380 = FACE_BOUND( '', #666, .T. );
#381 = FACE_OUTER_BOUND( '', #667, .T. );
#382 = PLANE( '', #668 );
#383 = SURFACE_STYLE_USAGE( .BOTH., #669 );
#384 = FACE_OUTER_BOUND( '', #670, .T. );
#385 = CYLINDRICAL_SURFACE( '', #671, 1.98120000000000 );
#386 = SURFACE_STYLE_USAGE( .BOTH., #672 );
#387 = FACE_OUTER_BOUND( '', #673, .T. );
#388 = PLANE( '', #674 );
#389 = SURFACE_STYLE_USAGE( .BOTH., #675 );
#390 = FACE_OUTER_BOUND( '', #676, .T. );
#391 = PLANE( '', #677 );
#392 = SURFACE_STYLE_USAGE( .BOTH., #678 );
#393 = FACE_OUTER_BOUND( '', #679, .T. );
#394 = PLANE( '', #680 );
#395 = SURFACE_STYLE_USAGE( .BOTH., #681 );
#396 = FACE_OUTER_BOUND( '', #682, .T. );
#397 = PLANE( '', #683 );
#398 = SURFACE_STYLE_USAGE( .BOTH., #684 );
#399 = FACE_OUTER_BOUND( '', #685, .T. );
#400 = PLANE( '', #686 );
#401 = SURFACE_STYLE_USAGE( .BOTH., #687 );
#402 = FACE_OUTER_BOUND( '', #688, .T. );
#403 = PLANE( '', #689 );
#404 = SURFACE_STYLE_USAGE( .BOTH., #690 );
#405 = FACE_OUTER_BOUND( '', #691, .T. );
#406 = FACE_OUTER_BOUND( '', #692, .T. );
#407 = CYLINDRICAL_SURFACE( '', #693, 4.82600000000000 );
#408 = SURFACE_STYLE_USAGE( .BOTH., #694 );
#409 = FACE_OUTER_BOUND( '', #695, .T. );
#410 = PLANE( '', #696 );
#411 = SURFACE_STYLE_USAGE( .BOTH., #697 );
#412 = FACE_OUTER_BOUND( '', #698, .T. );
#413 = PLANE( '', #699 );
#414 = SURFACE_STYLE_USAGE( .BOTH., #700 );
#415 = FACE_OUTER_BOUND( '', #701, .T. );
#416 = PLANE( '', #702 );
#417 = SURFACE_STYLE_USAGE( .BOTH., #703 );
#418 = FACE_BOUND( '', #704, .T. );
#419 = FACE_OUTER_BOUND( '', #705, .T. );
#420 = PLANE( '', #706 );
#421 = SURFACE_STYLE_USAGE( .BOTH., #707 );
#422 = FACE_OUTER_BOUND( '', #708, .T. );
#423 = PLANE( '', #709 );
#424 = SURFACE_STYLE_USAGE( .BOTH., #710 );
#425 = FACE_BOUND( '', #711, .T. );
#426 = FACE_OUTER_BOUND( '', #712, .T. );
#427 = CONICAL_SURFACE( '', #713, 4.06400000000000, 0.769526480405658 );
#428 = SURFACE_STYLE_USAGE( .BOTH., #714 );
#429 = FACE_OUTER_BOUND( '', #715, .T. );
#430 = TOROIDAL_SURFACE( '', #716, 9.14400000000000, 4.44500000000000 );
#431 = SURFACE_STYLE_USAGE( .BOTH., #717 );
#432 = FACE_OUTER_BOUND( '', #718, .T. );
#433 = FACE_OUTER_BOUND( '', #719, .T. );
#434 = CYLINDRICAL_SURFACE( '', #720, 0.990600000000000 );
#435 = SURFACE_STYLE_USAGE( .BOTH., #721 );
#436 = FACE_BOUND( '', #722, .T. );
#437 = FACE_OUTER_BOUND( '', #723, .T. );
#438 = PLANE( '', #724 );
#439 = SURFACE_STYLE_USAGE( .BOTH., #725 );
#440 = FACE_BOUND( '', #726, .T. );
#441 = FACE_BOUND( '', #727, .T. );
#442 = FACE_OUTER_BOUND( '', #728, .T. );
#443 = FACE_OUTER_BOUND( '', #729, .T. );
#444 = CYLINDRICAL_SURFACE( '', #730, 3.81000000000000 );
#445 = SURFACE_STYLE_USAGE( .BOTH., #731 );
#446 = FACE_OUTER_BOUND( '', #732, .T. );
#447 = CYLINDRICAL_SURFACE( '', #733, 1.27000000000000 );
#448 = SURFACE_STYLE_USAGE( .BOTH., #734 );
#449 = FACE_OUTER_BOUND( '', #735, .T. );
#450 = PLANE( '', #736 );
#451 = SURFACE_STYLE_USAGE( .BOTH., #737 );
#452 = FACE_OUTER_BOUND( '', #738, .T. );
#453 = FACE_OUTER_BOUND( '', #739, .T. );
#454 = CYLINDRICAL_SURFACE( '', #740, 0.711200000000000 );
#455 = SURFACE_STYLE_USAGE( .BOTH., #741 );
#456 = FACE_OUTER_BOUND( '', #742, .T. );
#457 = CYLINDRICAL_SURFACE( '', #743, 1.98120000000000 );
#458 = SURFACE_STYLE_USAGE( .BOTH., #744 );
#459 = FACE_BOUND( '', #745, .T. );
#460 = FACE_OUTER_BOUND( '', #746, .T. );
#461 = CONICAL_SURFACE( '', #747, 4.19100000000000, 0.0162060365196203 );
#462 = SURFACE_STYLE_USAGE( .BOTH., #748 );
#463 = FACE_OUTER_BOUND( '', #749, .T. );
#464 = CYLINDRICAL_SURFACE( '', #750, 1.98120000000000 );
#465 = SURFACE_STYLE_USAGE( .BOTH., #751 );
#466 = FACE_OUTER_BOUND( '', #752, .T. );
#467 = FACE_OUTER_BOUND( '', #753, .T. );
#468 = CYLINDRICAL_SURFACE( '', #754, 1.52400000000000 );
#469 = SURFACE_STYLE_USAGE( .BOTH., #755 );
#470 = FACE_OUTER_BOUND( '', #756, .T. );
#471 = PLANE( '', #757 );
#472 = SURFACE_STYLE_USAGE( .BOTH., #758 );
#473 = FACE_OUTER_BOUND( '', #759, .T. );
#474 = FACE_OUTER_BOUND( '', #760, .T. );
#475 = CYLINDRICAL_SURFACE( '', #761, 0.520700000000000 );
#476 = SURFACE_STYLE_USAGE( .BOTH., #762 );
#477 = FACE_BOUND( '', #763, .T. );
#478 = FACE_OUTER_BOUND( '', #764, .T. );
#479 = PLANE( '', #765 );
#480 = SURFACE_STYLE_USAGE( .BOTH., #766 );
#481 = FACE_OUTER_BOUND( '', #767, .T. );
#482 = CYLINDRICAL_SURFACE( '', #768, 5.51180000000000 );
#483 = SURFACE_STYLE_USAGE( .BOTH., #769 );
#484 = FACE_OUTER_BOUND( '', #770, .T. );
#485 = CYLINDRICAL_SURFACE( '', #771, 0.635000000000000 );
#486 = SURFACE_STYLE_USAGE( .BOTH., #772 );
#487 = FACE_OUTER_BOUND( '', #773, .T. );
#488 = CYLINDRICAL_SURFACE( '', #774, 0.635000000000000 );
#489 = SURFACE_STYLE_USAGE( .BOTH., #775 );
#490 = FACE_BOUND( '', #776, .T. );
#491 = FACE_OUTER_BOUND( '', #777, .T. );
#492 = PLANE( '', #778 );
#493 = SURFACE_STYLE_USAGE( .BOTH., #779 );
#494 = FACE_OUTER_BOUND( '', #780, .T. );
#495 = PLANE( '', #781 );
#496 = SURFACE_STYLE_USAGE( .BOTH., #782 );
#497 = FACE_OUTER_BOUND( '', #783, .T. );
#498 = CYLINDRICAL_SURFACE( '', #784, 5.51180000000000 );
#499 = SURFACE_STYLE_USAGE( .BOTH., #785 );
#500 = FACE_OUTER_BOUND( '', #786, .T. );
#501 = CYLINDRICAL_SURFACE( '', #787, 1.27000000000000 );
#502 = SURFACE_STYLE_USAGE( .BOTH., #788 );
#503 = FACE_BOUND( '', #789, .T. );
#504 = FACE_OUTER_BOUND( '', #790, .T. );
#505 = PLANE( '', #791 );
#506 = SURFACE_STYLE_USAGE( .BOTH., #792 );
#507 = FACE_OUTER_BOUND( '', #793, .T. );
#508 = FACE_OUTER_BOUND( '', #794, .T. );
#509 = CYLINDRICAL_SURFACE( '', #795, 2.72287565453220 );
#510 = SURFACE_STYLE_USAGE( .BOTH., #796 );
#511 = FACE_OUTER_BOUND( '', #797, .T. );
#512 = PLANE( '', #798 );
#513 = SURFACE_STYLE_USAGE( .BOTH., #799 );
#514 = FACE_OUTER_BOUND( '', #800, .T. );
#515 = PLANE( '', #801 );
#516 = SURFACE_STYLE_USAGE( .BOTH., #802 );
#517 = FACE_OUTER_BOUND( '', #803, .T. );
#518 = PLANE( '', #804 );
#519 = SURFACE_STYLE_USAGE( .BOTH., #805 );
#520 = FACE_OUTER_BOUND( '', #806, .T. );
#521 = CYLINDRICAL_SURFACE( '', #807, 0.635000000000000 );
#522 = SURFACE_STYLE_USAGE( .BOTH., #808 );
#523 = FACE_OUTER_BOUND( '', #809, .T. );
#524 = FACE_OUTER_BOUND( '', #810, .T. );
#525 = CYLINDRICAL_SURFACE( '', #811, 4.82600000000000 );
#526 = SURFACE_STYLE_USAGE( .BOTH., #812 );
#527 = FACE_OUTER_BOUND( '', #813, .T. );
#528 = FACE_OUTER_BOUND( '', #814, .T. );
#529 = CYLINDRICAL_SURFACE( '', #815, 0.990599999999999 );
#530 = SURFACE_STYLE_USAGE( .BOTH., #816 );
#531 = FACE_OUTER_BOUND( '', #817, .T. );
#532 = TOROIDAL_SURFACE( '', #818, 9.14400000000000, 4.44500000000000 );
#533 = SURFACE_STYLE_USAGE( .BOTH., #819 );
#534 = FACE_OUTER_BOUND( '', #820, .T. );
#535 = PLANE( '', #821 );
#536 = SURFACE_STYLE_USAGE( .BOTH., #822 );
#537 = FACE_OUTER_BOUND( '', #823, .T. );
#538 = CYLINDRICAL_SURFACE( '', #824, 2.19710000000000 );
#539 = SURFACE_STYLE_USAGE( .BOTH., #825 );
#540 = FACE_OUTER_BOUND( '', #826, .T. );
#541 = PLANE( '', #827 );
#542 = SURFACE_STYLE_USAGE( .BOTH., #828 );
#543 = FACE_OUTER_BOUND( '', #829, .T. );
#544 = CYLINDRICAL_SURFACE( '', #830, 0.635000000000000 );
#545 = SURFACE_STYLE_USAGE( .BOTH., #831 );
#546 = FACE_BOUND( '', #832, .T. );
#547 = FACE_OUTER_BOUND( '', #833, .T. );
#548 = CONICAL_SURFACE( '', #834, 0.774700000000000, 0.785398163397448 );
#549 = SURFACE_STYLE_USAGE( .BOTH., #835 );
#550 = FACE_OUTER_BOUND( '', #836, .T. );
#551 = CYLINDRICAL_SURFACE( '', #837, 1.98120000000000 );
#552 = SURFACE_STYLE_USAGE( .BOTH., #838 );
#553 = FACE_BOUND( '', #839, .T. );
#554 = FACE_OUTER_BOUND( '', #840, .T. );
#555 = CONICAL_SURFACE( '', #841, 4.48310000000000, 0.472496935517063 );
#556 = SURFACE_STYLE_USAGE( .BOTH., #842 );
#557 = FACE_OUTER_BOUND( '', #843, .T. );
#558 = CYLINDRICAL_SURFACE( '', #844, 1.98120000000000 );
#559 = SURFACE_STYLE_USAGE( .BOTH., #845 );
#560 = FACE_OUTER_BOUND( '', #846, .T. );
#561 = CYLINDRICAL_SURFACE( '', #847, 5.51180000000000 );
#562 = SURFACE_STYLE_USAGE( .BOTH., #848 );
#563 = FACE_OUTER_BOUND( '', #849, .T. );
#564 = PLANE( '', #850 );
#565 = SURFACE_STYLE_USAGE( .BOTH., #851 );
#566 = FACE_OUTER_BOUND( '', #852, .T. );
#567 = PLANE( '', #853 );
#568 = PRODUCT_CONTEXT( '', #93, 'mechanical' );
#569 = PRODUCT_DEFINITION_FORMATION_WITH_SPECIFIED_SOURCE( ' ', 'NONE', #272, .NOT_KNOWN. );
#570 = CLOSED_SHELL( '', ( #167, #135, #139, #165, #107, #203, #171, #253, #149, #187, #151, #115, #157, #197, #183, #153, #215, #259, #161, #211, #195, #121, #141, #125, #117, #185, #235, #127, #189, #207, #263, #129, #191, #199, #231, #227, #241, #177, #249, #247, #245, #265, #137, #217, #225, #113, #233, #209, #261, #193, #205, #163, #267, #219, #229, #269, #223, #147, #145, #255, #257, #213, #179, #271, #119, #123, #173, #155, #237, #243, #175, #111, #239, #133, #181, #109, #221, #251, #143, #169, #159, #201, #131 ) );
#571 = CARTESIAN_POINT( '', ( 0.000000000000000, 0.000000000000000, 0.000000000000000 ) );
#572 = DIRECTION( '', ( 0.000000000000000, 0.000000000000000, 1.00000000000000 ) );
#573 = DIRECTION( '', ( 1.00000000000000, 0.000000000000000, 0.000000000000000 ) );
#574 =  ( LENGTH_UNIT(  )NAMED_UNIT( #281 )SI_UNIT( .MILLI., .METRE. ) );
#575 = SURFACE_SIDE_STYLE( '', ( #855 ) );
#576 = EDGE_LOOP( '', ( #856, #857, #858, #859 ) );
#577 = AXIS2_PLACEMENT_3D( '', #860, #861, #862 );
#578 = SURFACE_SIDE_STYLE( '', ( #863 ) );
#579 = EDGE_LOOP( '', ( #864, #865, #866, #867 ) );
#580 = AXIS2_PLACEMENT_3D( '', #868, #869, #870 );
#581 = SURFACE_SIDE_STYLE( '', ( #871 ) );
#582 = EDGE_LOOP( '', ( #872, #873, #874, #875 ) );
#583 = AXIS2_PLACEMENT_3D( '', #876, #877, #878 );
#584 = SURFACE_SIDE_STYLE( '', ( #879 ) );
#585 = EDGE_LOOP( '', ( #880 ) );
#586 = EDGE_LOOP( '', ( #881 ) );
#587 = AXIS2_PLACEMENT_3D( '', #882, #883, #884 );
#588 = SURFACE_SIDE_STYLE( '', ( #885 ) );
#589 = EDGE_LOOP( '', ( #886, #887, #888, #889 ) );
#590 = AXIS2_PLACEMENT_3D( '', #890, #891, #892 );
#591 = SURFACE_SIDE_STYLE( '', ( #893 ) );
#592 = EDGE_LOOP( '', ( #894 ) );
#593 = EDGE_LOOP( '', ( #895 ) );
#594 = AXIS2_PLACEMENT_3D( '', #896, #897, #898 );
#595 = SURFACE_SIDE_STYLE( '', ( #899 ) );
#596 = EDGE_LOOP( '', ( #900, #901, #902, #903 ) );
#597 = AXIS2_PLACEMENT_3D( '', #904, #905, #906 );
#598 = SURFACE_SIDE_STYLE( '', ( #907 ) );
#599 = EDGE_LOOP( '', ( #908 ) );
#600 = EDGE_LOOP( '', ( #909 ) );
#601 = AXIS2_PLACEMENT_3D( '', #910, #911, #912 );
#602 = SURFACE_SIDE_STYLE( '', ( #913 ) );
#603 = EDGE_LOOP( '', ( #914, #915, #916, #917 ) );
#604 = AXIS2_PLACEMENT_3D( '', #918, #919, #920 );
#605 = SURFACE_SIDE_STYLE( '', ( #921 ) );
#606 = EDGE_LOOP( '', ( #922 ) );
#607 = EDGE_LOOP( '', ( #923 ) );
#608 = AXIS2_PLACEMENT_3D( '', #924, #925, #926 );
#609 = SURFACE_SIDE_STYLE( '', ( #927 ) );
#610 = EDGE_LOOP( '', ( #928 ) );
#611 = EDGE_LOOP( '', ( #929 ) );
#612 = AXIS2_PLACEMENT_3D( '', #930, #931, #932 );
#613 = SURFACE_SIDE_STYLE( '', ( #933 ) );
#614 = EDGE_LOOP( '', ( #934 ) );
#615 = EDGE_LOOP( '', ( #935 ) );
#616 = AXIS2_PLACEMENT_3D( '', #936, #937, #938 );
#617 = SURFACE_SIDE_STYLE( '', ( #939 ) );
#618 = EDGE_LOOP( '', ( #940, #941, #942, #943 ) );
#619 = AXIS2_PLACEMENT_3D( '', #944, #945, #946 );
#620 = SURFACE_SIDE_STYLE( '', ( #947 ) );
#621 = EDGE_LOOP( '', ( #948, #949, #950, #951, #952, #953, #954, #955, #956, #957, #958, #959, #960, #961, #962, #963 ) );
#622 = AXIS2_PLACEMENT_3D( '', #964, #965, #966 );
#623 = SURFACE_SIDE_STYLE( '', ( #967 ) );
#624 = EDGE_LOOP( '', ( #968 ) );
#625 = AXIS2_PLACEMENT_3D( '', #969, #970, #971 );
#626 = SURFACE_SIDE_STYLE( '', ( #972 ) );
#627 = EDGE_LOOP( '', ( #973, #974 ) );
#628 = AXIS2_PLACEMENT_3D( '', #975, #976, #977 );
#629 = SURFACE_SIDE_STYLE( '', ( #978 ) );
#630 = EDGE_LOOP( '', ( #979, #980, #981, #982 ) );
#631 = AXIS2_PLACEMENT_3D( '', #983, #984, #985 );
#632 = SURFACE_SIDE_STYLE( '', ( #986 ) );
#633 = EDGE_LOOP( '', ( #987 ) );
#634 = EDGE_LOOP( '', ( #988 ) );
#635 = AXIS2_PLACEMENT_3D( '', #989, #990, #991 );
#636 = SURFACE_SIDE_STYLE( '', ( #992 ) );
#637 = EDGE_LOOP( '', ( #993, #994, #995, #996 ) );
#638 = AXIS2_PLACEMENT_3D( '', #997, #998, #999 );
#639 = SURFACE_SIDE_STYLE( '', ( #1000 ) );
#640 = EDGE_LOOP( '', ( #1001, #1002, #1003, #1004 ) );
#641 = AXIS2_PLACEMENT_3D( '', #1005, #1006, #1007 );
#642 = SURFACE_SIDE_STYLE( '', ( #1008 ) );
#643 = EDGE_LOOP( '', ( #1009, #1010, #1011, #1012, #1013 ) );
#644 = AXIS2_PLACEMENT_3D( '', #1014, #1015, #1016 );
#645 = SURFACE_SIDE_STYLE( '', ( #1017 ) );
#646 = EDGE_LOOP( '', ( #1018, #1019, #1020, #1021 ) );
#647 = AXIS2_PLACEMENT_3D( '', #1022, #1023, #1024 );
#648 = SURFACE_SIDE_STYLE( '', ( #1025 ) );
#649 = EDGE_LOOP( '', ( #1026, #1027, #1028, #1029, #1030, #1031, #1032, #1033, #1034, #1035, #1036, #1037, #1038, #1039, #1040, #1041, #1042 ) );
#650 = AXIS2_PLACEMENT_3D( '', #1043, #1044, #1045 );
#651 = SURFACE_SIDE_STYLE( '', ( #1046 ) );
#652 = VERTEX_LOOP( '', #1047 );
#653 = EDGE_LOOP( '', ( #1048 ) );
#654 = AXIS2_PLACEMENT_3D( '', #1049, #1050, #1051 );
#655 = SURFACE_SIDE_STYLE( '', ( #1052 ) );
#656 = EDGE_LOOP( '', ( #1053, #1054, #1055, #1056 ) );
#657 = AXIS2_PLACEMENT_3D( '', #1057, #1058, #1059 );
#658 = SURFACE_SIDE_STYLE( '', ( #1060 ) );
#659 = EDGE_LOOP( '', ( #1061 ) );
#660 = EDGE_LOOP( '', ( #1062 ) );
#661 = AXIS2_PLACEMENT_3D( '', #1063, #1064, #1065 );
#662 = SURFACE_SIDE_STYLE( '', ( #1066 ) );
#663 = EDGE_LOOP( '', ( #1067, #1068, #1069, #1070 ) );
#664 = AXIS2_PLACEMENT_3D( '', #1071, #1072, #1073 );
#665 = SURFACE_SIDE_STYLE( '', ( #1074 ) );
#666 = EDGE_LOOP( '', ( #1075 ) );
#667 = EDGE_LOOP( '', ( #1076 ) );
#668 = AXIS2_PLACEMENT_3D( '', #1077, #1078, #1079 );
#669 = SURFACE_SIDE_STYLE( '', ( #1080 ) );
#670 = EDGE_LOOP( '', ( #1081, #1082 ) );
#671 = AXIS2_PLACEMENT_3D( '', #1083, #1084, #1085 );
#672 = SURFACE_SIDE_STYLE( '', ( #1086 ) );
#673 = EDGE_LOOP( '', ( #1087, #1088, #1089, #1090 ) );
#674 = AXIS2_PLACEMENT_3D( '', #1091, #1092, #1093 );
#675 = SURFACE_SIDE_STYLE( '', ( #1094 ) );
#676 = EDGE_LOOP( '', ( #1095, #1096, #1097, #1098, #1099, #1100, #1101, #1102, #1103, #1104 ) );
#677 = AXIS2_PLACEMENT_3D( '', #1105, #1106, #1107 );
#678 = SURFACE_SIDE_STYLE( '', ( #1108 ) );
#679 = EDGE_LOOP( '', ( #1109, #1110, #1111, #1112 ) );
#680 = AXIS2_PLACEMENT_3D( '', #1113, #1114, #1115 );
#681 = SURFACE_SIDE_STYLE( '', ( #1116 ) );
#682 = EDGE_LOOP( '', ( #1117, #1118, #1119, #1120 ) );
#683 = AXIS2_PLACEMENT_3D( '', #1121, #1122, #1123 );
#684 = SURFACE_SIDE_STYLE( '', ( #1124 ) );
#685 = EDGE_LOOP( '', ( #1125, #1126, #1127, #1128 ) );
#686 = AXIS2_PLACEMENT_3D( '', #1129, #1130, #1131 );
#687 = SURFACE_SIDE_STYLE( '', ( #1132 ) );
#688 = EDGE_LOOP( '', ( #1133, #1134, #1135, #1136 ) );
#689 = AXIS2_PLACEMENT_3D( '', #1137, #1138, #1139 );
#690 = SURFACE_SIDE_STYLE( '', ( #1140 ) );
#691 = EDGE_LOOP( '', ( #1141 ) );
#692 = EDGE_LOOP( '', ( #1142, #1143, #1144, #1145, #1146, #1147, #1148, #1149, #1150, #1151, #1152, #1153 ) );
#693 = AXIS2_PLACEMENT_3D( '', #1154, #1155, #1156 );
#694 = SURFACE_SIDE_STYLE( '', ( #1157 ) );
#695 = EDGE_LOOP( '', ( #1158, #1159, #1160, #1161 ) );
#696 = AXIS2_PLACEMENT_3D( '', #1162, #1163, #1164 );
#697 = SURFACE_SIDE_STYLE( '', ( #1165 ) );
#698 = EDGE_LOOP( '', ( #1166, #1167, #1168, #1169 ) );
#699 = AXIS2_PLACEMENT_3D( '', #1170, #1171, #1172 );
#700 = SURFACE_SIDE_STYLE( '', ( #1173 ) );
#701 = EDGE_LOOP( '', ( #1174 ) );
#702 = AXIS2_PLACEMENT_3D( '', #1175, #1176, #1177 );
#703 = SURFACE_SIDE_STYLE( '', ( #1178 ) );
#704 = EDGE_LOOP( '', ( #1179 ) );
#705 = EDGE_LOOP( '', ( #1180 ) );
#706 = AXIS2_PLACEMENT_3D( '', #1181, #1182, #1183 );
#707 = SURFACE_SIDE_STYLE( '', ( #1184 ) );
#708 = EDGE_LOOP( '', ( #1185, #1186, #1187, #1188, #1189, #1190, #1191, #1192, #1193, #1194, #1195, #1196, #1197, #1198, #1199, #1200 ) );
#709 = AXIS2_PLACEMENT_3D( '', #1201, #1202, #1203 );
#710 = SURFACE_SIDE_STYLE( '', ( #1204 ) );
#711 = EDGE_LOOP( '', ( #1205 ) );
#712 = EDGE_LOOP( '', ( #1206 ) );
#713 = AXIS2_PLACEMENT_3D( '', #1207, #1208, #1209 );
#714 = SURFACE_SIDE_STYLE( '', ( #1210 ) );
#715 = EDGE_LOOP( '', ( #1211, #1212, #1213, #1214 ) );
#716 = AXIS2_PLACEMENT_3D( '', #1215, #1216, #1217 );
#717 = SURFACE_SIDE_STYLE( '', ( #1218 ) );
#718 = EDGE_LOOP( '', ( #1219 ) );
#719 = EDGE_LOOP( '', ( #1220 ) );
#720 = AXIS2_PLACEMENT_3D( '', #1221, #1222, #1223 );
#721 = SURFACE_SIDE_STYLE( '', ( #1224 ) );
#722 = EDGE_LOOP( '', ( #1225 ) );
#723 = EDGE_LOOP( '', ( #1226 ) );
#724 = AXIS2_PLACEMENT_3D( '', #1227, #1228, #1229 );
#725 = SURFACE_SIDE_STYLE( '', ( #1230 ) );
#726 = EDGE_LOOP( '', ( #1231, #1232, #1233, #1234 ) );
#727 = EDGE_LOOP( '', ( #1235 ) );
#728 = EDGE_LOOP( '', ( #1236, #1237, #1238, #1239 ) );
#729 = EDGE_LOOP( '', ( #1240 ) );
#730 = AXIS2_PLACEMENT_3D( '', #1241, #1242, #1243 );
#731 = SURFACE_SIDE_STYLE( '', ( #1244 ) );
#732 = EDGE_LOOP( '', ( #1245, #1246, #1247, #1248 ) );
#733 = AXIS2_PLACEMENT_3D( '', #1249, #1250, #1251 );
#734 = SURFACE_SIDE_STYLE( '', ( #1252 ) );
#735 = EDGE_LOOP( '', ( #1253, #1254, #1255, #1256 ) );
#736 = AXIS2_PLACEMENT_3D( '', #1257, #1258, #1259 );
#737 = SURFACE_SIDE_STYLE( '', ( #1260 ) );
#738 = EDGE_LOOP( '', ( #1261 ) );
#739 = EDGE_LOOP( '', ( #1262 ) );
#740 = AXIS2_PLACEMENT_3D( '', #1263, #1264, #1265 );
#741 = SURFACE_SIDE_STYLE( '', ( #1266 ) );
#742 = EDGE_LOOP( '', ( #1267, #1268 ) );
#743 = AXIS2_PLACEMENT_3D( '', #1269, #1270, #1271 );
#744 = SURFACE_SIDE_STYLE( '', ( #1272 ) );
#745 = EDGE_LOOP( '', ( #1273 ) );
#746 = EDGE_LOOP( '', ( #1274 ) );
#747 = AXIS2_PLACEMENT_3D( '', #1275, #1276, #1277 );
#748 = SURFACE_SIDE_STYLE( '', ( #1278 ) );
#749 = EDGE_LOOP( '', ( #1279, #1280 ) );
#750 = AXIS2_PLACEMENT_3D( '', #1281, #1282, #1283 );
#751 = SURFACE_SIDE_STYLE( '', ( #1284 ) );
#752 = EDGE_LOOP( '', ( #1285 ) );
#753 = EDGE_LOOP( '', ( #1286 ) );
#754 = AXIS2_PLACEMENT_3D( '', #1287, #1288, #1289 );
#755 = SURFACE_SIDE_STYLE( '', ( #1290 ) );
#756 = EDGE_LOOP( '', ( #1291, #1292, #1293, #1294 ) );
#757 = AXIS2_PLACEMENT_3D( '', #1295, #1296, #1297 );
#758 = SURFACE_SIDE_STYLE( '', ( #1298 ) );
#759 = EDGE_LOOP( '', ( #1299 ) );
#760 = EDGE_LOOP( '', ( #1300 ) );
#761 = AXIS2_PLACEMENT_3D( '', #1301, #1302, #1303 );
#762 = SURFACE_SIDE_STYLE( '', ( #1304 ) );
#763 = EDGE_LOOP( '', ( #1305 ) );
#764 = EDGE_LOOP( '', ( #1306, #1307, #1308, #1309, #1310, #1311, #1312, #1313 ) );
#765 = AXIS2_PLACEMENT_3D( '', #1314, #1315, #1316 );
#766 = SURFACE_SIDE_STYLE( '', ( #1317 ) );
#767 = EDGE_LOOP( '', ( #1318 ) );
#768 = AXIS2_PLACEMENT_3D( '', #1319, #1320, #1321 );
#769 = SURFACE_SIDE_STYLE( '', ( #1322 ) );
#770 = EDGE_LOOP( '', ( #1323, #1324, #1325, #1326 ) );
#771 = AXIS2_PLACEMENT_3D( '', #1327, #1328, #1329 );
#772 = SURFACE_SIDE_STYLE( '', ( #1330 ) );
#773 = EDGE_LOOP( '', ( #1331, #1332, #1333, #1334 ) );
#774 = AXIS2_PLACEMENT_3D( '', #1335, #1336, #1337 );
#775 = SURFACE_SIDE_STYLE( '', ( #1338 ) );
#776 = EDGE_LOOP( '', ( #1339 ) );
#777 = EDGE_LOOP( '', ( #1340, #1341, #1342, #1343, #1344, #1345, #1346, #1347 ) );
#778 = AXIS2_PLACEMENT_3D( '', #1348, #1349, #1350 );
#779 = SURFACE_SIDE_STYLE( '', ( #1351 ) );
#780 = EDGE_LOOP( '', ( #1352, #1353, #1354, #1355, #1356 ) );
#781 = AXIS2_PLACEMENT_3D( '', #1357, #1358, #1359 );
#782 = SURFACE_SIDE_STYLE( '', ( #1360 ) );
#783 = EDGE_LOOP( '', ( #1361 ) );
#784 = AXIS2_PLACEMENT_3D( '', #1362, #1363, #1364 );
#785 = SURFACE_SIDE_STYLE( '', ( #1365 ) );
#786 = EDGE_LOOP( '', ( #1366, #1367, #1368, #1369 ) );
#787 = AXIS2_PLACEMENT_3D( '', #1370, #1371, #1372 );
#788 = SURFACE_SIDE_STYLE( '', ( #1373 ) );
#789 = EDGE_LOOP( '', ( #1374 ) );
#790 = EDGE_LOOP( '', ( #1375, #1376, #1377, #1378, #1379, #1380, #1381, #1382 ) );
#791 = AXIS2_PLACEMENT_3D( '', #1383, #1384, #1385 );
#792 = SURFACE_SIDE_STYLE( '', ( #1386 ) );
#793 = EDGE_LOOP( '', ( #1387 ) );
#794 = EDGE_LOOP( '', ( #1388 ) );
#795 = AXIS2_PLACEMENT_3D( '', #1389, #1390, #1391 );
#796 = SURFACE_SIDE_STYLE( '', ( #1392 ) );
#797 = EDGE_LOOP( '', ( #1393, #1394, #1395, #1396 ) );
#798 = AXIS2_PLACEMENT_3D( '', #1397, #1398, #1399 );
#799 = SURFACE_SIDE_STYLE( '', ( #1400 ) );
#800 = EDGE_LOOP( '', ( #1401, #1402, #1403, #1404 ) );
#801 = AXIS2_PLACEMENT_3D( '', #1405, #1406, #1407 );
#802 = SURFACE_SIDE_STYLE( '', ( #1408 ) );
#803 = EDGE_LOOP( '', ( #1409, #1410, #1411, #1412 ) );
#804 = AXIS2_PLACEMENT_3D( '', #1413, #1414, #1415 );
#805 = SURFACE_SIDE_STYLE( '', ( #1416 ) );
#806 = EDGE_LOOP( '', ( #1417, #1418, #1419, #1420 ) );
#807 = AXIS2_PLACEMENT_3D( '', #1421, #1422, #1423 );
#808 = SURFACE_SIDE_STYLE( '', ( #1424 ) );
#809 = EDGE_LOOP( '', ( #1425, #1426, #1427, #1428, #1429, #1430, #1431, #1432, #1433, #1434, #1435, #1436 ) );
#810 = EDGE_LOOP( '', ( #1437, #1438, #1439, #1440, #1441, #1442 ) );
#811 = AXIS2_PLACEMENT_3D( '', #1443, #1444, #1445 );
#812 = SURFACE_SIDE_STYLE( '', ( #1446 ) );
#813 = EDGE_LOOP( '', ( #1447 ) );
#814 = EDGE_LOOP( '', ( #1448 ) );
#815 = AXIS2_PLACEMENT_3D( '', #1449, #1450, #1451 );
#816 = SURFACE_SIDE_STYLE( '', ( #1452 ) );
#817 = EDGE_LOOP( '', ( #1453, #1454, #1455, #1456 ) );
#818 = AXIS2_PLACEMENT_3D( '', #1457, #1458, #1459 );
#819 = SURFACE_SIDE_STYLE( '', ( #1460 ) );
#820 = EDGE_LOOP( '', ( #1461, #1462, #1463, #1464 ) );
#821 = AXIS2_PLACEMENT_3D( '', #1465, #1466, #1467 );
#822 = SURFACE_SIDE_STYLE( '', ( #1468 ) );
#823 = EDGE_LOOP( '', ( #1469, #1470, #1471, #1472 ) );
#824 = AXIS2_PLACEMENT_3D( '', #1473, #1474, #1475 );
#825 = SURFACE_SIDE_STYLE( '', ( #1476 ) );
#826 = EDGE_LOOP( '', ( #1477, #1478, #1479, #1480 ) );
#827 = AXIS2_PLACEMENT_3D( '', #1481, #1482, #1483 );
#828 = SURFACE_SIDE_STYLE( '', ( #1484 ) );
#829 = EDGE_LOOP( '', ( #1485, #1486, #1487, #1488 ) );
#830 = AXIS2_PLACEMENT_3D( '', #1489, #1490, #1491 );
#831 = SURFACE_SIDE_STYLE( '', ( #1492 ) );
#832 = EDGE_LOOP( '', ( #1493 ) );
#833 = EDGE_LOOP( '', ( #1494 ) );
#834 = AXIS2_PLACEMENT_3D( '', #1495, #1496, #1497 );
#835 = SURFACE_SIDE_STYLE( '', ( #1498 ) );
#836 = EDGE_LOOP( '', ( #1499, #1500 ) );
#837 = AXIS2_PLACEMENT_3D( '', #1501, #1502, #1503 );
#838 = SURFACE_SIDE_STYLE( '', ( #1504 ) );
#839 = EDGE_LOOP( '', ( #1505 ) );
#840 = EDGE_LOOP( '', ( #1506 ) );
#841 = AXIS2_PLACEMENT_3D( '', #1507, #1508, #1509 );
#842 = SURFACE_SIDE_STYLE( '', ( #1510 ) );
#843 = EDGE_LOOP( '', ( #1511, #1512 ) );
#844 = AXIS2_PLACEMENT_3D( '', #1513, #1514, #1515 );
#845 = SURFACE_SIDE_STYLE( '', ( #1516 ) );
#846 = EDGE_LOOP( '', ( #1517 ) );
#847 = AXIS2_PLACEMENT_3D( '', #1518, #1519, #1520 );
#848 = SURFACE_SIDE_STYLE( '', ( #1521 ) );
#849 = EDGE_LOOP( '', ( #1522, #1523, #1524, #1525, #1526, #1527, #1528, #1529, #1530, #1531, #1532, #1533, #1534, #1535, #1536, #1537, #1538 ) );
#850 = AXIS2_PLACEMENT_3D( '', #1539, #1540, #1541 );
#851 = SURFACE_SIDE_STYLE( '', ( #1542 ) );
#852 = EDGE_LOOP( '', ( #1543, #1544, #1545, #1546 ) );
#853 = AXIS2_PLACEMENT_3D( '', #1547, #1548, #1549 );
#855 = SURFACE_STYLE_FILL_AREA( #1550 );
#856 = ORIENTED_EDGE( '', *, *, #1551, .T. );
#857 = ORIENTED_EDGE( '', *, *, #1552, .T. );
#858 = ORIENTED_EDGE( '', *, *, #1553, .T. );
#859 = ORIENTED_EDGE( '', *, *, #1554, .T. );
#860 = CARTESIAN_POINT( '', ( 26.3087462508485, 0.000000000000000, -9.39800000000000 ) );
#861 = DIRECTION( '', ( 0.000000000000000, 0.000000000000000, -1.00000000000000 ) );
#862 = DIRECTION( '', ( -1.00000000000000, 0.000000000000000, 0.000000000000000 ) );
#863 = SURFACE_STYLE_FILL_AREA( #1555 );
#864 = ORIENTED_EDGE( '', *, *, #1556, .T. );
#865 = ORIENTED_EDGE( '', *, *, #1557, .F. );
#866 = ORIENTED_EDGE( '', *, *, #1558, .F. );
#867 = ORIENTED_EDGE( '', *, *, #1559, .F. );
#868 = CARTESIAN_POINT( '', ( 22.1488000000000, 35.9192108890805, -8.76300000000000 ) );
#869 = DIRECTION( '', ( 1.00000000000000, 0.000000000000000, 0.000000000000000 ) );
#870 = DIRECTION( '', ( 0.000000000000000, 0.000000000000000, -1.00000000000000 ) );
#871 = SURFACE_STYLE_FILL_AREA( #1560 );
#872 = ORIENTED_EDGE( '', *, *, #1561, .T. );
#873 = ORIENTED_EDGE( '', *, *, #1562, .F. );
#874 = ORIENTED_EDGE( '', *, *, #1563, .F. );
#875 = ORIENTED_EDGE( '', *, *, #1564, .F. );
#876 = CARTESIAN_POINT( '', ( 29.9720000000000, 35.9192108890805, -6.09600000000000 ) );
#877 = DIRECTION( '', ( -5.69134998680040E-015, 0.000000000000000, 1.00000000000000 ) );
#878 = DIRECTION( '', ( 1.00000000000000, 0.000000000000000, 5.69134998680040E-015 ) );
#879 = SURFACE_STYLE_FILL_AREA( #1565 );
#880 = ORIENTED_EDGE( '', *, *, #1566, .F. );
#881 = ORIENTED_EDGE( '', *, *, #1567, .T. );
#882 = CARTESIAN_POINT( '', ( 4.24180000000000, -5.05932040890869, -2.92100000000000 ) );
#883 = DIRECTION( '', ( -0.000000000000000, -0.866025403784439, -0.500000000000000 ) );
#884 = DIRECTION( '', ( 0.000000000000000, -0.500000000000000, 0.866025403784439 ) );
#885 = SURFACE_STYLE_FILL_AREA( #1568 );
#886 = ORIENTED_EDGE( '', *, *, #1569, .F. );
#887 = ORIENTED_EDGE( '', *, *, #1570, .T. );
#888 = ORIENTED_EDGE( '', *, *, #1571, .T. );
#889 = ORIENTED_EDGE( '', *, *, #1572, .T. );
#890 = CARTESIAN_POINT( '', ( 4.24180000000000, 0.000000000000000, 0.000000000000000 ) );
#891 = DIRECTION( '', ( -1.00000000000000, 0.000000000000000, 0.000000000000000 ) );
#892 = DIRECTION( '', ( 0.000000000000000, 0.000000000000000, 1.00000000000000 ) );
#893 = SURFACE_STYLE_FILL_AREA( #1573 );
#894 = ORIENTED_EDGE( '', *, *, #1574, .F. );
#895 = ORIENTED_EDGE( '', *, *, #1575, .T. );
#896 = CARTESIAN_POINT( '', ( 10.3712681243276, 0.000000000000000, 0.000000000000000 ) );
#897 = DIRECTION( '', ( 1.00000000000000, -0.000000000000000, -0.000000000000000 ) );
#898 = DIRECTION( '', ( 0.000000000000000, 0.000000000000000, 1.00000000000000 ) );
#899 = SURFACE_STYLE_FILL_AREA( #1576 );
#900 = ORIENTED_EDGE( '', *, *, #1577, .T. );
#901 = ORIENTED_EDGE( '', *, *, #1578, .F. );
#902 = ORIENTED_EDGE( '', *, *, #1579, .F. );
#903 = ORIENTED_EDGE( '', *, *, #1580, .F. );
#904 = CARTESIAN_POINT( '', ( 24.2824000000000, -35.9192108890805, -5.33400000000000 ) );
#905 = DIRECTION( '', ( 0.000000000000000, 0.000000000000000, -1.00000000000000 ) );
#906 = DIRECTION( '', ( -1.00000000000000, 0.000000000000000, 0.000000000000000 ) );
#907 = SURFACE_STYLE_FILL_AREA( #1581 );
#908 = ORIENTED_EDGE( '', *, *, #1582, .F. );
#909 = ORIENTED_EDGE( '', *, *, #1583, .T. );
#910 = CARTESIAN_POINT( '', ( 10.3712681243276, 0.000000000000000, 0.000000000000000 ) );
#911 = DIRECTION( '', ( 1.00000000000000, -0.000000000000000, -0.000000000000000 ) );
#912 = DIRECTION( '', ( 0.000000000000000, 0.000000000000000, 1.00000000000000 ) );
#913 = SURFACE_STYLE_FILL_AREA( #1584 );
#914 = ORIENTED_EDGE( '', *, *, #1585, .T. );
#915 = ORIENTED_EDGE( '', *, *, #1586, .F. );
#916 = ORIENTED_EDGE( '', *, *, #1577, .F. );
#917 = ORIENTED_EDGE( '', *, *, #1587, .F. );
#918 = CARTESIAN_POINT( '', ( 24.2824000000000, -35.9192108890805, -6.09600000000000 ) );
#919 = DIRECTION( '', ( 1.00000000000000, 0.000000000000000, 0.000000000000000 ) );
#920 = DIRECTION( '', ( 0.000000000000000, 0.000000000000000, -1.00000000000000 ) );
#921 = SURFACE_STYLE_FILL_AREA( #1588 );
#922 = ORIENTED_EDGE( '', *, *, #1589, .F. );
#923 = ORIENTED_EDGE( '', *, *, #1574, .T. );
#924 = CARTESIAN_POINT( '', ( 2.99720000000000, 0.000000000000000, 2.50190000000000 ) );
#925 = DIRECTION( '', ( 1.00000000000000, 0.000000000000000, 0.000000000000000 ) );
#926 = DIRECTION( '', ( 0.000000000000000, 0.000000000000000, -1.00000000000000 ) );
#927 = SURFACE_STYLE_FILL_AREA( #1590 );
#928 = ORIENTED_EDGE( '', *, *, #1591, .F. );
#929 = ORIENTED_EDGE( '', *, *, #1592, .T. );
#930 = CARTESIAN_POINT( '', ( 9.22020000000000, 0.000000000000000, 3.27660000000000 ) );
#931 = DIRECTION( '', ( 1.00000000000000, 0.000000000000000, 0.000000000000000 ) );
#932 = DIRECTION( '', ( 0.000000000000000, 0.000000000000000, -1.00000000000000 ) );
#933 = SURFACE_STYLE_FILL_AREA( #1593 );
#934 = ORIENTED_EDGE( '', *, *, #1594, .F. );
#935 = ORIENTED_EDGE( '', *, *, #1595, .T. );
#936 = CARTESIAN_POINT( '', ( -3.11017562232793E-016, 0.000000000000000, 4.82600000000000 ) );
#937 = DIRECTION( '', ( 1.00000000000000, 0.000000000000000, 0.000000000000000 ) );
#938 = DIRECTION( '', ( 0.000000000000000, 0.000000000000000, -1.00000000000000 ) );
#939 = SURFACE_STYLE_FILL_AREA( #1596 );
#940 = ORIENTED_EDGE( '', *, *, #1597, .T. );
#941 = ORIENTED_EDGE( '', *, *, #1598, .F. );
#942 = ORIENTED_EDGE( '', *, *, #1599, .F. );
#943 = ORIENTED_EDGE( '', *, *, #1600, .F. );
#944 = CARTESIAN_POINT( '', ( 23.4188000000000, 35.9192108890805, -6.09600000000000 ) );
#945 = DIRECTION( '', ( 0.000000000000000, 0.000000000000000, 1.00000000000000 ) );
#946 = DIRECTION( '', ( 1.00000000000000, 0.000000000000000, 0.000000000000000 ) );
#947 = SURFACE_STYLE_FILL_AREA( #1601 );
#948 = ORIENTED_EDGE( '', *, *, #1559, .T. );
#949 = ORIENTED_EDGE( '', *, *, #1602, .T. );
#950 = ORIENTED_EDGE( '', *, *, #1603, .F. );
#951 = ORIENTED_EDGE( '', *, *, #1604, .T. );
#952 = ORIENTED_EDGE( '', *, *, #1605, .T. );
#953 = ORIENTED_EDGE( '', *, *, #1564, .T. );
#954 = ORIENTED_EDGE( '', *, *, #1606, .T. );
#955 = ORIENTED_EDGE( '', *, *, #1607, .T. );
#956 = ORIENTED_EDGE( '', *, *, #1608, .T. );
#957 = ORIENTED_EDGE( '', *, *, #1609, .T. );
#958 = ORIENTED_EDGE( '', *, *, #1610, .T. );
#959 = ORIENTED_EDGE( '', *, *, #1611, .T. );
#960 = ORIENTED_EDGE( '', *, *, #1612, .T. );
#961 = ORIENTED_EDGE( '', *, *, #1600, .T. );
#962 = ORIENTED_EDGE( '', *, *, #1613, .T. );
#963 = ORIENTED_EDGE( '', *, *, #1614, .T. );
#964 = CARTESIAN_POINT( '', ( 21.9964000000000, 3.78460000000000, -2.99450811319656 ) );
#965 = DIRECTION( '', ( 0.000000000000000, -1.00000000000000, 0.000000000000000 ) );
#966 = DIRECTION( '', ( 0.000000000000000, 0.000000000000000, -1.00000000000000 ) );
#967 = SURFACE_STYLE_FILL_AREA( #1615 );
#968 = ORIENTED_EDGE( '', *, *, #1616, .F. );
#969 = CARTESIAN_POINT( '', ( 26.4668000000000, 0.000000000000000, -8.68680000000000 ) );
#970 = DIRECTION( '', ( 0.000000000000000, 0.000000000000000, 1.00000000000000 ) );
#971 = DIRECTION( '', ( 1.00000000000000, 0.000000000000000, 0.000000000000000 ) );
#972 = SURFACE_STYLE_FILL_AREA( #1617 );
#973 = ORIENTED_EDGE( '', *, *, #1618, .T. );
#974 = ORIENTED_EDGE( '', *, *, #1619, .T. );
#975 = CARTESIAN_POINT( '', ( 4.24180000000000, 3.95946814610245, -2.28600000000000 ) );
#976 = DIRECTION( '', ( -0.000000000000000, -0.866025403784438, 0.500000000000000 ) );
#977 = DIRECTION( '', ( 0.000000000000000, 0.500000000000000, 0.866025403784438 ) );
#978 = SURFACE_STYLE_FILL_AREA( #1620 );
#979 = ORIENTED_EDGE( '', *, *, #1621, .F. );
#980 = ORIENTED_EDGE( '', *, *, #1622, .T. );
#981 = ORIENTED_EDGE( '', *, *, #1551, .F. );
#982 = ORIENTED_EDGE( '', *, *, #1623, .F. );
#983 = CARTESIAN_POINT( '', ( 26.3087462508485, 0.000000000000000, 26.4682509252100 ) );
#984 = DIRECTION( '', ( -0.000000000000000, -0.000000000000000, 1.00000000000000 ) );
#985 = DIRECTION( '', ( -1.00000000000000, 0.000000000000000, 0.000000000000000 ) );
#986 = SURFACE_STYLE_FILL_AREA( #1624 );
#987 = ORIENTED_EDGE( '', *, *, #1583, .F. );
#988 = ORIENTED_EDGE( '', *, *, #1589, .T. );
#989 = CARTESIAN_POINT( '', ( 2.99720000000000, 0.000000000000000, 0.000000000000000 ) );
#990 = DIRECTION( '', ( -1.00000000000000, 0.000000000000000, -0.000000000000000 ) );
#991 = DIRECTION( '', ( 0.000000000000000, 0.000000000000000, 1.00000000000000 ) );
#992 = SURFACE_STYLE_FILL_AREA( #1625 );
#993 = ORIENTED_EDGE( '', *, *, #1626, .T. );
#994 = ORIENTED_EDGE( '', *, *, #1627, .F. );
#995 = ORIENTED_EDGE( '', *, *, #1628, .F. );
#996 = ORIENTED_EDGE( '', *, *, #1609, .F. );
#997 = CARTESIAN_POINT( '', ( 28.7020000000000, 35.9192108890805, -6.09600000000000 ) );
#998 = DIRECTION( '', ( 0.000000000000000, 0.000000000000000, 1.00000000000000 ) );
#999 = DIRECTION( '', ( 1.00000000000000, 0.000000000000000, 0.000000000000000 ) );
#1000 = SURFACE_STYLE_FILL_AREA( #1629 );
#1001 = ORIENTED_EDGE( '', *, *, #1630, .T. );
#1002 = ORIENTED_EDGE( '', *, *, #1631, .F. );
#1003 = ORIENTED_EDGE( '', *, *, #1632, .F. );
#1004 = ORIENTED_EDGE( '', *, *, #1633, .F. );
#1005 = CARTESIAN_POINT( '', ( 29.9720000000000, -35.9192108890805, -6.09600000000000 ) );
#1006 = DIRECTION( '', ( 5.69134998680040E-015, 0.000000000000000, -1.00000000000000 ) );
#1007 = DIRECTION( '', ( -1.00000000000000, 0.000000000000000, -5.69134998680040E-015 ) );
#1008 = SURFACE_STYLE_FILL_AREA( #1634 );
#1009 = ORIENTED_EDGE( '', *, *, #1635, .F. );
#1010 = ORIENTED_EDGE( '', *, *, #1636, .T. );
#1011 = ORIENTED_EDGE( '', *, *, #1637, .F. );
#1012 = ORIENTED_EDGE( '', *, *, #1638, .T. );
#1013 = ORIENTED_EDGE( '', *, *, #1639, .F. );
#1014 = CARTESIAN_POINT( '', ( 21.9964000000000, 0.000000000000000, 0.000000000000000 ) );
#1015 = DIRECTION( '', ( -1.00000000000000, 0.000000000000000, 0.000000000000000 ) );
#1016 = DIRECTION( '', ( 0.000000000000000, 0.000000000000000, 1.00000000000000 ) );
#1017 = SURFACE_STYLE_FILL_AREA( #1640 );
#1018 = ORIENTED_EDGE( '', *, *, #1641, .F. );
#1019 = ORIENTED_EDGE( '', *, *, #1623, .T. );
#1020 = ORIENTED_EDGE( '', *, *, #1554, .F. );
#1021 = ORIENTED_EDGE( '', *, *, #1642, .F. );
#1022 = CARTESIAN_POINT( '', ( 23.6363089363358, -0.673100000000000, 26.4682509252100 ) );
#1023 = DIRECTION( '', ( 7.46461635555655E-016, -1.00000000000000, 0.000000000000000 ) );
#1024 = DIRECTION( '', ( 1.00000000000000, 7.46461635555655E-016, 0.000000000000000 ) );
#1025 = SURFACE_STYLE_FILL_AREA( #1643 );
#1026 = ORIENTED_EDGE( '', *, *, #1644, .T. );
#1027 = ORIENTED_EDGE( '', *, *, #1645, .T. );
#1028 = ORIENTED_EDGE( '', *, *, #1635, .T. );
#1029 = ORIENTED_EDGE( '', *, *, #1646, .T. );
#1030 = ORIENTED_EDGE( '', *, *, #1647, .T. );
#1031 = ORIENTED_EDGE( '', *, *, #1648, .F. );
#1032 = ORIENTED_EDGE( '', *, *, #1631, .T. );
#1033 = ORIENTED_EDGE( '', *, *, #1649, .T. );
#1034 = ORIENTED_EDGE( '', *, *, #1650, .T. );
#1035 = ORIENTED_EDGE( '', *, *, #1651, .T. );
#1036 = ORIENTED_EDGE( '', *, *, #1652, .T. );
#1037 = ORIENTED_EDGE( '', *, *, #1653, .T. );
#1038 = ORIENTED_EDGE( '', *, *, #1578, .T. );
#1039 = ORIENTED_EDGE( '', *, *, #1586, .T. );
#1040 = ORIENTED_EDGE( '', *, *, #1654, .T. );
#1041 = ORIENTED_EDGE( '', *, *, #1655, .T. );
#1042 = ORIENTED_EDGE( '', *, *, #1656, .T. );
#1043 = CARTESIAN_POINT( '', ( 21.9964000000000, -2.76860000000000, -3.95286352407973 ) );
#1044 = DIRECTION( '', ( 0.000000000000000, 1.00000000000000, 7.96455462433394E-017 ) );
#1045 = DIRECTION( '', ( 0.000000000000000, -7.96455462433394E-017, 1.00000000000000 ) );
#1046 = SURFACE_STYLE_FILL_AREA( #1657 );
#1047 = VERTEX_POINT( '', #1658 );
#1048 = ORIENTED_EDGE( '', *, *, #1659, .T. );
#1049 = CARTESIAN_POINT( '', ( 10.0584000000000, 0.000000000000000, 0.000000000000000 ) );
#1050 = DIRECTION( '', ( -1.00000000000000, 0.000000000000000, -0.000000000000000 ) );
#1051 = DIRECTION( '', ( 0.000000000000000, 0.000000000000000, 1.00000000000000 ) );
#1052 = SURFACE_STYLE_FILL_AREA( #1660 );
#1053 = ORIENTED_EDGE( '', *, *, #1661, .T. );
#1054 = ORIENTED_EDGE( '', *, *, #1655, .F. );
#1055 = ORIENTED_EDGE( '', *, *, #1662, .F. );
#1056 = ORIENTED_EDGE( '', *, *, #1663, .F. );
#1057 = CARTESIAN_POINT( '', ( 23.4188000000000, -35.9192108890805, -8.76300000000000 ) );
#1058 = DIRECTION( '', ( 1.00000000000000, 0.000000000000000, 0.000000000000000 ) );
#1059 = DIRECTION( '', ( 0.000000000000000, 0.000000000000000, -1.00000000000000 ) );
#1060 = SURFACE_STYLE_FILL_AREA( #1664 );
#1061 = ORIENTED_EDGE( '', *, *, #1665, .F. );
#1062 = ORIENTED_EDGE( '', *, *, #1666, .T. );
#1063 = CARTESIAN_POINT( '', ( 30.8864000000000, 0.000000000000000, 0.000000000000000 ) );
#1064 = DIRECTION( '', ( -1.00000000000000, 0.000000000000000, -0.000000000000000 ) );
#1065 = DIRECTION( '', ( 0.000000000000000, 0.000000000000000, 1.00000000000000 ) );
#1066 = SURFACE_STYLE_FILL_AREA( #1667 );
#1067 = ORIENTED_EDGE( '', *, *, #1668, .T. );
#1068 = ORIENTED_EDGE( '', *, *, #1669, .F. );
#1069 = ORIENTED_EDGE( '', *, *, #1670, .F. );
#1070 = ORIENTED_EDGE( '', *, *, #1611, .F. );
#1071 = CARTESIAN_POINT( '', ( 24.2824000000000, 35.9192108890805, -5.33400000000000 ) );
#1072 = DIRECTION( '', ( 0.000000000000000, 0.000000000000000, 1.00000000000000 ) );
#1073 = DIRECTION( '', ( 1.00000000000000, 0.000000000000000, 0.000000000000000 ) );
#1074 = SURFACE_STYLE_FILL_AREA( #1671 );
#1075 = ORIENTED_EDGE( '', *, *, #1672, .F. );
#1076 = ORIENTED_EDGE( '', *, *, #1673, .T. );
#1077 = CARTESIAN_POINT( '', ( 3.32740000000000, 0.000000000000000, 1.52400000000000 ) );
#1078 = DIRECTION( '', ( 1.00000000000000, 0.000000000000000, 0.000000000000000 ) );
#1079 = DIRECTION( '', ( 0.000000000000000, 0.000000000000000, -1.00000000000000 ) );
#1080 = SURFACE_STYLE_FILL_AREA( #1674 );
#1081 = ORIENTED_EDGE( '', *, *, #1675, .T. );
#1082 = ORIENTED_EDGE( '', *, *, #1676, .T. );
#1083 = CARTESIAN_POINT( '', ( 4.24180000000000, -3.95946814610246, -2.28600000000000 ) );
#1084 = DIRECTION( '', ( -0.000000000000000, 0.866025403784439, 0.500000000000000 ) );
#1085 = DIRECTION( '', ( 0.000000000000000, 0.500000000000000, -0.866025403784439 ) );
#1086 = SURFACE_STYLE_FILL_AREA( #1677 );
#1087 = ORIENTED_EDGE( '', *, *, #1678, .F. );
#1088 = ORIENTED_EDGE( '', *, *, #1679, .T. );
#1089 = ORIENTED_EDGE( '', *, *, #1552, .F. );
#1090 = ORIENTED_EDGE( '', *, *, #1622, .F. );
#1091 = CARTESIAN_POINT( '', ( 23.6363089363358, 0.673100000000000, 26.4682509252100 ) );
#1092 = DIRECTION( '', ( 0.000000000000000, 1.00000000000000, 0.000000000000000 ) );
#1093 = DIRECTION( '', ( 0.000000000000000, 0.000000000000000, 1.00000000000000 ) );
#1094 = SURFACE_STYLE_FILL_AREA( #1680 );
#1095 = ORIENTED_EDGE( '', *, *, #1681, .F. );
#1096 = ORIENTED_EDGE( '', *, *, #1561, .F. );
#1097 = ORIENTED_EDGE( '', *, *, #1605, .F. );
#1098 = ORIENTED_EDGE( '', *, *, #1682, .T. );
#1099 = ORIENTED_EDGE( '', *, *, #1683, .F. );
#1100 = ORIENTED_EDGE( '', *, *, #1684, .T. );
#1101 = ORIENTED_EDGE( '', *, *, #1685, .T. );
#1102 = ORIENTED_EDGE( '', *, *, #1632, .T. );
#1103 = ORIENTED_EDGE( '', *, *, #1648, .T. );
#1104 = ORIENTED_EDGE( '', *, *, #1686, .T. );
#1105 = CARTESIAN_POINT( '', ( 30.1244000000000, 0.000000000000000, 3.81000000000000 ) );
#1106 = DIRECTION( '', ( -1.00000000000000, 0.000000000000000, 0.000000000000000 ) );
#1107 = DIRECTION( '', ( 0.000000000000000, 0.000000000000000, 1.00000000000000 ) );
#1108 = SURFACE_STYLE_FILL_AREA( #1687 );
#1109 = ORIENTED_EDGE( '', *, *, #1628, .T. );
#1110 = ORIENTED_EDGE( '', *, *, #1688, .F. );
#1111 = ORIENTED_EDGE( '', *, *, #1668, .F. );
#1112 = ORIENTED_EDGE( '', *, *, #1610, .F. );
#1113 = CARTESIAN_POINT( '', ( 27.8384000000000, 35.9192108890805, -6.09600000000000 ) );
#1114 = DIRECTION( '', ( 1.00000000000000, 0.000000000000000, 0.000000000000000 ) );
#1115 = DIRECTION( '', ( 0.000000000000000, 0.000000000000000, -1.00000000000000 ) );
#1116 = SURFACE_STYLE_FILL_AREA( #1689 );
#1117 = ORIENTED_EDGE( '', *, *, #1599, .T. );
#1118 = ORIENTED_EDGE( '', *, *, #1690, .F. );
#1119 = ORIENTED_EDGE( '', *, *, #1691, .F. );
#1120 = ORIENTED_EDGE( '', *, *, #1613, .F. );
#1121 = CARTESIAN_POINT( '', ( 23.4188000000000, 35.9192108890805, -8.76300000000000 ) );
#1122 = DIRECTION( '', ( -1.00000000000000, 0.000000000000000, 0.000000000000000 ) );
#1123 = DIRECTION( '', ( 0.000000000000000, 0.000000000000000, 1.00000000000000 ) );
#1124 = SURFACE_STYLE_FILL_AREA( #1692 );
#1125 = ORIENTED_EDGE( '', *, *, #1662, .T. );
#1126 = ORIENTED_EDGE( '', *, *, #1654, .F. );
#1127 = ORIENTED_EDGE( '', *, *, #1585, .F. );
#1128 = ORIENTED_EDGE( '', *, *, #1693, .F. );
#1129 = CARTESIAN_POINT( '', ( 23.4188000000000, -35.9192108890805, -6.09600000000000 ) );
#1130 = DIRECTION( '', ( 0.000000000000000, 0.000000000000000, -1.00000000000000 ) );
#1131 = DIRECTION( '', ( -1.00000000000000, 0.000000000000000, 0.000000000000000 ) );
#1132 = SURFACE_STYLE_FILL_AREA( #1694 );
#1133 = ORIENTED_EDGE( '', *, *, #1636, .F. );
#1134 = ORIENTED_EDGE( '', *, *, #1645, .F. );
#1135 = ORIENTED_EDGE( '', *, *, #1695, .F. );
#1136 = ORIENTED_EDGE( '', *, *, #1696, .F. );
#1137 = CARTESIAN_POINT( '', ( 22.1488000000000, -35.9192108890805, -6.09600000000000 ) );
#1138 = DIRECTION( '', ( 0.000000000000000, 0.000000000000000, -1.00000000000000 ) );
#1139 = DIRECTION( '', ( -1.00000000000000, 0.000000000000000, 0.000000000000000 ) );
#1140 = SURFACE_STYLE_FILL_AREA( #1697 );
#1141 = ORIENTED_EDGE( '', *, *, #1595, .F. );
#1142 = ORIENTED_EDGE( '', *, *, #1698, .F. );
#1143 = ORIENTED_EDGE( '', *, *, #1699, .T. );
#1144 = ORIENTED_EDGE( '', *, *, #1700, .T. );
#1145 = ORIENTED_EDGE( '', *, *, #1701, .T. );
#1146 = ORIENTED_EDGE( '', *, *, #1702, .F. );
#1147 = ORIENTED_EDGE( '', *, *, #1703, .T. );
#1148 = ORIENTED_EDGE( '', *, *, #1569, .T. );
#1149 = ORIENTED_EDGE( '', *, *, #1704, .T. );
#1150 = ORIENTED_EDGE( '', *, *, #1705, .F. );
#1151 = ORIENTED_EDGE( '', *, *, #1706, .T. );
#1152 = ORIENTED_EDGE( '', *, *, #1707, .T. );
#1153 = ORIENTED_EDGE( '', *, *, #1708, .T. );
#1154 = CARTESIAN_POINT( '', ( 10.3712681243276, 0.000000000000000, 0.000000000000000 ) );
#1155 = DIRECTION( '', ( 1.00000000000000, -0.000000000000000, -0.000000000000000 ) );
#1156 = DIRECTION( '', ( 0.000000000000000, 0.000000000000000, 1.00000000000000 ) );
#1157 = SURFACE_STYLE_FILL_AREA( #1709 );
#1158 = ORIENTED_EDGE( '', *, *, #1710, .T. );
#1159 = ORIENTED_EDGE( '', *, *, #1652, .F. );
#1160 = ORIENTED_EDGE( '', *, *, #1711, .F. );
#1161 = ORIENTED_EDGE( '', *, *, #1712, .F. );
#1162 = CARTESIAN_POINT( '', ( 28.7020000000000, -35.9192108890805, -6.09600000000000 ) );
#1163 = DIRECTION( '', ( 0.000000000000000, 0.000000000000000, -1.00000000000000 ) );
#1164 = DIRECTION( '', ( -1.00000000000000, 0.000000000000000, 0.000000000000000 ) );
#1165 = SURFACE_STYLE_FILL_AREA( #1713 );
#1166 = ORIENTED_EDGE( '', *, *, #1558, .T. );
#1167 = ORIENTED_EDGE( '', *, *, #1714, .F. );
#1168 = ORIENTED_EDGE( '', *, *, #1715, .F. );
#1169 = ORIENTED_EDGE( '', *, *, #1602, .F. );
#1170 = CARTESIAN_POINT( '', ( 22.1488000000000, 35.9192108890805, -6.09600000000000 ) );
#1171 = DIRECTION( '', ( 0.000000000000000, 0.000000000000000, 1.00000000000000 ) );
#1172 = DIRECTION( '', ( 1.00000000000000, 0.000000000000000, 0.000000000000000 ) );
#1173 = SURFACE_STYLE_FILL_AREA( #1716 );
#1174 = ORIENTED_EDGE( '', *, *, #1666, .F. );
#1175 = CARTESIAN_POINT( '', ( 30.8864000000000, 0.000000000000000, 0.000000000000000 ) );
#1176 = DIRECTION( '', ( -1.00000000000000, 0.000000000000000, 0.000000000000000 ) );
#1177 = DIRECTION( '', ( 0.000000000000000, 0.000000000000000, 1.00000000000000 ) );
#1178 = SURFACE_STYLE_FILL_AREA( #1717 );
#1179 = ORIENTED_EDGE( '', *, *, #1575, .F. );
#1180 = ORIENTED_EDGE( '', *, *, #1718, .T. );
#1181 = CARTESIAN_POINT( '', ( 8.43280000000000, 0.000000000000000, 2.72287565453220 ) );
#1182 = DIRECTION( '', ( 1.00000000000000, 0.000000000000000, 0.000000000000000 ) );
#1183 = DIRECTION( '', ( 0.000000000000000, 0.000000000000000, -1.00000000000000 ) );
#1184 = SURFACE_STYLE_FILL_AREA( #1719 );
#1185 = ORIENTED_EDGE( '', *, *, #1637, .T. );
#1186 = ORIENTED_EDGE( '', *, *, #1696, .T. );
#1187 = ORIENTED_EDGE( '', *, *, #1720, .T. );
#1188 = ORIENTED_EDGE( '', *, *, #1721, .T. );
#1189 = ORIENTED_EDGE( '', *, *, #1663, .T. );
#1190 = ORIENTED_EDGE( '', *, *, #1693, .T. );
#1191 = ORIENTED_EDGE( '', *, *, #1587, .T. );
#1192 = ORIENTED_EDGE( '', *, *, #1580, .T. );
#1193 = ORIENTED_EDGE( '', *, *, #1722, .T. );
#1194 = ORIENTED_EDGE( '', *, *, #1712, .T. );
#1195 = ORIENTED_EDGE( '', *, *, #1723, .T. );
#1196 = ORIENTED_EDGE( '', *, *, #1724, .T. );
#1197 = ORIENTED_EDGE( '', *, *, #1725, .T. );
#1198 = ORIENTED_EDGE( '', *, *, #1633, .T. );
#1199 = ORIENTED_EDGE( '', *, *, #1685, .F. );
#1200 = ORIENTED_EDGE( '', *, *, #1726, .T. );
#1201 = CARTESIAN_POINT( '', ( 21.9964000000000, -3.78460000000000, -2.99450811319656 ) );
#1202 = DIRECTION( '', ( 0.000000000000000, -1.00000000000000, 0.000000000000000 ) );
#1203 = DIRECTION( '', ( 0.000000000000000, 0.000000000000000, -1.00000000000000 ) );
#1204 = SURFACE_STYLE_FILL_AREA( #1727 );
#1205 = ORIENTED_EDGE( '', *, *, #1592, .F. );
#1206 = ORIENTED_EDGE( '', *, *, #1728, .T. );
#1207 = CARTESIAN_POINT( '', ( 8.40740000000000, 0.000000000000000, 0.000000000000000 ) );
#1208 = DIRECTION( '', ( -1.00000000000000, 0.000000000000000, -0.000000000000000 ) );
#1209 = DIRECTION( '', ( 0.000000000000000, 0.000000000000000, 1.00000000000000 ) );
#1210 = SURFACE_STYLE_FILL_AREA( #1729 );
#1211 = ORIENTED_EDGE( '', *, *, #1700, .F. );
#1212 = ORIENTED_EDGE( '', *, *, #1730, .T. );
#1213 = ORIENTED_EDGE( '', *, *, #1731, .T. );
#1214 = ORIENTED_EDGE( '', *, *, #1732, .T. );
#1215 = CARTESIAN_POINT( '', ( 4.24180000000000, 0.000000000000000, 0.000000000000000 ) );
#1216 = DIRECTION( '', ( -1.00000000000000, 0.000000000000000, 0.000000000000000 ) );
#1217 = DIRECTION( '', ( 0.000000000000000, 0.000000000000000, 1.00000000000000 ) );
#1218 = SURFACE_STYLE_FILL_AREA( #1733 );
#1219 = ORIENTED_EDGE( '', *, *, #1734, .F. );
#1220 = ORIENTED_EDGE( '', *, *, #1735, .T. );
#1221 = CARTESIAN_POINT( '', ( 4.24180000000000, -5.72756231745446E-016, 5.84200000000000 ) );
#1222 = DIRECTION( '', ( -0.000000000000000, 6.12323399573677E-017, 1.00000000000000 ) );
#1223 = DIRECTION( '', ( 0.000000000000000, 1.00000000000000, -6.12323399573677E-017 ) );
#1224 = SURFACE_STYLE_FILL_AREA( #1736 );
#1225 = ORIENTED_EDGE( '', *, *, #1737, .F. );
#1226 = ORIENTED_EDGE( '', *, *, #1582, .T. );
#1227 = CARTESIAN_POINT( '', ( 8.33120000000000, 0.000000000000000, 2.15900000000000 ) );
#1228 = DIRECTION( '', ( 1.00000000000000, 0.000000000000000, 0.000000000000000 ) );
#1229 = DIRECTION( '', ( 0.000000000000000, 0.000000000000000, -1.00000000000000 ) );
#1230 = SURFACE_STYLE_FILL_AREA( #1738 );
#1231 = ORIENTED_EDGE( '', *, *, #1678, .T. );
#1232 = ORIENTED_EDGE( '', *, *, #1621, .T. );
#1233 = ORIENTED_EDGE( '', *, *, #1641, .T. );
#1234 = ORIENTED_EDGE( '', *, *, #1739, .T. );
#1235 = ORIENTED_EDGE( '', *, *, #1740, .T. );
#1236 = ORIENTED_EDGE( '', *, *, #1686, .F. );
#1237 = ORIENTED_EDGE( '', *, *, #1647, .F. );
#1238 = ORIENTED_EDGE( '', *, *, #1741, .T. );
#1239 = ORIENTED_EDGE( '', *, *, #1742, .T. );
#1240 = ORIENTED_EDGE( '', *, *, #1665, .T. );
#1241 = CARTESIAN_POINT( '', ( 10.3712681243276, 0.000000000000000, 0.000000000000000 ) );
#1242 = DIRECTION( '', ( 1.00000000000000, -0.000000000000000, -0.000000000000000 ) );
#1243 = DIRECTION( '', ( 0.000000000000000, 0.000000000000000, 1.00000000000000 ) );
#1244 = SURFACE_STYLE_FILL_AREA( #1743 );
#1245 = ORIENTED_EDGE( '', *, *, #1638, .F. );
#1246 = ORIENTED_EDGE( '', *, *, #1726, .F. );
#1247 = ORIENTED_EDGE( '', *, *, #1684, .F. );
#1248 = ORIENTED_EDGE( '', *, *, #1744, .F. );
#1249 = CARTESIAN_POINT( '', ( 10.3712681243276, -5.05460000000000, -3.40767293618387 ) );
#1250 = DIRECTION( '', ( 1.00000000000000, -0.000000000000000, -0.000000000000000 ) );
#1251 = DIRECTION( '', ( 0.000000000000000, 0.000000000000000, 1.00000000000000 ) );
#1252 = SURFACE_STYLE_FILL_AREA( #1745 );
#1253 = ORIENTED_EDGE( '', *, *, #1670, .T. );
#1254 = ORIENTED_EDGE( '', *, *, #1746, .F. );
#1255 = ORIENTED_EDGE( '', *, *, #1597, .F. );
#1256 = ORIENTED_EDGE( '', *, *, #1612, .F. );
#1257 = CARTESIAN_POINT( '', ( 24.2824000000000, 35.9192108890805, -6.09600000000000 ) );
#1258 = DIRECTION( '', ( -1.00000000000000, 0.000000000000000, 0.000000000000000 ) );
#1259 = DIRECTION( '', ( 0.000000000000000, 0.000000000000000, 1.00000000000000 ) );
#1260 = SURFACE_STYLE_FILL_AREA( #1747 );
#1261 = ORIENTED_EDGE( '', *, *, #1616, .T. );
#1262 = ORIENTED_EDGE( '', *, *, #1740, .F. );
#1263 = CARTESIAN_POINT( '', ( 26.4668000000000, 0.000000000000000, 26.4682509252100 ) );
#1264 = DIRECTION( '', ( -0.000000000000000, -0.000000000000000, 1.00000000000000 ) );
#1265 = DIRECTION( '', ( -1.00000000000000, 0.000000000000000, 0.000000000000000 ) );
#1266 = SURFACE_STYLE_FILL_AREA( #1748 );
#1267 = ORIENTED_EDGE( '', *, *, #1705, .T. );
#1268 = ORIENTED_EDGE( '', *, *, #1749, .T. );
#1269 = CARTESIAN_POINT( '', ( 4.24180000000000, -4.97686986862436E-016, 4.57200000000000 ) );
#1270 = DIRECTION( '', ( -0.000000000000000, -6.12323399573677E-017, -1.00000000000000 ) );
#1271 = DIRECTION( '', ( 0.000000000000000, -1.00000000000000, 6.12323399573677E-017 ) );
#1272 = SURFACE_STYLE_FILL_AREA( #1750 );
#1273 = ORIENTED_EDGE( '', *, *, #1728, .F. );
#1274 = ORIENTED_EDGE( '', *, *, #1751, .T. );
#1275 = CARTESIAN_POINT( '', ( 0.571500000000000, 0.000000000000000, 0.000000000000000 ) );
#1276 = DIRECTION( '', ( -1.00000000000000, 0.000000000000000, -0.000000000000000 ) );
#1277 = DIRECTION( '', ( 0.000000000000000, 0.000000000000000, 1.00000000000000 ) );
#1278 = SURFACE_STYLE_FILL_AREA( #1752 );
#1279 = ORIENTED_EDGE( '', *, *, #1702, .T. );
#1280 = ORIENTED_EDGE( '', *, *, #1753, .T. );
#1281 = CARTESIAN_POINT( '', ( 4.24180000000000, -3.95946814610246, -2.28600000000000 ) );
#1282 = DIRECTION( '', ( -0.000000000000000, 0.866025403784439, 0.500000000000000 ) );
#1283 = DIRECTION( '', ( 0.000000000000000, 0.500000000000000, -0.866025403784439 ) );
#1284 = SURFACE_STYLE_FILL_AREA( #1754 );
#1285 = ORIENTED_EDGE( '', *, *, #1673, .F. );
#1286 = ORIENTED_EDGE( '', *, *, #1737, .T. );
#1287 = CARTESIAN_POINT( '', ( 10.3712681243276, 0.000000000000000, 0.000000000000000 ) );
#1288 = DIRECTION( '', ( 1.00000000000000, -0.000000000000000, -0.000000000000000 ) );
#1289 = DIRECTION( '', ( 0.000000000000000, 0.000000000000000, 1.00000000000000 ) );
#1290 = SURFACE_STYLE_FILL_AREA( #1755 );
#1291 = ORIENTED_EDGE( '', *, *, #1711, .T. );
#1292 = ORIENTED_EDGE( '', *, *, #1651, .F. );
#1293 = ORIENTED_EDGE( '', *, *, #1756, .F. );
#1294 = ORIENTED_EDGE( '', *, *, #1723, .F. );
#1295 = CARTESIAN_POINT( '', ( 28.7020000000000, -35.9192108890805, -8.76300000000000 ) );
#1296 = DIRECTION( '', ( -1.00000000000000, 0.000000000000000, -1.30087999698298E-015 ) );
#1297 = DIRECTION( '', ( -1.30087999698298E-015, 0.000000000000000, 1.00000000000000 ) );
#1298 = SURFACE_STYLE_FILL_AREA( #1757 );
#1299 = ORIENTED_EDGE( '', *, *, #1659, .F. );
#1300 = ORIENTED_EDGE( '', *, *, #1758, .T. );
#1301 = CARTESIAN_POINT( '', ( 10.3712681243276, 0.000000000000000, 0.000000000000000 ) );
#1302 = DIRECTION( '', ( 1.00000000000000, -0.000000000000000, -0.000000000000000 ) );
#1303 = DIRECTION( '', ( 0.000000000000000, 0.000000000000000, 1.00000000000000 ) );
#1304 = SURFACE_STYLE_FILL_AREA( #1759 );
#1305 = ORIENTED_EDGE( '', *, *, #1566, .T. );
#1306 = ORIENTED_EDGE( '', *, *, #1732, .F. );
#1307 = ORIENTED_EDGE( '', *, *, #1760, .F. );
#1308 = ORIENTED_EDGE( '', *, *, #1675, .F. );
#1309 = ORIENTED_EDGE( '', *, *, #1761, .F. );
#1310 = ORIENTED_EDGE( '', *, *, #1570, .F. );
#1311 = ORIENTED_EDGE( '', *, *, #1703, .F. );
#1312 = ORIENTED_EDGE( '', *, *, #1753, .F. );
#1313 = ORIENTED_EDGE( '', *, *, #1701, .F. );
#1314 = CARTESIAN_POINT( '', ( 4.24180000000000, -3.95946814610246, -2.28600000000000 ) );
#1315 = DIRECTION( '', ( -3.08148791101958E-033, 0.866025403784439, 0.500000000000000 ) );
#1316 = DIRECTION( '', ( 0.000000000000000, -0.500000000000000, 0.866025403784439 ) );
#1317 = SURFACE_STYLE_FILL_AREA( #1762 );
#1318 = ORIENTED_EDGE( '', *, *, #1567, .F. );
#1319 = CARTESIAN_POINT( '', ( -12.7000000000000, 0.000000000000000, 0.000000000000000 ) );
#1320 = DIRECTION( '', ( 1.00000000000000, -0.000000000000000, -0.000000000000000 ) );
#1321 = DIRECTION( '', ( 0.000000000000000, 0.000000000000000, 1.00000000000000 ) );
#1322 = SURFACE_STYLE_FILL_AREA( #1763 );
#1323 = ORIENTED_EDGE( '', *, *, #1764, .T. );
#1324 = ORIENTED_EDGE( '', *, *, #1765, .F. );
#1325 = ORIENTED_EDGE( '', *, *, #1766, .F. );
#1326 = ORIENTED_EDGE( '', *, *, #1607, .F. );
#1327 = CARTESIAN_POINT( '', ( 29.3370000000000, 35.9192108890805, -8.76300000000000 ) );
#1328 = DIRECTION( '', ( -0.000000000000000, 1.00000000000000, -0.000000000000000 ) );
#1329 = DIRECTION( '', ( 0.000000000000000, 0.000000000000000, -1.00000000000000 ) );
#1330 = SURFACE_STYLE_FILL_AREA( #1767 );
#1331 = ORIENTED_EDGE( '', *, *, #1691, .T. );
#1332 = ORIENTED_EDGE( '', *, *, #1768, .F. );
#1333 = ORIENTED_EDGE( '', *, *, #1556, .F. );
#1334 = ORIENTED_EDGE( '', *, *, #1614, .F. );
#1335 = CARTESIAN_POINT( '', ( 22.7838000000000, 35.9192108890805, -8.76300000000000 ) );
#1336 = DIRECTION( '', ( -0.000000000000000, 1.00000000000000, -0.000000000000000 ) );
#1337 = DIRECTION( '', ( 0.000000000000000, 0.000000000000000, -1.00000000000000 ) );
#1338 = SURFACE_STYLE_FILL_AREA( #1769 );
#1339 = ORIENTED_EDGE( '', *, *, #1770, .T. );
#1340 = ORIENTED_EDGE( '', *, *, #1771, .F. );
#1341 = ORIENTED_EDGE( '', *, *, #1772, .F. );
#1342 = ORIENTED_EDGE( '', *, *, #1618, .F. );
#1343 = ORIENTED_EDGE( '', *, *, #1773, .F. );
#1344 = ORIENTED_EDGE( '', *, *, #1730, .F. );
#1345 = ORIENTED_EDGE( '', *, *, #1699, .F. );
#1346 = ORIENTED_EDGE( '', *, *, #1774, .F. );
#1347 = ORIENTED_EDGE( '', *, *, #1708, .F. );
#1348 = CARTESIAN_POINT( '', ( 4.24180000000000, 3.95946814610245, -2.28600000000000 ) );
#1349 = DIRECTION( '', ( 6.16297582203916E-033, -0.866025403784438, 0.500000000000000 ) );
#1350 = DIRECTION( '', ( 0.000000000000000, -0.500000000000000, -0.866025403784438 ) );
#1351 = SURFACE_STYLE_FILL_AREA( #1775 );
#1352 = ORIENTED_EDGE( '', *, *, #1603, .T. );
#1353 = ORIENTED_EDGE( '', *, *, #1715, .T. );
#1354 = ORIENTED_EDGE( '', *, *, #1776, .T. );
#1355 = ORIENTED_EDGE( '', *, *, #1777, .T. );
#1356 = ORIENTED_EDGE( '', *, *, #1778, .T. );
#1357 = CARTESIAN_POINT( '', ( 21.9964000000000, 0.000000000000000, 0.000000000000000 ) );
#1358 = DIRECTION( '', ( 1.00000000000000, 0.000000000000000, 0.000000000000000 ) );
#1359 = DIRECTION( '', ( 0.000000000000000, 0.000000000000000, -1.00000000000000 ) );
#1360 = SURFACE_STYLE_FILL_AREA( #1779 );
#1361 = ORIENTED_EDGE( '', *, *, #1735, .F. );
#1362 = CARTESIAN_POINT( '', ( -12.7000000000000, 0.000000000000000, 0.000000000000000 ) );
#1363 = DIRECTION( '', ( 1.00000000000000, -0.000000000000000, -0.000000000000000 ) );
#1364 = DIRECTION( '', ( 0.000000000000000, 0.000000000000000, 1.00000000000000 ) );
#1365 = SURFACE_STYLE_FILL_AREA( #1780 );
#1366 = ORIENTED_EDGE( '', *, *, #1778, .F. );
#1367 = ORIENTED_EDGE( '', *, *, #1781, .F. );
#1368 = ORIENTED_EDGE( '', *, *, #1682, .F. );
#1369 = ORIENTED_EDGE( '', *, *, #1604, .F. );
#1370 = CARTESIAN_POINT( '', ( 10.3712681243276, 5.05460000000000, -3.40767293618387 ) );
#1371 = DIRECTION( '', ( 1.00000000000000, -0.000000000000000, -0.000000000000000 ) );
#1372 = DIRECTION( '', ( 0.000000000000000, 0.000000000000000, 1.00000000000000 ) );
#1373 = SURFACE_STYLE_FILL_AREA( #1782 );
#1374 = ORIENTED_EDGE( '', *, *, #1734, .T. );
#1375 = ORIENTED_EDGE( '', *, *, #1572, .F. );
#1376 = ORIENTED_EDGE( '', *, *, #1783, .F. );
#1377 = ORIENTED_EDGE( '', *, *, #1784, .F. );
#1378 = ORIENTED_EDGE( '', *, *, #1785, .F. );
#1379 = ORIENTED_EDGE( '', *, *, #1786, .F. );
#1380 = ORIENTED_EDGE( '', *, *, #1706, .F. );
#1381 = ORIENTED_EDGE( '', *, *, #1749, .F. );
#1382 = ORIENTED_EDGE( '', *, *, #1704, .F. );
#1383 = CARTESIAN_POINT( '', ( 4.24180000000000, -4.97686986862436E-016, 4.57200000000000 ) );
#1384 = DIRECTION( '', ( 0.000000000000000, -6.12323399573677E-017, -1.00000000000000 ) );
#1385 = DIRECTION( '', ( 0.000000000000000, 1.00000000000000, -6.12323399573677E-017 ) );
#1386 = SURFACE_STYLE_FILL_AREA( #1787 );
#1387 = ORIENTED_EDGE( '', *, *, #1718, .F. );
#1388 = ORIENTED_EDGE( '', *, *, #1591, .T. );
#1389 = CARTESIAN_POINT( '', ( 10.3712681243276, 0.000000000000000, 0.000000000000000 ) );
#1390 = DIRECTION( '', ( 1.00000000000000, -0.000000000000000, -0.000000000000000 ) );
#1391 = DIRECTION( '', ( 0.000000000000000, 0.000000000000000, 1.00000000000000 ) );
#1392 = SURFACE_STYLE_FILL_AREA( #1788 );
#1393 = ORIENTED_EDGE( '', *, *, #1695, .T. );
#1394 = ORIENTED_EDGE( '', *, *, #1644, .F. );
#1395 = ORIENTED_EDGE( '', *, *, #1789, .F. );
#1396 = ORIENTED_EDGE( '', *, *, #1720, .F. );
#1397 = CARTESIAN_POINT( '', ( 22.1488000000000, -35.9192108890805, -8.76300000000000 ) );
#1398 = DIRECTION( '', ( -1.00000000000000, 0.000000000000000, 0.000000000000000 ) );
#1399 = DIRECTION( '', ( 0.000000000000000, 0.000000000000000, 1.00000000000000 ) );
#1400 = SURFACE_STYLE_FILL_AREA( #1790 );
#1401 = ORIENTED_EDGE( '', *, *, #1563, .T. );
#1402 = ORIENTED_EDGE( '', *, *, #1791, .F. );
#1403 = ORIENTED_EDGE( '', *, *, #1764, .F. );
#1404 = ORIENTED_EDGE( '', *, *, #1606, .F. );
#1405 = CARTESIAN_POINT( '', ( 29.9720000000000, 35.9192108890805, -8.76300000000000 ) );
#1406 = DIRECTION( '', ( -1.00000000000000, 0.000000000000000, 1.30087999698298E-015 ) );
#1407 = DIRECTION( '', ( 1.30087999698298E-015, 0.000000000000000, 1.00000000000000 ) );
#1408 = SURFACE_STYLE_FILL_AREA( #1792 );
#1409 = ORIENTED_EDGE( '', *, *, #1793, .F. );
#1410 = ORIENTED_EDGE( '', *, *, #1794, .F. );
#1411 = ORIENTED_EDGE( '', *, *, #1741, .F. );
#1412 = ORIENTED_EDGE( '', *, *, #1646, .F. );
#1413 = CARTESIAN_POINT( '', ( 21.9964000000000, 0.000000000000000, 4.33680868994202E-016 ) );
#1414 = DIRECTION( '', ( -1.00000000000000, 0.000000000000000, 0.000000000000000 ) );
#1415 = DIRECTION( '', ( 0.000000000000000, 0.000000000000000, 1.00000000000000 ) );
#1416 = SURFACE_STYLE_FILL_AREA( #1795 );
#1417 = ORIENTED_EDGE( '', *, *, #1789, .T. );
#1418 = ORIENTED_EDGE( '', *, *, #1656, .F. );
#1419 = ORIENTED_EDGE( '', *, *, #1661, .F. );
#1420 = ORIENTED_EDGE( '', *, *, #1721, .F. );
#1421 = CARTESIAN_POINT( '', ( 22.7838000000000, -35.9192108890805, -8.76300000000000 ) );
#1422 = DIRECTION( '', ( -0.000000000000000, -1.00000000000000, -0.000000000000000 ) );
#1423 = DIRECTION( '', ( 0.000000000000000, 0.000000000000000, 1.00000000000000 ) );
#1424 = SURFACE_STYLE_FILL_AREA( #1796 );
#1425 = ORIENTED_EDGE( '', *, *, #1619, .F. );
#1426 = ORIENTED_EDGE( '', *, *, #1772, .T. );
#1427 = ORIENTED_EDGE( '', *, *, #1797, .F. );
#1428 = ORIENTED_EDGE( '', *, *, #1785, .T. );
#1429 = ORIENTED_EDGE( '', *, *, #1798, .F. );
#1430 = ORIENTED_EDGE( '', *, *, #1783, .T. );
#1431 = ORIENTED_EDGE( '', *, *, #1571, .F. );
#1432 = ORIENTED_EDGE( '', *, *, #1761, .T. );
#1433 = ORIENTED_EDGE( '', *, *, #1676, .F. );
#1434 = ORIENTED_EDGE( '', *, *, #1760, .T. );
#1435 = ORIENTED_EDGE( '', *, *, #1731, .F. );
#1436 = ORIENTED_EDGE( '', *, *, #1773, .T. );
#1437 = ORIENTED_EDGE( '', *, *, #1777, .F. );
#1438 = ORIENTED_EDGE( '', *, *, #1793, .T. );
#1439 = ORIENTED_EDGE( '', *, *, #1639, .T. );
#1440 = ORIENTED_EDGE( '', *, *, #1744, .T. );
#1441 = ORIENTED_EDGE( '', *, *, #1683, .T. );
#1442 = ORIENTED_EDGE( '', *, *, #1781, .T. );
#1443 = CARTESIAN_POINT( '', ( 10.3712681243276, 0.000000000000000, 0.000000000000000 ) );
#1444 = DIRECTION( '', ( 1.00000000000000, -0.000000000000000, -0.000000000000000 ) );
#1445 = DIRECTION( '', ( 0.000000000000000, 0.000000000000000, 1.00000000000000 ) );
#1446 = SURFACE_STYLE_FILL_AREA( #1799 );
#1447 = ORIENTED_EDGE( '', *, *, #1770, .F. );
#1448 = ORIENTED_EDGE( '', *, *, #1800, .T. );
#1449 = CARTESIAN_POINT( '', ( 4.24180000000000, 5.05932040890869, -2.92100000000000 ) );
#1450 = DIRECTION( '', ( -0.000000000000000, 0.866025403784438, -0.500000000000000 ) );
#1451 = DIRECTION( '', ( 0.000000000000000, -0.500000000000000, -0.866025403784438 ) );
#1452 = SURFACE_STYLE_FILL_AREA( #1801 );
#1453 = ORIENTED_EDGE( '', *, *, #1797, .T. );
#1454 = ORIENTED_EDGE( '', *, *, #1771, .T. );
#1455 = ORIENTED_EDGE( '', *, *, #1707, .F. );
#1456 = ORIENTED_EDGE( '', *, *, #1786, .T. );
#1457 = CARTESIAN_POINT( '', ( 4.24180000000000, 0.000000000000000, 0.000000000000000 ) );
#1458 = DIRECTION( '', ( -1.00000000000000, 0.000000000000000, 0.000000000000000 ) );
#1459 = DIRECTION( '', ( 0.000000000000000, 0.000000000000000, 1.00000000000000 ) );
#1460 = SURFACE_STYLE_FILL_AREA( #1802 );
#1461 = ORIENTED_EDGE( '', *, *, #1766, .T. );
#1462 = ORIENTED_EDGE( '', *, *, #1803, .F. );
#1463 = ORIENTED_EDGE( '', *, *, #1626, .F. );
#1464 = ORIENTED_EDGE( '', *, *, #1608, .F. );
#1465 = CARTESIAN_POINT( '', ( 28.7020000000000, 35.9192108890805, -8.76300000000000 ) );
#1466 = DIRECTION( '', ( 1.00000000000000, 0.000000000000000, 1.30087999698298E-015 ) );
#1467 = DIRECTION( '', ( 1.30087999698298E-015, 0.000000000000000, -1.00000000000000 ) );
#1468 = SURFACE_STYLE_FILL_AREA( #1804 );
#1469 = ORIENTED_EDGE( '', *, *, #1739, .F. );
#1470 = ORIENTED_EDGE( '', *, *, #1642, .T. );
#1471 = ORIENTED_EDGE( '', *, *, #1553, .F. );
#1472 = ORIENTED_EDGE( '', *, *, #1679, .F. );
#1473 = CARTESIAN_POINT( '', ( 26.3087462508485, 0.000000000000000, 26.4682509252100 ) );
#1474 = DIRECTION( '', ( -0.000000000000000, -0.000000000000000, 1.00000000000000 ) );
#1475 = DIRECTION( '', ( -1.00000000000000, 0.000000000000000, 0.000000000000000 ) );
#1476 = SURFACE_STYLE_FILL_AREA( #1805 );
#1477 = ORIENTED_EDGE( '', *, *, #1806, .T. );
#1478 = ORIENTED_EDGE( '', *, *, #1649, .F. );
#1479 = ORIENTED_EDGE( '', *, *, #1630, .F. );
#1480 = ORIENTED_EDGE( '', *, *, #1725, .F. );
#1481 = CARTESIAN_POINT( '', ( 29.9720000000000, -35.9192108890805, -8.76300000000000 ) );
#1482 = DIRECTION( '', ( 1.00000000000000, 0.000000000000000, -1.30087999698298E-015 ) );
#1483 = DIRECTION( '', ( -1.30087999698298E-015, 0.000000000000000, -1.00000000000000 ) );
#1484 = SURFACE_STYLE_FILL_AREA( #1807 );
#1485 = ORIENTED_EDGE( '', *, *, #1756, .T. );
#1486 = ORIENTED_EDGE( '', *, *, #1650, .F. );
#1487 = ORIENTED_EDGE( '', *, *, #1806, .F. );
#1488 = ORIENTED_EDGE( '', *, *, #1724, .F. );
#1489 = CARTESIAN_POINT( '', ( 29.3370000000000, -35.9192108890805, -8.76300000000000 ) );
#1490 = DIRECTION( '', ( -0.000000000000000, -1.00000000000000, -0.000000000000000 ) );
#1491 = DIRECTION( '', ( 0.000000000000000, 0.000000000000000, 1.00000000000000 ) );
#1492 = SURFACE_STYLE_FILL_AREA( #1808 );
#1493 = ORIENTED_EDGE( '', *, *, #1758, .F. );
#1494 = ORIENTED_EDGE( '', *, *, #1672, .T. );
#1495 = CARTESIAN_POINT( '', ( 3.32740000000000, 0.000000000000000, 0.000000000000000 ) );
#1496 = DIRECTION( '', ( -1.00000000000000, 0.000000000000000, -0.000000000000000 ) );
#1497 = DIRECTION( '', ( 0.000000000000000, 0.000000000000000, 1.00000000000000 ) );
#1498 = SURFACE_STYLE_FILL_AREA( #1809 );
#1499 = ORIENTED_EDGE( '', *, *, #1784, .T. );
#1500 = ORIENTED_EDGE( '', *, *, #1798, .T. );
#1501 = CARTESIAN_POINT( '', ( 4.24180000000000, -4.97686986862436E-016, 4.57200000000000 ) );
#1502 = DIRECTION( '', ( -0.000000000000000, -6.12323399573677E-017, -1.00000000000000 ) );
#1503 = DIRECTION( '', ( 0.000000000000000, -1.00000000000000, 6.12323399573677E-017 ) );
#1504 = SURFACE_STYLE_FILL_AREA( #1810 );
#1505 = ORIENTED_EDGE( '', *, *, #1751, .F. );
#1506 = ORIENTED_EDGE( '', *, *, #1594, .T. );
#1507 = CARTESIAN_POINT( '', ( 0.000000000000000, 0.000000000000000, 0.000000000000000 ) );
#1508 = DIRECTION( '', ( -1.00000000000000, 0.000000000000000, -0.000000000000000 ) );
#1509 = DIRECTION( '', ( 0.000000000000000, 0.000000000000000, 1.00000000000000 ) );
#1510 = SURFACE_STYLE_FILL_AREA( #1811 );
#1511 = ORIENTED_EDGE( '', *, *, #1698, .T. );
#1512 = ORIENTED_EDGE( '', *, *, #1774, .T. );
#1513 = CARTESIAN_POINT( '', ( 4.24180000000000, 3.95946814610245, -2.28600000000000 ) );
#1514 = DIRECTION( '', ( -0.000000000000000, -0.866025403784438, 0.500000000000000 ) );
#1515 = DIRECTION( '', ( 0.000000000000000, 0.500000000000000, 0.866025403784438 ) );
#1516 = SURFACE_STYLE_FILL_AREA( #1812 );
#1517 = ORIENTED_EDGE( '', *, *, #1800, .F. );
#1518 = CARTESIAN_POINT( '', ( -12.7000000000000, 0.000000000000000, 0.000000000000000 ) );
#1519 = DIRECTION( '', ( 1.00000000000000, -0.000000000000000, -0.000000000000000 ) );
#1520 = DIRECTION( '', ( 0.000000000000000, 0.000000000000000, 1.00000000000000 ) );
#1521 = SURFACE_STYLE_FILL_AREA( #1813 );
#1522 = ORIENTED_EDGE( '', *, *, #1776, .F. );
#1523 = ORIENTED_EDGE( '', *, *, #1714, .T. );
#1524 = ORIENTED_EDGE( '', *, *, #1557, .T. );
#1525 = ORIENTED_EDGE( '', *, *, #1768, .T. );
#1526 = ORIENTED_EDGE( '', *, *, #1690, .T. );
#1527 = ORIENTED_EDGE( '', *, *, #1598, .T. );
#1528 = ORIENTED_EDGE( '', *, *, #1746, .T. );
#1529 = ORIENTED_EDGE( '', *, *, #1669, .T. );
#1530 = ORIENTED_EDGE( '', *, *, #1688, .T. );
#1531 = ORIENTED_EDGE( '', *, *, #1627, .T. );
#1532 = ORIENTED_EDGE( '', *, *, #1803, .T. );
#1533 = ORIENTED_EDGE( '', *, *, #1765, .T. );
#1534 = ORIENTED_EDGE( '', *, *, #1791, .T. );
#1535 = ORIENTED_EDGE( '', *, *, #1562, .T. );
#1536 = ORIENTED_EDGE( '', *, *, #1681, .T. );
#1537 = ORIENTED_EDGE( '', *, *, #1742, .F. );
#1538 = ORIENTED_EDGE( '', *, *, #1794, .T. );
#1539 = CARTESIAN_POINT( '', ( 21.9964000000000, 2.76860000000000, -3.95286352407973 ) );
#1540 = DIRECTION( '', ( 0.000000000000000, 1.00000000000000, -7.96455462433394E-017 ) );
#1541 = DIRECTION( '', ( 0.000000000000000, 7.96455462433394E-017, 1.00000000000000 ) );
#1542 = SURFACE_STYLE_FILL_AREA( #1814 );
#1543 = ORIENTED_EDGE( '', *, *, #1579, .T. );
#1544 = ORIENTED_EDGE( '', *, *, #1653, .F. );
#1545 = ORIENTED_EDGE( '', *, *, #1710, .F. );
#1546 = ORIENTED_EDGE( '', *, *, #1722, .F. );
#1547 = CARTESIAN_POINT( '', ( 27.8384000000000, -35.9192108890805, -6.09600000000000 ) );
#1548 = DIRECTION( '', ( -1.00000000000000, 0.000000000000000, 0.000000000000000 ) );
#1549 = DIRECTION( '', ( 0.000000000000000, 0.000000000000000, 1.00000000000000 ) );
#1550 = FILL_AREA_STYLE( '', ( #1815 ) );
#1551 = EDGE_CURVE( '', #1816, #1817, #1818, .T. );
#1552 = EDGE_CURVE( '', #1817, #1819, #1820, .T. );
#1553 = EDGE_CURVE( '', #1819, #1821, #1822, .T. );
#1554 = EDGE_CURVE( '', #1821, #1816, #1823, .T. );
#1555 = FILL_AREA_STYLE( '', ( #1824 ) );
#1556 = EDGE_CURVE( '', #1825, #1826, #1827, .T. );
#1557 = EDGE_CURVE( '', #1828, #1826, #1829, .T. );
#1558 = EDGE_CURVE( '', #1830, #1828, #1831, .T. );
#1559 = EDGE_CURVE( '', #1825, #1830, #1832, .T. );
#1560 = FILL_AREA_STYLE( '', ( #1833 ) );
#1561 = EDGE_CURVE( '', #1834, #1835, #1836, .T. );
#1562 = EDGE_CURVE( '', #1837, #1835, #1838, .T. );
#1563 = EDGE_CURVE( '', #1839, #1837, #1840, .T. );
#1564 = EDGE_CURVE( '', #1834, #1839, #1841, .T. );
#1565 = FILL_AREA_STYLE( '', ( #1842 ) );
#1566 = EDGE_CURVE( '', #1843, #1843, #1844, .T. );
#1567 = EDGE_CURVE( '', #1845, #1845, #1846, .T. );
#1568 = FILL_AREA_STYLE( '', ( #1847 ) );
#1569 = EDGE_CURVE( '', #1848, #1849, #1850, .T. );
#1570 = EDGE_CURVE( '', #1848, #1851, #1852, .T. );
#1571 = EDGE_CURVE( '', #1851, #1853, #1854, .T. );
#1572 = EDGE_CURVE( '', #1853, #1849, #1855, .T. );
#1573 = FILL_AREA_STYLE( '', ( #1856 ) );
#1574 = EDGE_CURVE( '', #1857, #1857, #1858, .T. );
#1575 = EDGE_CURVE( '', #1859, #1859, #1860, .T. );
#1576 = FILL_AREA_STYLE( '', ( #1861 ) );
#1577 = EDGE_CURVE( '', #1862, #1863, #1864, .T. );
#1578 = EDGE_CURVE( '', #1865, #1863, #1866, .T. );
#1579 = EDGE_CURVE( '', #1867, #1865, #1868, .T. );
#1580 = EDGE_CURVE( '', #1862, #1867, #1869, .T. );
#1581 = FILL_AREA_STYLE( '', ( #1870 ) );
#1582 = EDGE_CURVE( '', #1871, #1871, #1872, .T. );
#1583 = EDGE_CURVE( '', #1873, #1873, #1874, .T. );
#1584 = FILL_AREA_STYLE( '', ( #1875 ) );
#1585 = EDGE_CURVE( '', #1876, #1877, #1878, .T. );
#1586 = EDGE_CURVE( '', #1863, #1877, #1879, .T. );
#1587 = EDGE_CURVE( '', #1876, #1862, #1880, .T. );
#1588 = FILL_AREA_STYLE( '', ( #1881 ) );
#1589 = EDGE_CURVE( '', #1882, #1882, #1883, .T. );
#1590 = FILL_AREA_STYLE( '', ( #1884 ) );
#1591 = EDGE_CURVE( '', #1885, #1885, #1886, .T. );
#1592 = EDGE_CURVE( '', #1887, #1887, #1888, .T. );
#1593 = FILL_AREA_STYLE( '', ( #1889 ) );
#1594 = EDGE_CURVE( '', #1890, #1890, #1891, .T. );
#1595 = EDGE_CURVE( '', #1892, #1892, #1893, .T. );
#1596 = FILL_AREA_STYLE( '', ( #1894 ) );
#1597 = EDGE_CURVE( '', #1895, #1896, #1897, .T. );
#1598 = EDGE_CURVE( '', #1898, #1896, #1899, .T. );
#1599 = EDGE_CURVE( '', #1900, #1898, #1901, .T. );
#1600 = EDGE_CURVE( '', #1895, #1900, #1902, .T. );
#1601 = FILL_AREA_STYLE( '', ( #1903 ) );
#1602 = EDGE_CURVE( '', #1830, #1904, #1905, .T. );
#1603 = EDGE_CURVE( '', #1906, #1904, #1907, .T. );
#1604 = EDGE_CURVE( '', #1906, #1908, #1909, .T. );
#1605 = EDGE_CURVE( '', #1908, #1834, #1910, .T. );
#1606 = EDGE_CURVE( '', #1839, #1911, #1912, .T. );
#1607 = EDGE_CURVE( '', #1911, #1913, #1914, .F. );
#1608 = EDGE_CURVE( '', #1913, #1915, #1916, .T. );
#1609 = EDGE_CURVE( '', #1915, #1917, #1918, .T. );
#1610 = EDGE_CURVE( '', #1917, #1919, #1920, .T. );
#1611 = EDGE_CURVE( '', #1919, #1921, #1922, .T. );
#1612 = EDGE_CURVE( '', #1921, #1895, #1923, .T. );
#1613 = EDGE_CURVE( '', #1900, #1924, #1925, .T. );
#1614 = EDGE_CURVE( '', #1924, #1825, #1926, .F. );
#1615 = FILL_AREA_STYLE( '', ( #1927 ) );
#1616 = EDGE_CURVE( '', #1928, #1928, #1929, .F. );
#1617 = FILL_AREA_STYLE( '', ( #1930 ) );
#1618 = EDGE_CURVE( '', #1931, #1932, #1933, .T. );
#1619 = EDGE_CURVE( '', #1932, #1931, #1934, .T. );
#1620 = FILL_AREA_STYLE( '', ( #1935 ) );
#1621 = EDGE_CURVE( '', #1936, #1937, #1938, .T. );
#1622 = EDGE_CURVE( '', #1936, #1817, #1939, .T. );
#1623 = EDGE_CURVE( '', #1937, #1816, #1940, .T. );
#1624 = FILL_AREA_STYLE( '', ( #1941 ) );
#1625 = FILL_AREA_STYLE( '', ( #1942 ) );
#1626 = EDGE_CURVE( '', #1915, #1943, #1944, .T. );
#1627 = EDGE_CURVE( '', #1945, #1943, #1946, .T. );
#1628 = EDGE_CURVE( '', #1917, #1945, #1947, .T. );
#1629 = FILL_AREA_STYLE( '', ( #1948 ) );
#1630 = EDGE_CURVE( '', #1949, #1950, #1951, .T. );
#1631 = EDGE_CURVE( '', #1952, #1950, #1953, .T. );
#1632 = EDGE_CURVE( '', #1954, #1952, #1955, .T. );
#1633 = EDGE_CURVE( '', #1949, #1954, #1956, .T. );
#1634 = FILL_AREA_STYLE( '', ( #1957 ) );
#1635 = EDGE_CURVE( '', #1958, #1959, #1960, .T. );
#1636 = EDGE_CURVE( '', #1958, #1961, #1962, .T. );
#1637 = EDGE_CURVE( '', #1963, #1961, #1964, .T. );
#1638 = EDGE_CURVE( '', #1963, #1965, #1966, .F. );
#1639 = EDGE_CURVE( '', #1959, #1965, #1967, .T. );
#1640 = FILL_AREA_STYLE( '', ( #1968 ) );
#1641 = EDGE_CURVE( '', #1937, #1969, #1970, .F. );
#1642 = EDGE_CURVE( '', #1969, #1821, #1971, .T. );
#1643 = FILL_AREA_STYLE( '', ( #1972 ) );
#1644 = EDGE_CURVE( '', #1973, #1974, #1975, .T. );
#1645 = EDGE_CURVE( '', #1974, #1958, #1976, .T. );
#1646 = EDGE_CURVE( '', #1959, #1977, #1978, .T. );
#1647 = EDGE_CURVE( '', #1977, #1979, #1980, .T. );
#1648 = EDGE_CURVE( '', #1952, #1979, #1981, .T. );
#1649 = EDGE_CURVE( '', #1950, #1982, #1983, .T. );
#1650 = EDGE_CURVE( '', #1982, #1984, #1985, .T. );
#1651 = EDGE_CURVE( '', #1984, #1986, #1987, .T. );
#1652 = EDGE_CURVE( '', #1986, #1988, #1989, .T. );
#1653 = EDGE_CURVE( '', #1988, #1865, #1990, .T. );
#1654 = EDGE_CURVE( '', #1877, #1991, #1992, .T. );
#1655 = EDGE_CURVE( '', #1991, #1993, #1994, .T. );
#1656 = EDGE_CURVE( '', #1993, #1973, #1995, .T. );
#1657 = FILL_AREA_STYLE( '', ( #1996 ) );
#1658 = CARTESIAN_POINT( '', ( 10.3712681243276, 0.000000000000000, -1.08420217248550E-016 ) );
#1659 = EDGE_CURVE( '', #1997, #1997, #1998, .T. );
#1660 = FILL_AREA_STYLE( '', ( #1999 ) );
#1661 = EDGE_CURVE( '', #2000, #1993, #2001, .T. );
#1662 = EDGE_CURVE( '', #2002, #1991, #2003, .T. );
#1663 = EDGE_CURVE( '', #2000, #2002, #2004, .T. );
#1664 = FILL_AREA_STYLE( '', ( #2005 ) );
#1665 = EDGE_CURVE( '', #2006, #2006, #2007, .T. );
#1666 = EDGE_CURVE( '', #2008, #2008, #2009, .T. );
#1667 = FILL_AREA_STYLE( '', ( #2010 ) );
#1668 = EDGE_CURVE( '', #1919, #2011, #2012, .T. );
#1669 = EDGE_CURVE( '', #2013, #2011, #2014, .T. );
#1670 = EDGE_CURVE( '', #1921, #2013, #2015, .T. );
#1671 = FILL_AREA_STYLE( '', ( #2016 ) );
#1672 = EDGE_CURVE( '', #2017, #2017, #2018, .T. );
#1673 = EDGE_CURVE( '', #2019, #2019, #2020, .T. );
#1674 = FILL_AREA_STYLE( '', ( #2021 ) );
#1675 = EDGE_CURVE( '', #2022, #2023, #2024, .T. );
#1676 = EDGE_CURVE( '', #2023, #2022, #2025, .T. );
#1677 = FILL_AREA_STYLE( '', ( #2026 ) );
#1678 = EDGE_CURVE( '', #2027, #1936, #2028, .T. );
#1679 = EDGE_CURVE( '', #2027, #1819, #2029, .T. );
#1680 = FILL_AREA_STYLE( '', ( #2030 ) );
#1681 = EDGE_CURVE( '', #1835, #2031, #2032, .T. );
#1682 = EDGE_CURVE( '', #1908, #2033, #2034, .T. );
#1683 = EDGE_CURVE( '', #2035, #2033, #2036, .T. );
#1684 = EDGE_CURVE( '', #2035, #2037, #2038, .T. );
#1685 = EDGE_CURVE( '', #2037, #1954, #2039, .T. );
#1686 = EDGE_CURVE( '', #1979, #2031, #2040, .T. );
#1687 = FILL_AREA_STYLE( '', ( #2041 ) );
#1688 = EDGE_CURVE( '', #2011, #1945, #2042, .T. );
#1689 = FILL_AREA_STYLE( '', ( #2043 ) );
#1690 = EDGE_CURVE( '', #2044, #1898, #2045, .T. );
#1691 = EDGE_CURVE( '', #1924, #2044, #2046, .T. );
#1692 = FILL_AREA_STYLE( '', ( #2047 ) );
#1693 = EDGE_CURVE( '', #2002, #1876, #2048, .T. );
#1694 = FILL_AREA_STYLE( '', ( #2049 ) );
#1695 = EDGE_CURVE( '', #2050, #1974, #2051, .T. );
#1696 = EDGE_CURVE( '', #1961, #2050, #2052, .T. );
#1697 = FILL_AREA_STYLE( '', ( #2053 ) );
#1698 = EDGE_CURVE( '', #2054, #2055, #2056, .T. );
#1699 = EDGE_CURVE( '', #2054, #2057, #2058, .F. );
#1700 = EDGE_CURVE( '', #2057, #2059, #2060, .T. );
#1701 = EDGE_CURVE( '', #2059, #2061, #2062, .T. );
#1702 = EDGE_CURVE( '', #2063, #2061, #2064, .T. );
#1703 = EDGE_CURVE( '', #2063, #1848, #2065, .F. );
#1704 = EDGE_CURVE( '', #1849, #2066, #2067, .T. );
#1705 = EDGE_CURVE( '', #2068, #2066, #2069, .T. );
#1706 = EDGE_CURVE( '', #2068, #2070, #2071, .F. );
#1707 = EDGE_CURVE( '', #2070, #2072, #2073, .T. );
#1708 = EDGE_CURVE( '', #2072, #2055, #2074, .T. );
#1709 = FILL_AREA_STYLE( '', ( #2075 ) );
#1710 = EDGE_CURVE( '', #2076, #1988, #2077, .T. );
#1711 = EDGE_CURVE( '', #2078, #1986, #2079, .T. );
#1712 = EDGE_CURVE( '', #2076, #2078, #2080, .T. );
#1713 = FILL_AREA_STYLE( '', ( #2081 ) );
#1714 = EDGE_CURVE( '', #2082, #1828, #2083, .T. );
#1715 = EDGE_CURVE( '', #1904, #2082, #2084, .T. );
#1716 = FILL_AREA_STYLE( '', ( #2085 ) );
#1717 = FILL_AREA_STYLE( '', ( #2086 ) );
#1718 = EDGE_CURVE( '', #2087, #2087, #2088, .T. );
#1719 = FILL_AREA_STYLE( '', ( #2089 ) );
#1720 = EDGE_CURVE( '', #2050, #2090, #2091, .T. );
#1721 = EDGE_CURVE( '', #2090, #2000, #2092, .T. );
#1722 = EDGE_CURVE( '', #1867, #2076, #2093, .T. );
#1723 = EDGE_CURVE( '', #2078, #2094, #2095, .T. );
#1724 = EDGE_CURVE( '', #2094, #2096, #2097, .T. );
#1725 = EDGE_CURVE( '', #2096, #1949, #2098, .T. );
#1726 = EDGE_CURVE( '', #2037, #1963, #2099, .T. );
#1727 = FILL_AREA_STYLE( '', ( #2100 ) );
#1728 = EDGE_CURVE( '', #2101, #2101, #2102, .T. );
#1729 = FILL_AREA_STYLE( '', ( #2103 ) );
#1730 = EDGE_CURVE( '', #2057, #2104, #2105, .T. );
#1731 = EDGE_CURVE( '', #2104, #2106, #2107, .T. );
#1732 = EDGE_CURVE( '', #2106, #2059, #2108, .T. );
#1733 = FILL_AREA_STYLE( '', ( #2109 ) );
#1734 = EDGE_CURVE( '', #2110, #2110, #2111, .T. );
#1735 = EDGE_CURVE( '', #2112, #2112, #2113, .T. );
#1736 = FILL_AREA_STYLE( '', ( #2114 ) );
#1737 = EDGE_CURVE( '', #2115, #2115, #2116, .T. );
#1738 = FILL_AREA_STYLE( '', ( #2117 ) );
#1739 = EDGE_CURVE( '', #1969, #2027, #2118, .T. );
#1740 = EDGE_CURVE( '', #2119, #2119, #2120, .T. );
#1741 = EDGE_CURVE( '', #1977, #2121, #2122, .T. );
#1742 = EDGE_CURVE( '', #2121, #2031, #2123, .T. );
#1743 = FILL_AREA_STYLE( '', ( #2124 ) );
#1744 = EDGE_CURVE( '', #1965, #2035, #2125, .F. );
#1745 = FILL_AREA_STYLE( '', ( #2126 ) );
#1746 = EDGE_CURVE( '', #1896, #2013, #2127, .T. );
#1747 = FILL_AREA_STYLE( '', ( #2128 ) );
#1748 = FILL_AREA_STYLE( '', ( #2129 ) );
#1749 = EDGE_CURVE( '', #2066, #2068, #2130, .T. );
#1750 = FILL_AREA_STYLE( '', ( #2131 ) );
#1751 = EDGE_CURVE( '', #2132, #2132, #2133, .T. );
#1752 = FILL_AREA_STYLE( '', ( #2134 ) );
#1753 = EDGE_CURVE( '', #2061, #2063, #2135, .T. );
#1754 = FILL_AREA_STYLE( '', ( #2136 ) );
#1755 = FILL_AREA_STYLE( '', ( #2137 ) );
#1756 = EDGE_CURVE( '', #2094, #1984, #2138, .T. );
#1757 = FILL_AREA_STYLE( '', ( #2139 ) );
#1758 = EDGE_CURVE( '', #2140, #2140, #2141, .T. );
#1759 = FILL_AREA_STYLE( '', ( #2142 ) );
#1760 = EDGE_CURVE( '', #2023, #2106, #2143, .T. );
#1761 = EDGE_CURVE( '', #1851, #2022, #2144, .F. );
#1762 = FILL_AREA_STYLE( '', ( #2145 ) );
#1763 = FILL_AREA_STYLE( '', ( #2146 ) );
#1764 = EDGE_CURVE( '', #1911, #2147, #2148, .T. );
#1765 = EDGE_CURVE( '', #2149, #2147, #2150, .F. );
#1766 = EDGE_CURVE( '', #1913, #2149, #2151, .T. );
#1767 = FILL_AREA_STYLE( '', ( #2152 ) );
#1768 = EDGE_CURVE( '', #1826, #2044, #2153, .F. );
#1769 = FILL_AREA_STYLE( '', ( #2154 ) );
#1770 = EDGE_CURVE( '', #2155, #2155, #2156, .T. );
#1771 = EDGE_CURVE( '', #2157, #2072, #2158, .T. );
#1772 = EDGE_CURVE( '', #1932, #2157, #2159, .T. );
#1773 = EDGE_CURVE( '', #2104, #1931, #2160, .F. );
#1774 = EDGE_CURVE( '', #2055, #2054, #2161, .T. );
#1775 = FILL_AREA_STYLE( '', ( #2162 ) );
#1776 = EDGE_CURVE( '', #2082, #2163, #2164, .T. );
#1777 = EDGE_CURVE( '', #2163, #2165, #2166, .T. );
#1778 = EDGE_CURVE( '', #2165, #1906, #2167, .T. );
#1779 = FILL_AREA_STYLE( '', ( #2168 ) );
#1780 = FILL_AREA_STYLE( '', ( #2169 ) );
#1781 = EDGE_CURVE( '', #2033, #2165, #2170, .T. );
#1782 = FILL_AREA_STYLE( '', ( #2171 ) );
#1783 = EDGE_CURVE( '', #2172, #1853, #2173, .T. );
#1784 = EDGE_CURVE( '', #2174, #2172, #2175, .T. );
#1785 = EDGE_CURVE( '', #2176, #2174, #2177, .F. );
#1786 = EDGE_CURVE( '', #2070, #2176, #2178, .T. );
#1787 = FILL_AREA_STYLE( '', ( #2179 ) );
#1788 = FILL_AREA_STYLE( '', ( #2180 ) );
#1789 = EDGE_CURVE( '', #2090, #1973, #2181, .T. );
#1790 = FILL_AREA_STYLE( '', ( #2182 ) );
#1791 = EDGE_CURVE( '', #2147, #1837, #2183, .T. );
#1792 = FILL_AREA_STYLE( '', ( #2184 ) );
#1793 = EDGE_CURVE( '', #2163, #1959, #2185, .T. );
#1794 = EDGE_CURVE( '', #2121, #2163, #2186, .T. );
#1795 = FILL_AREA_STYLE( '', ( #2187 ) );
#1796 = FILL_AREA_STYLE( '', ( #2188 ) );
#1797 = EDGE_CURVE( '', #2176, #2157, #2189, .T. );
#1798 = EDGE_CURVE( '', #2172, #2174, #2190, .T. );
#1799 = FILL_AREA_STYLE( '', ( #2191 ) );
#1800 = EDGE_CURVE( '', #2192, #2192, #2193, .T. );
#1801 = FILL_AREA_STYLE( '', ( #2194 ) );
#1802 = FILL_AREA_STYLE( '', ( #2195 ) );
#1803 = EDGE_CURVE( '', #1943, #2149, #2196, .T. );
#1804 = FILL_AREA_STYLE( '', ( #2197 ) );
#1805 = FILL_AREA_STYLE( '', ( #2198 ) );
#1806 = EDGE_CURVE( '', #2096, #1982, #2199, .T. );
#1807 = FILL_AREA_STYLE( '', ( #2200 ) );
#1808 = FILL_AREA_STYLE( '', ( #2201 ) );
#1809 = FILL_AREA_STYLE( '', ( #2202 ) );
#1810 = FILL_AREA_STYLE( '', ( #2203 ) );
#1811 = FILL_AREA_STYLE( '', ( #2204 ) );
#1812 = FILL_AREA_STYLE( '', ( #2205 ) );
#1813 = FILL_AREA_STYLE( '', ( #2206 ) );
#1814 = FILL_AREA_STYLE( '', ( #2207 ) );
#1815 = FILL_AREA_STYLE_COLOUR( '', #2208 );
#1816 = VERTEX_POINT( '', #2209 );
#1817 = VERTEX_POINT( '', #2210 );
#1818 = CIRCLE( '', #2211, 2.75590000000000 );
#1819 = VERTEX_POINT( '', #2212 );
#1820 = LINE( '', #2213, #2214 );
#1821 = VERTEX_POINT( '', #2215 );
#1822 = CIRCLE( '', #2216, 2.19710000000000 );
#1823 = LINE( '', #2217, #2218 );
#1824 = FILL_AREA_STYLE_COLOUR( '', #2219 );
#1825 = VERTEX_POINT( '', #2220 );
#1826 = VERTEX_POINT( '', #2221 );
#1827 = LINE( '', #2222, #2223 );
#1828 = VERTEX_POINT( '', #2224 );
#1829 = LINE( '', #2225, #2226 );
#1830 = VERTEX_POINT( '', #2227 );
#1831 = LINE( '', #2228, #2229 );
#1832 = LINE( '', #2230, #2231 );
#1833 = FILL_AREA_STYLE_COLOUR( '', #2232 );
#1834 = VERTEX_POINT( '', #2233 );
#1835 = VERTEX_POINT( '', #2234 );
#1836 = LINE( '', #2235, #2236 );
#1837 = VERTEX_POINT( '', #2237 );
#1838 = LINE( '', #2238, #2239 );
#1839 = VERTEX_POINT( '', #2240 );
#1840 = LINE( '', #2241, #2242 );
#1841 = LINE( '', #2243, #2244 );
#1842 = FILL_AREA_STYLE_COLOUR( '', #2245 );
#1843 = VERTEX_POINT( '', #2246 );
#1844 = CIRCLE( '', #2247, 0.990600000000000 );
#1845 = VERTEX_POINT( '', #2248 );
#1846 = B_SPLINE_CURVE_WITH_KNOTS( '', 3, ( #2249, #2250, #2251, #2252, #2253, #2254, #2255, #2256, #2257, #2258, #2259, #2260, #2261, #2262, #2263, #2264, #2265, #2266, #2267, #2268, #2269, #2270, #2271, #2272, #2273, #2274, #2275, #2276, #2277, #2278, #2279, #2280, #2281, #2282 ), .UNSPECIFIED., .T., .F., ( 2, 2, 2, 2, 2, 2, 2, 2, 2, 2, 2, 2, 2, 2, 2, 2, 2, 2, 2 ), ( -0.000387872212688091, 0.000000000000000, 0.000387872212688090, 0.000775744425376180, 0.00116361663806427, 0.00155148885075236, 0.00193936106344045, 0.00232723327612854, 0.00271510548881663, 0.00310297770150472, 0.00349084991419281, 0.00387872212688090, 0.00426659433956899, 0.00465446655225708, 0.00504233876494517, 0.00543021097763326, 0.00581808319032135, 0.00620595540300944, 0.00659382761569753 ), .UNSPECIFIED. );
#1847 = FILL_AREA_STYLE_COLOUR( '', #2283 );
#1848 = VERTEX_POINT( '', #2284 );
#1849 = VERTEX_POINT( '', #2285 );
#1850 = CIRCLE( '', #2286, 4.82600000000000 );
#1851 = VERTEX_POINT( '', #2287 );
#1852 = B_SPLINE_CURVE_WITH_KNOTS( '', 3, ( #2288, #2289, #2290, #2291, #2292, #2293, #2294, #2295, #2296, #2297, #2298, #2299 ), .UNSPECIFIED., .F., .F., ( 4, 2, 2, 2, 2, 4 ), ( 2.50577549159553E-007, 0.000585501059460855, 0.000878126300416704, 0.00117075154137255, 0.00175600202328425, 0.00234125250519595 ), .UNSPECIFIED. );
#1853 = VERTEX_POINT( '', #2300 );
#1854 = CIRCLE( '', #2301, 4.82600000000000 );
#1855 = B_SPLINE_CURVE_WITH_KNOTS( '', 3, ( #2302, #2303, #2304, #2305, #2306, #2307, #2308, #2309, #2310, #2311, #2312, #2313 ), .UNSPECIFIED., .F., .F., ( 4, 2, 2, 2, 2, 4 ), ( 0.0298921361945981, 0.0304693182669893, 0.0310465003393805, 0.0313350913755762, 0.0316236824117718, 0.0322008644841630 ), .UNSPECIFIED. );
#1856 = FILL_AREA_STYLE_COLOUR( '', #2314 );
#1857 = VERTEX_POINT( '', #2315 );
#1858 = CIRCLE( '', #2316, 2.50190000000000 );
#1859 = VERTEX_POINT( '', #2317 );
#1860 = CIRCLE( '', #2318, 2.50190000000000 );
#1861 = FILL_AREA_STYLE_COLOUR( '', #2319 );
#1862 = VERTEX_POINT( '', #2320 );
#1863 = VERTEX_POINT( '', #2321 );
#1864 = LINE( '', #2322, #2323 );
#1865 = VERTEX_POINT( '', #2324 );
#1866 = LINE( '', #2325, #2326 );
#1867 = VERTEX_POINT( '', #2327 );
#1868 = LINE( '', #2328, #2329 );
#1869 = LINE( '', #2330, #2331 );
#1870 = FILL_AREA_STYLE_COLOUR( '', #2332 );
#1871 = VERTEX_POINT( '', #2333 );
#1872 = CIRCLE( '', #2334, 2.15900000000000 );
#1873 = VERTEX_POINT( '', #2335 );
#1874 = CIRCLE( '', #2336, 2.15900000000000 );
#1875 = FILL_AREA_STYLE_COLOUR( '', #2337 );
#1876 = VERTEX_POINT( '', #2338 );
#1877 = VERTEX_POINT( '', #2339 );
#1878 = LINE( '', #2340, #2341 );
#1879 = LINE( '', #2342, #2343 );
#1880 = LINE( '', #2344, #2345 );
#1881 = FILL_AREA_STYLE_COLOUR( '', #2346 );
#1882 = VERTEX_POINT( '', #2347 );
#1883 = CIRCLE( '', #2348, 2.28600000000000 );
#1884 = FILL_AREA_STYLE_COLOUR( '', #2349 );
#1885 = VERTEX_POINT( '', #2350 );
#1886 = CIRCLE( '', #2351, 2.72287565453220 );
#1887 = VERTEX_POINT( '', #2352 );
#1888 = CIRCLE( '', #2353, 3.27660000000000 );
#1889 = FILL_AREA_STYLE_COLOUR( '', #2354 );
#1890 = VERTEX_POINT( '', #2355 );
#1891 = CIRCLE( '', #2356, 4.48310000000000 );
#1892 = VERTEX_POINT( '', #2357 );
#1893 = CIRCLE( '', #2358, 4.82600000000000 );
#1894 = FILL_AREA_STYLE_COLOUR( '', #2359 );
#1895 = VERTEX_POINT( '', #2360 );
#1896 = VERTEX_POINT( '', #2361 );
#1897 = LINE( '', #2362, #2363 );
#1898 = VERTEX_POINT( '', #2364 );
#1899 = LINE( '', #2365, #2366 );
#1900 = VERTEX_POINT( '', #2367 );
#1901 = LINE( '', #2368, #2369 );
#1902 = LINE( '', #2370, #2371 );
#1903 = FILL_AREA_STYLE_COLOUR( '', #2372 );
#1904 = VERTEX_POINT( '', #2373 );
#1905 = LINE( '', #2374, #2375 );
#1906 = VERTEX_POINT( '', #2376 );
#1907 = LINE( '', #2377, #2378 );
#1908 = VERTEX_POINT( '', #2379 );
#1909 = LINE( '', #2380, #2381 );
#1910 = LINE( '', #2382, #2383 );
#1911 = VERTEX_POINT( '', #2384 );
#1912 = LINE( '', #2385, #2386 );
#1913 = VERTEX_POINT( '', #2387 );
#1914 = CIRCLE( '', #2388, 0.635000000000000 );
#1915 = VERTEX_POINT( '', #2389 );
#1916 = LINE( '', #2390, #2391 );
#1917 = VERTEX_POINT( '', #2392 );
#1918 = LINE( '', #2393, #2394 );
#1919 = VERTEX_POINT( '', #2395 );
#1920 = LINE( '', #2396, #2397 );
#1921 = VERTEX_POINT( '', #2398 );
#1922 = LINE( '', #2399, #2400 );
#1923 = LINE( '', #2401, #2402 );
#1924 = VERTEX_POINT( '', #2403 );
#1925 = LINE( '', #2404, #2405 );
#1926 = CIRCLE( '', #2406, 0.635000000000000 );
#1927 = FILL_AREA_STYLE_COLOUR( '', #2407 );
#1928 = VERTEX_POINT( '', #2408 );
#1929 = CIRCLE( '', #2409, 0.711200000000000 );
#1930 = FILL_AREA_STYLE_COLOUR( '', #2410 );
#1931 = VERTEX_POINT( '', #2411 );
#1932 = VERTEX_POINT( '', #2412 );
#1933 = CIRCLE( '', #2413, 1.98120000000000 );
#1934 = B_SPLINE_CURVE_WITH_KNOTS( '', 3, ( #2414, #2415, #2416, #2417, #2418, #2419, #2420, #2421, #2422, #2423, #2424, #2425, #2426, #2427, #2428, #2429, #2430, #2431 ), .UNSPECIFIED., .F., .F., ( 4, 2, 2, 2, 2, 2, 2, 2, 4 ), ( 1.02283428385630E-018, 0.000446040221715209, 0.000892080443430417, 0.00133812066514563, 0.00178416088686083, 0.00223020110857604, 0.00267624133029125, 0.00312228155200646, 0.00356832177372167 ), .UNSPECIFIED. );
#1935 = FILL_AREA_STYLE_COLOUR( '', #2432 );
#1936 = VERTEX_POINT( '', #2433 );
#1937 = VERTEX_POINT( '', #2434 );
#1938 = B_SPLINE_CURVE_WITH_KNOTS( '', 3, ( #2435, #2436, #2437, #2438, #2439, #2440 ), .UNSPECIFIED., .F., .F., ( 4, 2, 4 ), ( 0.000000000000000, 0.000679029858987424, 0.00135805971797485 ), .UNSPECIFIED. );
#1939 = LINE( '', #2441, #2442 );
#1940 = LINE( '', #2443, #2444 );
#1941 = FILL_AREA_STYLE_COLOUR( '', #2445 );
#1942 = FILL_AREA_STYLE_COLOUR( '', #2446 );
#1943 = VERTEX_POINT( '', #2447 );
#1944 = LINE( '', #2448, #2449 );
#1945 = VERTEX_POINT( '', #2450 );
#1946 = LINE( '', #2451, #2452 );
#1947 = LINE( '', #2453, #2454 );
#1948 = FILL_AREA_STYLE_COLOUR( '', #2455 );
#1949 = VERTEX_POINT( '', #2456 );
#1950 = VERTEX_POINT( '', #2457 );
#1951 = LINE( '', #2458, #2459 );
#1952 = VERTEX_POINT( '', #2460 );
#1953 = LINE( '', #2461, #2462 );
#1954 = VERTEX_POINT( '', #2463 );
#1955 = LINE( '', #2464, #2465 );
#1956 = LINE( '', #2466, #2467 );
#1957 = FILL_AREA_STYLE_COLOUR( '', #2468 );
#1958 = VERTEX_POINT( '', #2469 );
#1959 = VERTEX_POINT( '', #2470 );
#1960 = LINE( '', #2471, #2472 );
#1961 = VERTEX_POINT( '', #2473 );
#1962 = LINE( '', #2474, #2475 );
#1963 = VERTEX_POINT( '', #2476 );
#1964 = LINE( '', #2477, #2478 );
#1965 = VERTEX_POINT( '', #2479 );
#1966 = CIRCLE( '', #2480, 1.27000000000000 );
#1967 = CIRCLE( '', #2481, 4.82600000000000 );
#1968 = FILL_AREA_STYLE_COLOUR( '', #2482 );
#1969 = VERTEX_POINT( '', #2483 );
#1970 = LINE( '', #2484, #2485 );
#1971 = LINE( '', #2486, #2487 );
#1972 = FILL_AREA_STYLE_COLOUR( '', #2488 );
#1973 = VERTEX_POINT( '', #2489 );
#1974 = VERTEX_POINT( '', #2490 );
#1975 = LINE( '', #2491, #2492 );
#1976 = LINE( '', #2493, #2494 );
#1977 = VERTEX_POINT( '', #2495 );
#1978 = LINE( '', #2496, #2497 );
#1979 = VERTEX_POINT( '', #2498 );
#1980 = LINE( '', #2499, #2500 );
#1981 = LINE( '', #2501, #2502 );
#1982 = VERTEX_POINT( '', #2503 );
#1983 = LINE( '', #2504, #2505 );
#1984 = VERTEX_POINT( '', #2506 );
#1985 = CIRCLE( '', #2507, 0.635000000000000 );
#1986 = VERTEX_POINT( '', #2508 );
#1987 = LINE( '', #2509, #2510 );
#1988 = VERTEX_POINT( '', #2511 );
#1989 = LINE( '', #2512, #2513 );
#1990 = LINE( '', #2514, #2515 );
#1991 = VERTEX_POINT( '', #2516 );
#1992 = LINE( '', #2517, #2518 );
#1993 = VERTEX_POINT( '', #2519 );
#1994 = LINE( '', #2520, #2521 );
#1995 = CIRCLE( '', #2522, 0.635000000000000 );
#1996 = FILL_AREA_STYLE_COLOUR( '', #2523 );
#1997 = VERTEX_POINT( '', #2524 );
#1998 = CIRCLE( '', #2525, 0.520700000000000 );
#1999 = FILL_AREA_STYLE_COLOUR( '', #2526 );
#2000 = VERTEX_POINT( '', #2527 );
#2001 = LINE( '', #2528, #2529 );
#2002 = VERTEX_POINT( '', #2530 );
#2003 = LINE( '', #2531, #2532 );
#2004 = LINE( '', #2533, #2534 );
#2005 = FILL_AREA_STYLE_COLOUR( '', #2535 );
#2006 = VERTEX_POINT( '', #2536 );
#2007 = CIRCLE( '', #2537, 3.81000000000000 );
#2008 = VERTEX_POINT( '', #2538 );
#2009 = CIRCLE( '', #2539, 2.93011818975501 );
#2010 = FILL_AREA_STYLE_COLOUR( '', #2540 );
#2011 = VERTEX_POINT( '', #2541 );
#2012 = LINE( '', #2542, #2543 );
#2013 = VERTEX_POINT( '', #2544 );
#2014 = LINE( '', #2545, #2546 );
#2015 = LINE( '', #2547, #2548 );
#2016 = FILL_AREA_STYLE_COLOUR( '', #2549 );
#2017 = VERTEX_POINT( '', #2550 );
#2018 = CIRCLE( '', #2551, 0.774700000000000 );
#2019 = VERTEX_POINT( '', #2552 );
#2020 = CIRCLE( '', #2553, 1.52400000000000 );
#2021 = FILL_AREA_STYLE_COLOUR( '', #2554 );
#2022 = VERTEX_POINT( '', #2555 );
#2023 = VERTEX_POINT( '', #2556 );
#2024 = CIRCLE( '', #2557, 1.98120000000000 );
#2025 = B_SPLINE_CURVE_WITH_KNOTS( '', 3, ( #2558, #2559, #2560, #2561, #2562, #2563, #2564, #2565, #2566, #2567, #2568, #2569, #2570, #2571, #2572, #2573, #2574, #2575 ), .UNSPECIFIED., .F., .F., ( 4, 2, 2, 2, 2, 2, 2, 2, 4 ), ( 2.77691248356771E-018, 0.000446040221715209, 0.000892080443430416, 0.00133812066514562, 0.00178416088686083, 0.00223020110857603, 0.00267624133029124, 0.00312228155200645, 0.00356832177372165 ), .UNSPECIFIED. );
#2026 = FILL_AREA_STYLE_COLOUR( '', #2576 );
#2027 = VERTEX_POINT( '', #2577 );
#2028 = LINE( '', #2578, #2579 );
#2029 = LINE( '', #2580, #2581 );
#2030 = FILL_AREA_STYLE_COLOUR( '', #2582 );
#2031 = VERTEX_POINT( '', #2583 );
#2032 = LINE( '', #2584, #2585 );
#2033 = VERTEX_POINT( '', #2586 );
#2034 = CIRCLE( '', #2587, 1.27000000000000 );
#2035 = VERTEX_POINT( '', #2588 );
#2036 = CIRCLE( '', #2589, 4.82600000000000 );
#2037 = VERTEX_POINT( '', #2590 );
#2038 = CIRCLE( '', #2591, 1.27000000000000 );
#2039 = LINE( '', #2592, #2593 );
#2040 = CIRCLE( '', #2594, 3.81000000000000 );
#2041 = FILL_AREA_STYLE_COLOUR( '', #2595 );
#2042 = LINE( '', #2596, #2597 );
#2043 = FILL_AREA_STYLE_COLOUR( '', #2598 );
#2044 = VERTEX_POINT( '', #2599 );
#2045 = LINE( '', #2600, #2601 );
#2046 = LINE( '', #2602, #2603 );
#2047 = FILL_AREA_STYLE_COLOUR( '', #2604 );
#2048 = LINE( '', #2605, #2606 );
#2049 = FILL_AREA_STYLE_COLOUR( '', #2607 );
#2050 = VERTEX_POINT( '', #2608 );
#2051 = LINE( '', #2609, #2610 );
#2052 = LINE( '', #2611, #2612 );
#2053 = FILL_AREA_STYLE_COLOUR( '', #2613 );
#2054 = VERTEX_POINT( '', #2614 );
#2055 = VERTEX_POINT( '', #2615 );
#2056 = B_SPLINE_CURVE_WITH_KNOTS( '', 3, ( #2616, #2617, #2618, #2619, #2620, #2621, #2622, #2623, #2624, #2625, #2626, #2627, #2628, #2629, #2630, #2631, #2632, #2633 ), .UNSPECIFIED., .F., .F., ( 4, 2, 2, 2, 2, 2, 2, 2, 4 ), ( 0.000000000000000, 0.000446040221715208, 0.000892080443430416, 0.00133812066514562, 0.00178416088686083, 0.00223020110857604, 0.00267624133029125, 0.00312228155200646, 0.00356832177372167 ), .UNSPECIFIED. );
#2057 = VERTEX_POINT( '', #2634 );
#2058 = LINE( '', #2635, #2636 );
#2059 = VERTEX_POINT( '', #2637 );
#2060 = CIRCLE( '', #2638, 4.82600000000000 );
#2061 = VERTEX_POINT( '', #2639 );
#2062 = LINE( '', #2640, #2641 );
#2063 = VERTEX_POINT( '', #2642 );
#2064 = B_SPLINE_CURVE_WITH_KNOTS( '', 3, ( #2643, #2644, #2645, #2646, #2647, #2648, #2649, #2650, #2651, #2652, #2653, #2654, #2655, #2656, #2657, #2658, #2659, #2660 ), .UNSPECIFIED., .F., .F., ( 4, 2, 2, 2, 2, 2, 2, 2, 4 ), ( 0.000000000000000, 0.000446040221715207, 0.000892080443430415, 0.00133812066514562, 0.00178416088686083, 0.00223020110857604, 0.00267624133029124, 0.00312228155200645, 0.00356832177372166 ), .UNSPECIFIED. );
#2065 = LINE( '', #2661, #2662 );
#2066 = VERTEX_POINT( '', #2663 );
#2067 = LINE( '', #2664, #2665 );
#2068 = VERTEX_POINT( '', #2666 );
#2069 = B_SPLINE_CURVE_WITH_KNOTS( '', 3, ( #2667, #2668, #2669, #2670, #2671, #2672, #2673, #2674, #2675, #2676, #2677, #2678, #2679, #2680, #2681, #2682, #2683, #2684 ), .UNSPECIFIED., .F., .F., ( 4, 2, 2, 2, 2, 2, 2, 2, 4 ), ( 0.000000000000000, 0.000446040221715207, 0.000892080443430415, 0.00133812066514562, 0.00178416088686083, 0.00223020110857604, 0.00267624133029125, 0.00312228155200645, 0.00356832177372166 ), .UNSPECIFIED. );
#2070 = VERTEX_POINT( '', #2685 );
#2071 = LINE( '', #2686, #2687 );
#2072 = VERTEX_POINT( '', #2688 );
#2073 = CIRCLE( '', #2689, 4.82600000000000 );
#2074 = LINE( '', #2690, #2691 );
#2075 = FILL_AREA_STYLE_COLOUR( '', #2692 );
#2076 = VERTEX_POINT( '', #2693 );
#2077 = LINE( '', #2694, #2695 );
#2078 = VERTEX_POINT( '', #2696 );
#2079 = LINE( '', #2697, #2698 );
#2080 = LINE( '', #2699, #2700 );
#2081 = FILL_AREA_STYLE_COLOUR( '', #2701 );
#2082 = VERTEX_POINT( '', #2702 );
#2083 = LINE( '', #2703, #2704 );
#2084 = LINE( '', #2705, #2706 );
#2085 = FILL_AREA_STYLE_COLOUR( '', #2707 );
#2086 = FILL_AREA_STYLE_COLOUR( '', #2708 );
#2087 = VERTEX_POINT( '', #2709 );
#2088 = CIRCLE( '', #2710, 2.72287565453220 );
#2089 = FILL_AREA_STYLE_COLOUR( '', #2711 );
#2090 = VERTEX_POINT( '', #2712 );
#2091 = LINE( '', #2713, #2714 );
#2092 = CIRCLE( '', #2715, 0.635000000000000 );
#2093 = LINE( '', #2716, #2717 );
#2094 = VERTEX_POINT( '', #2718 );
#2095 = LINE( '', #2719, #2720 );
#2096 = VERTEX_POINT( '', #2721 );
#2097 = CIRCLE( '', #2722, 0.635000000000000 );
#2098 = LINE( '', #2723, #2724 );
#2099 = LINE( '', #2725, #2726 );
#2100 = FILL_AREA_STYLE_COLOUR( '', #2727 );
#2101 = VERTEX_POINT( '', #2728 );
#2102 = CIRCLE( '', #2729, 4.06400000000000 );
#2103 = FILL_AREA_STYLE_COLOUR( '', #2730 );
#2104 = VERTEX_POINT( '', #2731 );
#2105 = B_SPLINE_CURVE_WITH_KNOTS( '', 3, ( #2732, #2733, #2734, #2735, #2736, #2737, #2738, #2739, #2740, #2741, #2742, #2743 ), .UNSPECIFIED., .F., .F., ( 4, 2, 2, 2, 2, 4 ), ( 2.50577549160552E-007, 0.000585501059460857, 0.000878126300416706, 0.00117075154137255, 0.00175600202328425, 0.00234125250519595 ), .UNSPECIFIED. );
#2106 = VERTEX_POINT( '', #2744 );
#2107 = CIRCLE( '', #2745, 4.82600000000000 );
#2108 = B_SPLINE_CURVE_WITH_KNOTS( '', 3, ( #2746, #2747, #2748, #2749, #2750, #2751, #2752, #2753, #2754, #2755, #2756, #2757 ), .UNSPECIFIED., .F., .F., ( 4, 2, 2, 2, 2, 4 ), ( 2.50577549166137E-007, 0.000585501059460862, 0.000878126300416711, 0.00117075154137256, 0.00175600202328426, 0.00234125250519595 ), .UNSPECIFIED. );
#2109 = FILL_AREA_STYLE_COLOUR( '', #2758 );
#2110 = VERTEX_POINT( '', #2759 );
#2111 = CIRCLE( '', #2760, 0.990600000000000 );
#2112 = VERTEX_POINT( '', #2761 );
#2113 = B_SPLINE_CURVE_WITH_KNOTS( '', 3, ( #2762, #2763, #2764, #2765, #2766, #2767, #2768, #2769, #2770, #2771, #2772, #2773, #2774, #2775, #2776, #2777, #2778, #2779, #2780, #2781, #2782, #2783, #2784, #2785, #2786, #2787, #2788, #2789, #2790, #2791, #2792, #2793, #2794, #2795 ), .UNSPECIFIED., .T., .F., ( 2, 2, 2, 2, 2, 2, 2, 2, 2, 2, 2, 2, 2, 2, 2, 2, 2, 2, 2 ), ( -0.000387821839449175, 0.000000000000000, 0.000387821839449175, 0.000775643678898351, 0.00116346551834753, 0.00155128735779670, 0.00193910919724588, 0.00232693103669505, 0.00271475287614423, 0.00310257471559340, 0.00349039655504258, 0.00387821839449175, 0.00426604023394093, 0.00465386207339010, 0.00504168391283928, 0.00542950575228845, 0.00581732759173763, 0.00620514943118680, 0.00659297127063598 ), .UNSPECIFIED. );
#2114 = FILL_AREA_STYLE_COLOUR( '', #2796 );
#2115 = VERTEX_POINT( '', #2797 );
#2116 = CIRCLE( '', #2798, 1.52400000000000 );
#2117 = FILL_AREA_STYLE_COLOUR( '', #2799 );
#2118 = B_SPLINE_CURVE_WITH_KNOTS( '', 3, ( #2800, #2801, #2802, #2803, #2804, #2805 ), .UNSPECIFIED., .F., .F., ( 4, 2, 4 ), ( 4.33680868994202E-019, 0.000685106658566042, 0.00137021331713208 ), .UNSPECIFIED. );
#2119 = VERTEX_POINT( '', #2806 );
#2120 = B_SPLINE_CURVE_WITH_KNOTS( '', 3, ( #2807, #2808, #2809, #2810, #2811, #2812, #2813, #2814, #2815, #2816, #2817, #2818, #2819, #2820, #2821, #2822, #2823, #2824, #2825, #2826, #2827, #2828, #2829, #2830, #2831, #2832 ), .UNSPECIFIED., .T., .F., ( 2, 2, 2, 2, 2, 2, 2, 2, 2, 2, 2, 2, 2, 2, 2 ), ( -0.000557036123494793, 0.000000000000000, 0.000278518061747398, 0.000557036123494796, 0.00111407224698960, 0.00139259030873700, 0.00167110837048440, 0.00194962643223180, 0.00222814449397921, 0.00278518061747401, 0.00334221674096881, 0.00362073480271621, 0.00389925286446360, 0.00445628898795840, 0.00473480704970580 ), .UNSPECIFIED. );
#2121 = VERTEX_POINT( '', #2833 );
#2122 = CIRCLE( '', #2834, 3.81000000000000 );
#2123 = LINE( '', #2835, #2836 );
#2124 = FILL_AREA_STYLE_COLOUR( '', #2837 );
#2125 = LINE( '', #2838, #2839 );
#2126 = FILL_AREA_STYLE_COLOUR( '', #2840 );
#2127 = LINE( '', #2841, #2842 );
#2128 = FILL_AREA_STYLE_COLOUR( '', #2843 );
#2129 = FILL_AREA_STYLE_COLOUR( '', #2844 );
#2130 = CIRCLE( '', #2845, 1.98120000000000 );
#2131 = FILL_AREA_STYLE_COLOUR( '', #2846 );
#2132 = VERTEX_POINT( '', #2847 );
#2133 = CIRCLE( '', #2848, 4.19100000000000 );
#2134 = FILL_AREA_STYLE_COLOUR( '', #2849 );
#2135 = CIRCLE( '', #2850, 1.98120000000000 );
#2136 = FILL_AREA_STYLE_COLOUR( '', #2851 );
#2137 = FILL_AREA_STYLE_COLOUR( '', #2852 );
#2138 = LINE( '', #2853, #2854 );
#2139 = FILL_AREA_STYLE_COLOUR( '', #2855 );
#2140 = VERTEX_POINT( '', #2856 );
#2141 = CIRCLE( '', #2857, 0.520700000000000 );
#2142 = FILL_AREA_STYLE_COLOUR( '', #2858 );
#2143 = LINE( '', #2859, #2860 );
#2144 = LINE( '', #2861, #2862 );
#2145 = FILL_AREA_STYLE_COLOUR( '', #2863 );
#2146 = FILL_AREA_STYLE_COLOUR( '', #2864 );
#2147 = VERTEX_POINT( '', #2865 );
#2148 = LINE( '', #2866, #2867 );
#2149 = VERTEX_POINT( '', #2868 );
#2150 = CIRCLE( '', #2869, 0.635000000000000 );
#2151 = LINE( '', #2870, #2871 );
#2152 = FILL_AREA_STYLE_COLOUR( '', #2872 );
#2153 = CIRCLE( '', #2873, 0.635000000000000 );
#2154 = FILL_AREA_STYLE_COLOUR( '', #2874 );
#2155 = VERTEX_POINT( '', #2875 );
#2156 = CIRCLE( '', #2876, 0.990600000000000 );
#2157 = VERTEX_POINT( '', #2877 );
#2158 = B_SPLINE_CURVE_WITH_KNOTS( '', 3, ( #2878, #2879, #2880, #2881, #2882, #2883, #2884, #2885, #2886, #2887, #2888, #2889 ), .UNSPECIFIED., .F., .F., ( 4, 2, 2, 2, 2, 4 ), ( 2.50577549159086E-007, 0.000585501059460854, 0.000878126300416702, 0.00117075154137255, 0.00175600202328425, 0.00234125250519595 ), .UNSPECIFIED. );
#2159 = LINE( '', #2890, #2891 );
#2160 = LINE( '', #2892, #2893 );
#2161 = CIRCLE( '', #2894, 1.98120000000000 );
#2162 = FILL_AREA_STYLE_COLOUR( '', #2895 );
#2163 = VERTEX_POINT( '', #2896 );
#2164 = LINE( '', #2897, #2898 );
#2165 = VERTEX_POINT( '', #2899 );
#2166 = CIRCLE( '', #2900, 4.82600000000000 );
#2167 = CIRCLE( '', #2901, 1.27000000000000 );
#2168 = FILL_AREA_STYLE_COLOUR( '', #2902 );
#2169 = FILL_AREA_STYLE_COLOUR( '', #2903 );
#2170 = LINE( '', #2904, #2905 );
#2171 = FILL_AREA_STYLE_COLOUR( '', #2906 );
#2172 = VERTEX_POINT( '', #2907 );
#2173 = LINE( '', #2908, #2909 );
#2174 = VERTEX_POINT( '', #2910 );
#2175 = CIRCLE( '', #2911, 1.98120000000000 );
#2176 = VERTEX_POINT( '', #2912 );
#2177 = LINE( '', #2913, #2914 );
#2178 = B_SPLINE_CURVE_WITH_KNOTS( '', 3, ( #2915, #2916, #2917, #2918, #2919, #2920, #2921, #2922, #2923, #2924, #2925, #2926 ), .UNSPECIFIED., .F., .F., ( 4, 2, 2, 2, 2, 4 ), ( 0.0306834603184925, 0.0312668025358314, 0.0318501447531704, 0.0321418158618399, 0.0324334869705093, 0.0330168291878483 ), .UNSPECIFIED. );
#2179 = FILL_AREA_STYLE_COLOUR( '', #2927 );
#2180 = FILL_AREA_STYLE_COLOUR( '', #2928 );
#2181 = LINE( '', #2929, #2930 );
#2182 = FILL_AREA_STYLE_COLOUR( '', #2931 );
#2183 = LINE( '', #2932, #2933 );
#2184 = FILL_AREA_STYLE_COLOUR( '', #2934 );
#2185 = CIRCLE( '', #2935, 4.82600000000000 );
#2186 = LINE( '', #2936, #2937 );
#2187 = FILL_AREA_STYLE_COLOUR( '', #2938 );
#2188 = FILL_AREA_STYLE_COLOUR( '', #2939 );
#2189 = CIRCLE( '', #2940, 4.82600000000000 );
#2190 = B_SPLINE_CURVE_WITH_KNOTS( '', 3, ( #2941, #2942, #2943, #2944, #2945, #2946, #2947, #2948, #2949, #2950, #2951, #2952, #2953, #2954, #2955, #2956, #2957, #2958 ), .UNSPECIFIED., .F., .F., ( 4, 2, 2, 2, 2, 2, 2, 2, 4 ), ( 0.000000000000000, 0.000446040221715207, 0.000892080443430413, 0.00133812066514562, 0.00178416088686083, 0.00223020110857603, 0.00267624133029124, 0.00312228155200645, 0.00356832177372165 ), .UNSPECIFIED. );
#2191 = FILL_AREA_STYLE_COLOUR( '', #2959 );
#2192 = VERTEX_POINT( '', #2960 );
#2193 = B_SPLINE_CURVE_WITH_KNOTS( '', 3, ( #2961, #2962, #2963, #2964, #2965, #2966, #2967, #2968, #2969, #2970, #2971, #2972, #2973, #2974, #2975, #2976, #2977, #2978, #2979, #2980, #2981, #2982, #2983, #2984, #2985, #2986, #2987, #2988, #2989, #2990, #2991, #2992, #2993, #2994 ), .UNSPECIFIED., .T., .F., ( 2, 2, 2, 2, 2, 2, 2, 2, 2, 2, 2, 2, 2, 2, 2, 2, 2, 2, 2 ), ( -0.000387872212688090, 0.000000000000000, 0.000387872212688091, 0.000775744425376183, 0.00116361663806427, 0.00155148885075237, 0.00193936106344046, 0.00232723327612855, 0.00271510548881664, 0.00310297770150473, 0.00349084991419282, 0.00387872212688091, 0.00426659433956900, 0.00465446655225709, 0.00504233876494518, 0.00543021097763327, 0.00581808319032136, 0.00620595540300945, 0.00659382761569755 ), .UNSPECIFIED. );
#2194 = FILL_AREA_STYLE_COLOUR( '', #2995 );
#2195 = FILL_AREA_STYLE_COLOUR( '', #2996 );
#2196 = LINE( '', #2997, #2998 );
#2197 = FILL_AREA_STYLE_COLOUR( '', #2999 );
#2198 = FILL_AREA_STYLE_COLOUR( '', #3000 );
#2199 = LINE( '', #3001, #3002 );
#2200 = FILL_AREA_STYLE_COLOUR( '', #3003 );
#2201 = FILL_AREA_STYLE_COLOUR( '', #3004 );
#2202 = FILL_AREA_STYLE_COLOUR( '', #3005 );
#2203 = FILL_AREA_STYLE_COLOUR( '', #3006 );
#2204 = FILL_AREA_STYLE_COLOUR( '', #3007 );
#2205 = FILL_AREA_STYLE_COLOUR( '', #3008 );
#2206 = FILL_AREA_STYLE_COLOUR( '', #3009 );
#2207 = FILL_AREA_STYLE_COLOUR( '', #3010 );
#2208 = COLOUR_RGB( '', 0.643137276172638, 0.678431391716003, 0.698039233684540 );
#2209 = CARTESIAN_POINT( '', ( 23.6363089363358, -0.673100000000000, -9.39800000000000 ) );
#2210 = CARTESIAN_POINT( '', ( 23.6363089363358, 0.673100000000000, -9.39800000000000 ) );
#2211 = AXIS2_PLACEMENT_3D( '', #3011, #3012, #3013 );
#2212 = CARTESIAN_POINT( '', ( 24.2172910636642, 0.673100000000000, -9.39800000000000 ) );
#2213 = CARTESIAN_POINT( '', ( 23.6363089363358, 0.673100000000000, -9.39800000000000 ) );
#2214 = VECTOR( '', #3014, 1000.00000000000 );
#2215 = CARTESIAN_POINT( '', ( 24.2172910636642, -0.673100000000000, -9.39800000000000 ) );
#2216 = AXIS2_PLACEMENT_3D( '', #3015, #3016, #3017 );
#2217 = CARTESIAN_POINT( '', ( 23.6363089363358, -0.673100000000000, -9.39800000000000 ) );
#2218 = VECTOR( '', #3018, 1000.00000000000 );
#2219 = COLOUR_RGB( '', 0.643137276172638, 0.678431391716003, 0.698039233684540 );
#2220 = CARTESIAN_POINT( '', ( 22.1488000000000, 3.78460000000000, -8.76300000000000 ) );
#2221 = CARTESIAN_POINT( '', ( 22.1488000000000, 2.76860000000000, -8.76300000000000 ) );
#2222 = CARTESIAN_POINT( '', ( 22.1488000000000, 35.9192108890805, -8.76300000000000 ) );
#2223 = VECTOR( '', #3019, 1000.00000000000 );
#2224 = CARTESIAN_POINT( '', ( 22.1488000000000, 2.76860000000000, -6.09600000000000 ) );
#2225 = CARTESIAN_POINT( '', ( 22.1488000000000, 2.76860000000000, -3.95286352407973 ) );
#2226 = VECTOR( '', #3020, 1000.00000000000 );
#2227 = CARTESIAN_POINT( '', ( 22.1488000000000, 3.78460000000000, -6.09600000000000 ) );
#2228 = CARTESIAN_POINT( '', ( 22.1488000000000, 35.9192108890805, -6.09600000000000 ) );
#2229 = VECTOR( '', #3021, 1000.00000000000 );
#2230 = CARTESIAN_POINT( '', ( 22.1488000000000, 3.78460000000000, -2.99450811319656 ) );
#2231 = VECTOR( '', #3022, 1000.00000000000 );
#2232 = COLOUR_RGB( '', 0.643137276172638, 0.678431391716003, 0.698039233684540 );
#2233 = CARTESIAN_POINT( '', ( 30.1244000000000, 3.78460000000000, -6.09600000000000 ) );
#2234 = CARTESIAN_POINT( '', ( 30.1244000000000, 2.76860000000000, -6.09600000000000 ) );
#2235 = CARTESIAN_POINT( '', ( 30.1244000000000, 35.9192108890805, -6.09600000000000 ) );
#2236 = VECTOR( '', #3023, 1000.00000000000 );
#2237 = CARTESIAN_POINT( '', ( 29.9720000000000, 2.76860000000000, -6.09600000000000 ) );
#2238 = CARTESIAN_POINT( '', ( 21.9964000000000, 2.76860000000000, -6.09600000000000 ) );
#2239 = VECTOR( '', #3024, 1000.00000000000 );
#2240 = CARTESIAN_POINT( '', ( 29.9720000000000, 3.78460000000000, -6.09600000000000 ) );
#2241 = CARTESIAN_POINT( '', ( 29.9720000000000, 35.9192108890805, -6.09600000000000 ) );
#2242 = VECTOR( '', #3025, 1000.00000000000 );
#2243 = CARTESIAN_POINT( '', ( 21.9964000000000, 3.78460000000000, -6.09600000000000 ) );
#2244 = VECTOR( '', #3026, 1000.00000000000 );
#2245 = COLOUR_RGB( '', 0.643137276172638, 0.678431391716003, 0.698039233684540 );
#2246 = CARTESIAN_POINT( '', ( 5.23240000000000, -3.95946814610246, -2.28600000000000 ) );
#2247 = AXIS2_PLACEMENT_3D( '', #3027, #3028, #3029 );
#2248 = CARTESIAN_POINT( '', ( 4.24180000000000, -5.19093501136960, -1.85314137284161 ) );
#2249 = CARTESIAN_POINT( '', ( 4.11062645171463, -5.19093501136960, -1.85314137284160 ) );
#2250 = CARTESIAN_POINT( '', ( 4.37297354828537, -5.19093501136960, -1.85314137284160 ) );
#2251 = CARTESIAN_POINT( '', ( 4.50166863079699, -5.18222396538804, -1.87804174076897 ) );
#2252 = CARTESIAN_POINT( '', ( 4.74145599390525, -5.14696772602399, -1.97261482169734 ) );
#2253 = CARTESIAN_POINT( '', ( 4.85117630214519, -5.12033119268748, -2.04220443827146 ) );
#2254 = CARTESIAN_POINT( '', ( 5.03350520565392, -5.04937874004564, -2.21182386958796 ) );
#2255 = CARTESIAN_POINT( '', ( 5.10726927363994, -5.00433494878494, -2.31318663165918 ) );
#2256 = CARTESIAN_POINT( '', ( 5.20616903820718, -4.89944858825693, -2.52776664341159 ) );
#2257 = CARTESIAN_POINT( '', ( 5.23232462628742, -4.83838433342557, -2.64324541511084 ) );
#2258 = CARTESIAN_POINT( '', ( 5.23247503961242, -4.70890854660984, -2.86755812183595 ) );
#2259 = CARTESIAN_POINT( '', ( 5.20677101898764, -4.63979348163257, -2.97770849927770 ) );
#2260 = CARTESIAN_POINT( '', ( 5.10731271037438, -4.50535824309410, -3.17744843549894 ) );
#2261 = CARTESIAN_POINT( '', ( 5.03458790722766, -4.44086051074316, -3.26608897594047 ) );
#2262 = CARTESIAN_POINT( '', ( 4.85028335134305, -4.32820700681160, -3.41397178969377 ) );
#2263 = CARTESIAN_POINT( '', ( 4.74126440431450, -4.28176001665211, -3.47116853609040 ) );
#2264 = CARTESIAN_POINT( '', ( 4.50171311234399, -4.21756280567656, -3.54889332416716 ) );
#2265 = CARTESIAN_POINT( '', ( 4.37162319128638, -4.20036894089831, -3.56887097035944 ) );
#2266 = CARTESIAN_POINT( '', ( 4.11276465451575, -4.20030118494979, -3.56895071392795 ) );
#2267 = CARTESIAN_POINT( '', ( 3.98215736863041, -4.21756477596291, -3.54888625285923 ) );
#2268 = CARTESIAN_POINT( '', ( 3.74362305569201, -4.28134101945332, -3.47168047929569 ) );
#2269 = CARTESIAN_POINT( '', ( 3.63338396647367, -4.32828526963091, -3.41384613993249 ) );
#2270 = CARTESIAN_POINT( '', ( 3.45058906409914, -4.43977826975527, -3.26753236523293 ) );
#2271 = CARTESIAN_POINT( '', ( 3.37714159213683, -4.50448957881185, -3.17867971720104 ) );
#2272 = CARTESIAN_POINT( '', ( 3.27722340053929, -4.63897784031629, -2.97897897059113 ) );
#2273 = CARTESIAN_POINT( '', ( 3.25130037293319, -4.70752650368003, -2.86988883890913 ) );
#2274 = CARTESIAN_POINT( '', ( 3.25110020636496, -4.83843351667515, -2.64322319058751 ) );
#2275 = CARTESIAN_POINT( '', ( 3.27697143448650, -4.89882427427558, -2.52900639088982 ) );
#2276 = CARTESIAN_POINT( '', ( 3.37616689071401, -5.00429730924597, -2.31330089613667 ) );
#2277 = CARTESIAN_POINT( '', ( 3.44977132787847, -5.04920212778339, -2.21222700030955 ) );
#2278 = CARTESIAN_POINT( '', ( 3.63187424792444, -5.12016787101379, -2.04261386481855 ) );
#2279 = CARTESIAN_POINT( '', ( 3.74213169783818, -5.14692037187640, -1.97273312801944 ) );
#2280 = CARTESIAN_POINT( '', ( 3.98036386016088, -5.18203873604528, -1.87854727035222 ) );
#2281 = CARTESIAN_POINT( '', ( 4.11062645171463, -5.19093501136960, -1.85314137284160 ) );
#2282 = CARTESIAN_POINT( '', ( 4.37297354828537, -5.19093501136960, -1.85314137284160 ) );
#2283 = COLOUR_RGB( '', 0.643137276172638, 0.678431391716003, 0.698039233684540 );
#2284 = CARTESIAN_POINT( '', ( 3.18685876941626, -4.73197898744771, -0.947971973392241 ) );
#2285 = CARTESIAN_POINT( '', ( 3.18685876940941, -1.54502168269575, 4.57200000000000 ) );
#2286 = AXIS2_PLACEMENT_3D( '', #3030, #3031, #3032 );
#2287 = CARTESIAN_POINT( '', ( 5.29674123059060, -4.73197898745033, -0.947971973387698 ) );
#2288 = CARTESIAN_POINT( '', ( 3.18685876941602, -4.73197898744752, -0.947971973392570 ) );
#2289 = CARTESIAN_POINT( '', ( 3.34256869275210, -4.67256555237500, -1.05087906159037 ) );
#2290 = CARTESIAN_POINT( '', ( 3.50406531019783, -4.61774504969578, -1.14583095752724 ) );
#2291 = CARTESIAN_POINT( '', ( 3.76831915132342, -4.55298289804850, -1.25800229458781 ) );
#2292 = CARTESIAN_POINT( '', ( 3.85926936549941, -4.53476019449199, -1.28956494299895 ) );
#2293 = CARTESIAN_POINT( '', ( 4.04721934644168, -4.50917394821963, -1.33388162151764 ) );
#2294 = CARTESIAN_POINT( '', ( 4.14602843165083, -4.50195782920953, -1.34638030627660 ) );
#2295 = CARTESIAN_POINT( '', ( 4.43683013109915, -4.50212248053608, -1.34609512181349 ) );
#2296 = CARTESIAN_POINT( '', ( 4.62893407245637, -4.53181813911098, -1.29466073239754 ) );
#2297 = CARTESIAN_POINT( '', ( 4.97790343245956, -4.61734854593819, -1.14651772218078 ) );
#2298 = CARTESIAN_POINT( '', ( 5.14112563134114, -4.67260154313447, -1.05081672376637 ) );
#2299 = CARTESIAN_POINT( '', ( 5.29674123059062, -4.73197898745032, -0.947971973387725 ) );
#2300 = CARTESIAN_POINT( '', ( 5.29674123059060, -1.54502168269575, 4.57200000000000 ) );
#2301 = AXIS2_PLACEMENT_3D( '', #3033, #3034, #3035 );
#2302 = CARTESIAN_POINT( '', ( 5.29674123059021, -1.54502168269627, 4.57200000000000 ) );
#2303 = CARTESIAN_POINT( '', ( 5.14183324557934, -1.42680679552019, 4.57200000000000 ) );
#2304 = CARTESIAN_POINT( '', ( 4.97882884717569, -1.31628067045087, 4.57200000000000 ) );
#2305 = CARTESIAN_POINT( '', ( 4.62908215894788, -1.14470653635803, 4.57200000000000 ) );
#2306 = CARTESIAN_POINT( '', ( 4.43770346785968, -1.08524403524882, 4.57200000000000 ) );
#2307 = CARTESIAN_POINT( '', ( 4.14507340062054, -1.08501118329378, 4.57200000000000 ) );
#2308 = CARTESIAN_POINT( '', ( 4.04688173561146, -1.09947585194870, 4.57200000000000 ) );
#2309 = CARTESIAN_POINT( '', ( 3.85894054336979, -1.15070139476953, 4.57200000000000 ) );
#2310 = CARTESIAN_POINT( '', ( 3.76726502411446, -1.18747959901343, 4.57200000000000 ) );
#2311 = CARTESIAN_POINT( '', ( 3.50293563771931, -1.31724192152538, 4.57200000000000 ) );
#2312 = CARTESIAN_POINT( '', ( 3.34027853712377, -1.42794249836789, 4.57200000000000 ) );
#2313 = CARTESIAN_POINT( '', ( 3.18685876940941, -1.54502168269575, 4.57200000000000 ) );
#2314 = COLOUR_RGB( '', 0.643137276172638, 0.678431391716003, 0.698039233684540 );
#2315 = CARTESIAN_POINT( '', ( 2.99720000000000, 0.000000000000000, 2.50190000000000 ) );
#2316 = AXIS2_PLACEMENT_3D( '', #3036, #3037, #3038 );
#2317 = CARTESIAN_POINT( '', ( 8.43280000000000, 0.000000000000000, 2.50190000000000 ) );
#2318 = AXIS2_PLACEMENT_3D( '', #3039, #3040, #3041 );
#2319 = COLOUR_RGB( '', 0.643137276172638, 0.678431391716003, 0.698039233684540 );
#2320 = CARTESIAN_POINT( '', ( 24.2824000000000, -3.78460000000000, -5.33400000000000 ) );
#2321 = CARTESIAN_POINT( '', ( 24.2824000000000, -2.76860000000000, -5.33400000000000 ) );
#2322 = CARTESIAN_POINT( '', ( 24.2824000000000, -35.9192108890805, -5.33400000000000 ) );
#2323 = VECTOR( '', #3042, 1000.00000000000 );
#2324 = CARTESIAN_POINT( '', ( 27.8384000000000, -2.76860000000000, -5.33400000000000 ) );
#2325 = CARTESIAN_POINT( '', ( 21.9964000000000, -2.76860000000000, -5.33400000000000 ) );
#2326 = VECTOR( '', #3043, 1000.00000000000 );
#2327 = CARTESIAN_POINT( '', ( 27.8384000000000, -3.78460000000000, -5.33400000000000 ) );
#2328 = CARTESIAN_POINT( '', ( 27.8384000000000, -35.9192108890805, -5.33400000000000 ) );
#2329 = VECTOR( '', #3044, 1000.00000000000 );
#2330 = CARTESIAN_POINT( '', ( 21.9964000000000, -3.78460000000000, -5.33400000000000 ) );
#2331 = VECTOR( '', #3045, 1000.00000000000 );
#2332 = COLOUR_RGB( '', 0.643137276172638, 0.678431391716003, 0.698039233684540 );
#2333 = CARTESIAN_POINT( '', ( 8.33120000000000, 0.000000000000000, 2.15900000000000 ) );
#2334 = AXIS2_PLACEMENT_3D( '', #3046, #3047, #3048 );
#2335 = CARTESIAN_POINT( '', ( 7.44220000000000, 0.000000000000000, 2.15900000000000 ) );
#2336 = AXIS2_PLACEMENT_3D( '', #3049, #3050, #3051 );
#2337 = COLOUR_RGB( '', 0.643137276172638, 0.678431391716003, 0.698039233684540 );
#2338 = CARTESIAN_POINT( '', ( 24.2824000000000, -3.78460000000000, -6.09600000000000 ) );
#2339 = CARTESIAN_POINT( '', ( 24.2824000000000, -2.76860000000000, -6.09600000000000 ) );
#2340 = CARTESIAN_POINT( '', ( 24.2824000000000, -35.9192108890805, -6.09600000000000 ) );
#2341 = VECTOR( '', #3052, 1000.00000000000 );
#2342 = CARTESIAN_POINT( '', ( 24.2824000000000, -2.76860000000000, -3.95286352407973 ) );
#2343 = VECTOR( '', #3053, 1000.00000000000 );
#2344 = CARTESIAN_POINT( '', ( 24.2824000000000, -3.78460000000000, -2.99450811319656 ) );
#2345 = VECTOR( '', #3054, 1000.00000000000 );
#2346 = COLOUR_RGB( '', 0.643137276172638, 0.678431391716003, 0.698039233684540 );
#2347 = CARTESIAN_POINT( '', ( 2.99720000000000, 0.000000000000000, 2.28600000000000 ) );
#2348 = AXIS2_PLACEMENT_3D( '', #3055, #3056, #3057 );
#2349 = COLOUR_RGB( '', 0.643137276172638, 0.678431391716003, 0.698039233684540 );
#2350 = CARTESIAN_POINT( '', ( 9.22020000000000, 0.000000000000000, 2.72287565453220 ) );
#2351 = AXIS2_PLACEMENT_3D( '', #3058, #3059, #3060 );
#2352 = CARTESIAN_POINT( '', ( 9.22020000000000, 0.000000000000000, 3.27660000000000 ) );
#2353 = AXIS2_PLACEMENT_3D( '', #3061, #3062, #3063 );
#2354 = COLOUR_RGB( '', 0.643137276172638, 0.678431391716003, 0.698039233684540 );
#2355 = CARTESIAN_POINT( '', ( 0.000000000000000, 0.000000000000000, 4.48310000000000 ) );
#2356 = AXIS2_PLACEMENT_3D( '', #3064, #3065, #3066 );
#2357 = CARTESIAN_POINT( '', ( 0.000000000000000, 0.000000000000000, 4.82600000000000 ) );
#2358 = AXIS2_PLACEMENT_3D( '', #3067, #3068, #3069 );
#2359 = COLOUR_RGB( '', 0.643137276172638, 0.678431391716003, 0.698039233684540 );
#2360 = CARTESIAN_POINT( '', ( 24.2824000000000, 3.78460000000000, -6.09600000000000 ) );
#2361 = CARTESIAN_POINT( '', ( 24.2824000000000, 2.76860000000000, -6.09600000000000 ) );
#2362 = CARTESIAN_POINT( '', ( 24.2824000000000, 35.9192108890805, -6.09600000000000 ) );
#2363 = VECTOR( '', #3070, 1000.00000000000 );
#2364 = CARTESIAN_POINT( '', ( 23.4188000000000, 2.76860000000000, -6.09600000000000 ) );
#2365 = CARTESIAN_POINT( '', ( 21.9964000000000, 2.76860000000000, -6.09600000000000 ) );
#2366 = VECTOR( '', #3071, 1000.00000000000 );
#2367 = CARTESIAN_POINT( '', ( 23.4188000000000, 3.78460000000000, -6.09600000000000 ) );
#2368 = CARTESIAN_POINT( '', ( 23.4188000000000, 35.9192108890805, -6.09600000000000 ) );
#2369 = VECTOR( '', #3072, 1000.00000000000 );
#2370 = CARTESIAN_POINT( '', ( 21.9964000000000, 3.78460000000000, -6.09600000000000 ) );
#2371 = VECTOR( '', #3073, 1000.00000000000 );
#2372 = COLOUR_RGB( '', 0.643137276172638, 0.678431391716003, 0.698039233684540 );
#2373 = CARTESIAN_POINT( '', ( 21.9964000000000, 3.78460000000000, -6.09600000000000 ) );
#2374 = CARTESIAN_POINT( '', ( 21.9964000000000, 3.78460000000000, -6.09600000000000 ) );
#2375 = VECTOR( '', #3074, 1000.00000000000 );
#2376 = CARTESIAN_POINT( '', ( 21.9964000000000, 3.78460000000000, -3.40767293618387 ) );
#2377 = CARTESIAN_POINT( '', ( 21.9964000000000, 3.78460000000000, -2.99450811319656 ) );
#2378 = VECTOR( '', #3075, 1000.00000000000 );
#2379 = CARTESIAN_POINT( '', ( 30.1244000000000, 3.78460000000000, -3.40767293618387 ) );
#2380 = CARTESIAN_POINT( '', ( 30.1244000000000, 3.78460000000000, -3.40767293618387 ) );
#2381 = VECTOR( '', #3076, 1000.00000000000 );
#2382 = CARTESIAN_POINT( '', ( 30.1244000000000, 3.78460000000000, -2.99450811319656 ) );
#2383 = VECTOR( '', #3077, 1000.00000000000 );
#2384 = CARTESIAN_POINT( '', ( 29.9720000000000, 3.78460000000000, -8.76300000000000 ) );
#2385 = CARTESIAN_POINT( '', ( 29.9720000000000, 3.78460000000000, -2.99450811319657 ) );
#2386 = VECTOR( '', #3078, 1000.00000000000 );
#2387 = CARTESIAN_POINT( '', ( 28.7020000000000, 3.78460000000000, -8.76300000000000 ) );
#2388 = AXIS2_PLACEMENT_3D( '', #3079, #3080, #3081 );
#2389 = CARTESIAN_POINT( '', ( 28.7020000000000, 3.78460000000000, -6.09600000000000 ) );
#2390 = CARTESIAN_POINT( '', ( 28.7020000000000, 3.78460000000000, -2.99450811319655 ) );
#2391 = VECTOR( '', #3082, 1000.00000000000 );
#2392 = CARTESIAN_POINT( '', ( 27.8384000000000, 3.78460000000000, -6.09600000000000 ) );
#2393 = CARTESIAN_POINT( '', ( 21.9964000000000, 3.78460000000000, -6.09600000000000 ) );
#2394 = VECTOR( '', #3083, 1000.00000000000 );
#2395 = CARTESIAN_POINT( '', ( 27.8384000000000, 3.78460000000000, -5.33400000000000 ) );
#2396 = CARTESIAN_POINT( '', ( 27.8384000000000, 3.78460000000000, -2.99450811319656 ) );
#2397 = VECTOR( '', #3084, 1000.00000000000 );
#2398 = CARTESIAN_POINT( '', ( 24.2824000000000, 3.78460000000000, -5.33400000000000 ) );
#2399 = CARTESIAN_POINT( '', ( 21.9964000000000, 3.78460000000000, -5.33400000000000 ) );
#2400 = VECTOR( '', #3085, 1000.00000000000 );
#2401 = CARTESIAN_POINT( '', ( 24.2824000000000, 3.78460000000000, -2.99450811319656 ) );
#2402 = VECTOR( '', #3086, 1000.00000000000 );
#2403 = CARTESIAN_POINT( '', ( 23.4188000000000, 3.78460000000000, -8.76300000000000 ) );
#2404 = CARTESIAN_POINT( '', ( 23.4188000000000, 3.78460000000000, -2.99450811319656 ) );
#2405 = VECTOR( '', #3087, 1000.00000000000 );
#2406 = AXIS2_PLACEMENT_3D( '', #3088, #3089, #3090 );
#2407 = COLOUR_RGB( '', 0.643137276172638, 0.678431391716003, 0.698039233684540 );
#2408 = CARTESIAN_POINT( '', ( 25.7556000000000, 0.000000000000000, -8.68680000000000 ) );
#2409 = AXIS2_PLACEMENT_3D( '', #3091, #3092, #3093 );
#2410 = COLOUR_RGB( '', 0.643137276172638, 0.678431391716003, 0.698039233684540 );
#2411 = CARTESIAN_POINT( '', ( 5.48198605055854, 3.18695730475457, -3.62402802661230 ) );
#2412 = CARTESIAN_POINT( '', ( 5.48198605055855, 4.73197898745033, -0.947971973387705 ) );
#2413 = AXIS2_PLACEMENT_3D( '', #3094, #3095, #3096 );
#2414 = CARTESIAN_POINT( '', ( 5.48198605055855, 4.73197898745033, -0.947971973387706 ) );
#2415 = CARTESIAN_POINT( '', ( 5.59699991331556, 4.71283679276026, -1.04352380992923 ) );
#2416 = CARTESIAN_POINT( '', ( 5.69959341938814, 4.68876736618171, -1.14875295909541 ) );
#2417 = CARTESIAN_POINT( '', ( 5.88142364414217, 4.62708768745957, -1.37631112316986 ) );
#2418 = CARTESIAN_POINT( '', ( 5.96116304137282, 4.58887826315950, -1.50017673388816 ) );
#2419 = CARTESIAN_POINT( '', ( 6.08913022070854, 4.49828782024069, -1.75320866792044 ) );
#2420 = CARTESIAN_POINT( '', ( 6.13842173487366, 4.44581253646908, -1.88322571005984 ) );
#2421 = CARTESIAN_POINT( '', ( 6.20589790619052, 4.32324410450751, -2.14973221525311 ) );
#2422 = CARTESIAN_POINT( '', ( 6.22280159183026, 4.25503923939870, -2.28189294573024 ) );
#2423 = CARTESIAN_POINT( '', ( 6.22319494337912, 4.10645673377407, -2.53956835667751 ) );
#2424 = CARTESIAN_POINT( '', ( 6.20616480206895, 4.02467613962013, -2.66709175067885 ) );
#2425 = CARTESIAN_POINT( '', ( 6.13989970873674, 3.85689685383670, -2.90443507316506 ) );
#2426 = CARTESIAN_POINT( '', ( 6.09065562876731, 3.76975151592034, -3.01624022790056 ) );
#2427 = CARTESIAN_POINT( '', ( 5.96166445452412, 3.59410256894907, -3.22353196479623 ) );
#2428 = CARTESIAN_POINT( '', ( 5.88368670041924, 3.50776536735654, -3.31661006310347 ) );
#2429 = CARTESIAN_POINT( '', ( 5.70150010688077, 3.34074907918108, -3.48478346142998 ) );
#2430 = CARTESIAN_POINT( '', ( 5.59702129619590, 3.26015013039720, -3.55966251712273 ) );
#2431 = CARTESIAN_POINT( '', ( 5.48198605055854, 3.18695730475457, -3.62402802661230 ) );
#2432 = COLOUR_RGB( '', 0.643137276172638, 0.678431391716003, 0.698039233684540 );
#2433 = CARTESIAN_POINT( '', ( 23.6363089363358, 0.673100000000000, -3.75007151798469 ) );
#2434 = CARTESIAN_POINT( '', ( 23.6363089363358, -0.673100000000010, -3.75007151798469 ) );
#2435 = CARTESIAN_POINT( '', ( 23.6363089363358, 0.673100000000000, -3.75007151798469 ) );
#2436 = CARTESIAN_POINT( '', ( 23.5810744586605, 0.453800224057238, -3.78943361507515 ) );
#2437 = CARTESIAN_POINT( '', ( 23.5529927846059, 0.230086822601795, -3.80989400725915 ) );
#2438 = CARTESIAN_POINT( '', ( 23.5527008434769, -0.226563071018479, -3.81010517798850 ) );
#2439 = CARTESIAN_POINT( '', ( 23.5810616858235, -0.453749511523992, -3.78944271746319 ) );
#2440 = CARTESIAN_POINT( '', ( 23.6363089363358, -0.673100000000000, -3.75007151798469 ) );
#2441 = CARTESIAN_POINT( '', ( 23.6363089363358, 0.673100000000000, 26.4682509252100 ) );
#2442 = VECTOR( '', #3097, 1000.00000000000 );
#2443 = CARTESIAN_POINT( '', ( 23.6363089363358, -0.673100000000000, 26.4682509252100 ) );
#2444 = VECTOR( '', #3098, 1000.00000000000 );
#2445 = COLOUR_RGB( '', 0.643137276172638, 0.678431391716003, 0.698039233684540 );
#2446 = COLOUR_RGB( '', 0.643137276172638, 0.678431391716003, 0.698039233684540 );
#2447 = CARTESIAN_POINT( '', ( 28.7020000000000, 2.76860000000000, -6.09600000000000 ) );
#2448 = CARTESIAN_POINT( '', ( 28.7020000000000, 35.9192108890805, -6.09600000000000 ) );
#2449 = VECTOR( '', #3099, 1000.00000000000 );
#2450 = CARTESIAN_POINT( '', ( 27.8384000000000, 2.76860000000000, -6.09600000000000 ) );
#2451 = CARTESIAN_POINT( '', ( 21.9964000000000, 2.76860000000000, -6.09600000000000 ) );
#2452 = VECTOR( '', #3100, 1000.00000000000 );
#2453 = CARTESIAN_POINT( '', ( 27.8384000000000, 35.9192108890805, -6.09600000000000 ) );
#2454 = VECTOR( '', #3101, 1000.00000000000 );
#2455 = COLOUR_RGB( '', 0.643137276172638, 0.678431391716003, 0.698039233684540 );
#2456 = CARTESIAN_POINT( '', ( 29.9720000000000, -3.78460000000000, -6.09600000000000 ) );
#2457 = CARTESIAN_POINT( '', ( 29.9720000000000, -2.76860000000000, -6.09600000000000 ) );
#2458 = CARTESIAN_POINT( '', ( 29.9720000000000, -35.9192108890805, -6.09600000000000 ) );
#2459 = VECTOR( '', #3102, 1000.00000000000 );
#2460 = CARTESIAN_POINT( '', ( 30.1244000000000, -2.76860000000000, -6.09600000000000 ) );
#2461 = CARTESIAN_POINT( '', ( 21.9964000000000, -2.76860000000000, -6.09600000000000 ) );
#2462 = VECTOR( '', #3103, 1000.00000000000 );
#2463 = CARTESIAN_POINT( '', ( 30.1244000000000, -3.78460000000000, -6.09600000000000 ) );
#2464 = CARTESIAN_POINT( '', ( 30.1244000000000, -35.9192108890805, -6.09600000000000 ) );
#2465 = VECTOR( '', #3104, 1000.00000000000 );
#2466 = CARTESIAN_POINT( '', ( 21.9964000000000, -3.78460000000000, -6.09600000000000 ) );
#2467 = VECTOR( '', #3105, 1000.00000000000 );
#2468 = COLOUR_RGB( '', 0.643137276172638, 0.678431391716003, 0.698039233684540 );
#2469 = CARTESIAN_POINT( '', ( 21.9964000000000, -2.76860000000000, -6.09600000000000 ) );
#2470 = CARTESIAN_POINT( '', ( 21.9964000000000, -2.76860000000000, -3.95286352407973 ) );
#2471 = CARTESIAN_POINT( '', ( 21.9964000000000, -2.76860000000000, -3.95286352407973 ) );
#2472 = VECTOR( '', #3106, 1000.00000000000 );
#2473 = CARTESIAN_POINT( '', ( 21.9964000000000, -3.78460000000000, -6.09600000000000 ) );
#2474 = CARTESIAN_POINT( '', ( 21.9964000000000, 0.000000000000000, -6.09600000000000 ) );
#2475 = VECTOR( '', #3107, 1000.00000000000 );
#2476 = CARTESIAN_POINT( '', ( 21.9964000000000, -3.78460000000000, -3.40767293618387 ) );
#2477 = CARTESIAN_POINT( '', ( 21.9964000000000, -3.78460000000000, -2.99450811319656 ) );
#2478 = VECTOR( '', #3108, 1000.00000000000 );
#2479 = CARTESIAN_POINT( '', ( 21.9964000000000, -4.00155833333334, -2.69774107447890 ) );
#2480 = AXIS2_PLACEMENT_3D( '', #3109, #3110, #3111 );
#2481 = AXIS2_PLACEMENT_3D( '', #3112, #3113, #3114 );
#2482 = COLOUR_RGB( '', 0.643137276172638, 0.678431391716003, 0.698039233684540 );
#2483 = CARTESIAN_POINT( '', ( 24.2172910636642, -0.673100000000000, -3.75007151798469 ) );
#2484 = CARTESIAN_POINT( '', ( 10.3712681243276, -0.673100000000010, -3.75007151798469 ) );
#2485 = VECTOR( '', #3115, 1000.00000000000 );
#2486 = CARTESIAN_POINT( '', ( 24.2172910636642, -0.673100000000000, 26.4682509252100 ) );
#2487 = VECTOR( '', #3116, 1000.00000000000 );
#2488 = COLOUR_RGB( '', 0.643137276172638, 0.678431391716003, 0.698039233684540 );
#2489 = CARTESIAN_POINT( '', ( 22.1488000000000, -2.76860000000000, -8.76300000000000 ) );
#2490 = CARTESIAN_POINT( '', ( 22.1488000000000, -2.76860000000000, -6.09600000000000 ) );
#2491 = CARTESIAN_POINT( '', ( 22.1488000000000, -2.76860000000000, -3.95286352407973 ) );
#2492 = VECTOR( '', #3117, 1000.00000000000 );
#2493 = CARTESIAN_POINT( '', ( 21.9964000000000, -2.76860000000000, -6.09600000000000 ) );
#2494 = VECTOR( '', #3118, 1000.00000000000 );
#2495 = CARTESIAN_POINT( '', ( 21.9964000000000, -2.76860000000000, -2.61743271928812 ) );
#2496 = CARTESIAN_POINT( '', ( 21.9964000000000, -2.76860000000000, -3.95286352407973 ) );
#2497 = VECTOR( '', #3119, 1000.00000000000 );
#2498 = CARTESIAN_POINT( '', ( 30.1244000000000, -2.76860000000000, -2.61743271928812 ) );
#2499 = CARTESIAN_POINT( '', ( 21.9964000000000, -2.76860000000000, -2.61743271928812 ) );
#2500 = VECTOR( '', #3120, 1000.00000000000 );
#2501 = CARTESIAN_POINT( '', ( 30.1244000000000, -2.76860000000000, -3.95286352407973 ) );
#2502 = VECTOR( '', #3121, 1000.00000000000 );
#2503 = CARTESIAN_POINT( '', ( 29.9720000000000, -2.76860000000000, -8.76300000000000 ) );
#2504 = CARTESIAN_POINT( '', ( 29.9720000000000, -2.76860000000000, -3.95286352407974 ) );
#2505 = VECTOR( '', #3122, 1000.00000000000 );
#2506 = CARTESIAN_POINT( '', ( 28.7020000000000, -2.76860000000000, -8.76300000000000 ) );
#2507 = AXIS2_PLACEMENT_3D( '', #3123, #3124, #3125 );
#2508 = CARTESIAN_POINT( '', ( 28.7020000000000, -2.76860000000000, -6.09600000000000 ) );
#2509 = CARTESIAN_POINT( '', ( 28.7020000000000, -2.76860000000000, -3.95286352407972 ) );
#2510 = VECTOR( '', #3126, 1000.00000000000 );
#2511 = CARTESIAN_POINT( '', ( 27.8384000000000, -2.76860000000000, -6.09600000000000 ) );
#2512 = CARTESIAN_POINT( '', ( 21.9964000000000, -2.76860000000000, -6.09600000000000 ) );
#2513 = VECTOR( '', #3127, 1000.00000000000 );
#2514 = CARTESIAN_POINT( '', ( 27.8384000000000, -2.76860000000000, -3.95286352407973 ) );
#2515 = VECTOR( '', #3128, 1000.00000000000 );
#2516 = CARTESIAN_POINT( '', ( 23.4188000000000, -2.76860000000000, -6.09600000000000 ) );
#2517 = CARTESIAN_POINT( '', ( 21.9964000000000, -2.76860000000000, -6.09600000000000 ) );
#2518 = VECTOR( '', #3129, 1000.00000000000 );
#2519 = CARTESIAN_POINT( '', ( 23.4188000000000, -2.76860000000000, -8.76300000000000 ) );
#2520 = CARTESIAN_POINT( '', ( 23.4188000000000, -2.76860000000000, -3.95286352407973 ) );
#2521 = VECTOR( '', #3130, 1000.00000000000 );
#2522 = AXIS2_PLACEMENT_3D( '', #3131, #3132, #3133 );
#2523 = COLOUR_RGB( '', 0.643137276172638, 0.678431391716003, 0.698039233684540 );
#2524 = CARTESIAN_POINT( '', ( 10.0584000000000, 0.000000000000000, 0.520700000000000 ) );
#2525 = AXIS2_PLACEMENT_3D( '', #3134, #3135, #3136 );
#2526 = COLOUR_RGB( '', 0.643137276172638, 0.678431391716003, 0.698039233684540 );
#2527 = CARTESIAN_POINT( '', ( 23.4188000000000, -3.78460000000000, -8.76300000000000 ) );
#2528 = CARTESIAN_POINT( '', ( 23.4188000000000, -35.9192108890805, -8.76300000000000 ) );
#2529 = VECTOR( '', #3137, 1000.00000000000 );
#2530 = CARTESIAN_POINT( '', ( 23.4188000000000, -3.78460000000000, -6.09600000000000 ) );
#2531 = CARTESIAN_POINT( '', ( 23.4188000000000, -35.9192108890805, -6.09600000000000 ) );
#2532 = VECTOR( '', #3138, 1000.00000000000 );
#2533 = CARTESIAN_POINT( '', ( 23.4188000000000, -3.78460000000000, -2.99450811319656 ) );
#2534 = VECTOR( '', #3139, 1000.00000000000 );
#2535 = COLOUR_RGB( '', 0.643137276172638, 0.678431391716003, 0.698039233684540 );
#2536 = CARTESIAN_POINT( '', ( 30.3784000000000, 0.000000000000000, 3.81000000000000 ) );
#2537 = AXIS2_PLACEMENT_3D( '', #3140, #3141, #3142 );
#2538 = CARTESIAN_POINT( '', ( 30.8864000000000, 0.000000000000000, 2.93011818975501 ) );
#2539 = AXIS2_PLACEMENT_3D( '', #3143, #3144, #3145 );
#2540 = COLOUR_RGB( '', 0.643137276172638, 0.678431391716003, 0.698039233684540 );
#2541 = CARTESIAN_POINT( '', ( 27.8384000000000, 2.76860000000000, -5.33400000000000 ) );
#2542 = CARTESIAN_POINT( '', ( 27.8384000000000, 35.9192108890805, -5.33400000000000 ) );
#2543 = VECTOR( '', #3146, 1000.00000000000 );
#2544 = CARTESIAN_POINT( '', ( 24.2824000000000, 2.76860000000000, -5.33400000000000 ) );
#2545 = CARTESIAN_POINT( '', ( 21.9964000000000, 2.76860000000000, -5.33400000000000 ) );
#2546 = VECTOR( '', #3147, 1000.00000000000 );
#2547 = CARTESIAN_POINT( '', ( 24.2824000000000, 35.9192108890805, -5.33400000000000 ) );
#2548 = VECTOR( '', #3148, 1000.00000000000 );
#2549 = COLOUR_RGB( '', 0.643137276172638, 0.678431391716003, 0.698039233684540 );
#2550 = CARTESIAN_POINT( '', ( 3.32740000000000, 0.000000000000000, 0.774700000000000 ) );
#2551 = AXIS2_PLACEMENT_3D( '', #3149, #3150, #3151 );
#2552 = CARTESIAN_POINT( '', ( 3.32740000000000, 0.000000000000000, 1.52400000000000 ) );
#2553 = AXIS2_PLACEMENT_3D( '', #3152, #3153, #3154 );
#2554 = COLOUR_RGB( '', 0.643137276172638, 0.678431391716003, 0.698039233684540 );
#2555 = CARTESIAN_POINT( '', ( 5.48198605055855, -4.73197898745033, -0.947971973387702 ) );
#2556 = CARTESIAN_POINT( '', ( 5.48198605055855, -3.18695730475459, -3.62402802661230 ) );
#2557 = AXIS2_PLACEMENT_3D( '', #3155, #3156, #3157 );
#2558 = CARTESIAN_POINT( '', ( 5.48198605055855, -3.18695730475458, -3.62402802661230 ) );
#2559 = CARTESIAN_POINT( '', ( 5.59699991331556, -3.26013652523276, -3.55967448145575 ) );
#2560 = CARTESIAN_POINT( '', ( 5.69959341938814, -3.33923292834003, -3.48621517200111 ) );
#2561 = CARTESIAN_POINT( '', ( 5.88142364414217, -3.50546423990598, -3.31901992129325 ) );
#2562 = CARTESIAN_POINT( '', ( 5.96116304137281, -3.59363029329326, -3.22399678382626 ) );
#2563 = CARTESIAN_POINT( '', ( 6.08913022070854, -3.76746715467452, -3.01902719190235 ) );
#2564 = CARTESIAN_POINT( '', ( 6.13842173487366, -3.85382757420634, -2.90857374201564 ) );
#2565 = CARTESIAN_POINT( '', ( 6.20589790619052, -4.02334476199674, -2.66917311363826 ) );
#2566 = CARTESIAN_POINT( '', ( 6.22280159183026, -4.10369687941824, -2.54402560255377 ) );
#2567 = CARTESIAN_POINT( '', ( 6.22319494337912, -4.25255907841686, -2.28651167265127 ) );
#2568 = CARTESIAN_POINT( '', ( 6.20616480206895, -4.32210728012186, -2.15192590357671 ) );
#2569 = CARTESIAN_POINT( '', ( 6.13989970873674, -4.44376298392181, -1.88795311861634 ) );
#2570 = CARTESIAN_POINT( '', ( 6.09065562876731, -4.49701641923862, -1.75658046479164 ) );
#2571 = CARTESIAN_POINT( '', ( 5.96166445452413, -4.58871185589924, -1.50081814611869 ) );
#2572 = CARTESIAN_POINT( '', ( 5.88368670041924, -4.62615125277298, -1.37950888709429 ) );
#2573 = CARTESIAN_POINT( '', ( 5.70150010688078, -4.68828554387677, -1.15078183952530 ) );
#2574 = CARTESIAN_POINT( '', ( 5.59702129619592, -4.71283323392615, -1.04354157451376 ) );
#2575 = CARTESIAN_POINT( '', ( 5.48198605055855, -4.73197898745033, -0.947971973387702 ) );
#2576 = COLOUR_RGB( '', 0.643137276172638, 0.678431391716003, 0.698039233684540 );
#2577 = CARTESIAN_POINT( '', ( 24.2172910636642, 0.673100000000000, -3.75007151798469 ) );
#2578 = CARTESIAN_POINT( '', ( 10.3712681243276, 0.673100000000000, -3.75007151798469 ) );
#2579 = VECTOR( '', #3158, 1000.00000000000 );
#2580 = CARTESIAN_POINT( '', ( 24.2172910636642, 0.673100000000000, 26.4682509252100 ) );
#2581 = VECTOR( '', #3159, 1000.00000000000 );
#2582 = COLOUR_RGB( '', 0.643137276172638, 0.678431391716003, 0.698039233684540 );
#2583 = CARTESIAN_POINT( '', ( 30.1244000000000, 2.76860000000000, -2.61743271928812 ) );
#2584 = CARTESIAN_POINT( '', ( 30.1244000000000, 2.76860000000000, -3.95286352407973 ) );
#2585 = VECTOR( '', #3160, 1000.00000000000 );
#2586 = CARTESIAN_POINT( '', ( 30.1244000000000, 4.00155833333334, -2.69774107447890 ) );
#2587 = AXIS2_PLACEMENT_3D( '', #3161, #3162, #3163 );
#2588 = CARTESIAN_POINT( '', ( 30.1244000000000, -4.00155833333334, -2.69774107447890 ) );
#2589 = AXIS2_PLACEMENT_3D( '', #3164, #3165, #3166 );
#2590 = CARTESIAN_POINT( '', ( 30.1244000000000, -3.78460000000000, -3.40767293618387 ) );
#2591 = AXIS2_PLACEMENT_3D( '', #3167, #3168, #3169 );
#2592 = CARTESIAN_POINT( '', ( 30.1244000000000, -3.78460000000000, -2.99450811319656 ) );
#2593 = VECTOR( '', #3170, 1000.00000000000 );
#2594 = AXIS2_PLACEMENT_3D( '', #3171, #3172, #3173 );
#2595 = COLOUR_RGB( '', 0.643137276172638, 0.678431391716003, 0.698039233684540 );
#2596 = CARTESIAN_POINT( '', ( 27.8384000000000, 2.76860000000000, -3.95286352407973 ) );
#2597 = VECTOR( '', #3174, 1000.00000000000 );
#2598 = COLOUR_RGB( '', 0.643137276172638, 0.678431391716003, 0.698039233684540 );
#2599 = CARTESIAN_POINT( '', ( 23.4188000000000, 2.76860000000000, -8.76300000000000 ) );
#2600 = CARTESIAN_POINT( '', ( 23.4188000000000, 2.76860000000000, -3.95286352407973 ) );
#2601 = VECTOR( '', #3175, 1000.00000000000 );
#2602 = CARTESIAN_POINT( '', ( 23.4188000000000, 35.9192108890805, -8.76300000000000 ) );
#2603 = VECTOR( '', #3176, 1000.00000000000 );
#2604 = COLOUR_RGB( '', 0.643137276172638, 0.678431391716003, 0.698039233684540 );
#2605 = CARTESIAN_POINT( '', ( 21.9964000000000, -3.78460000000000, -6.09600000000000 ) );
#2606 = VECTOR( '', #3177, 1000.00000000000 );
#2607 = COLOUR_RGB( '', 0.643137276172638, 0.678431391716003, 0.698039233684540 );
#2608 = CARTESIAN_POINT( '', ( 22.1488000000000, -3.78460000000000, -6.09600000000000 ) );
#2609 = CARTESIAN_POINT( '', ( 22.1488000000000, -35.9192108890805, -6.09600000000000 ) );
#2610 = VECTOR( '', #3178, 1000.00000000000 );
#2611 = CARTESIAN_POINT( '', ( 21.9964000000000, -3.78460000000000, -6.09600000000000 ) );
#2612 = VECTOR( '', #3179, 1000.00000000000 );
#2613 = COLOUR_RGB( '', 0.643137276172638, 0.678431391716003, 0.698039233684540 );
#2614 = CARTESIAN_POINT( '', ( 3.00161394944146, 3.18695730475457, -3.62402802661230 ) );
#2615 = CARTESIAN_POINT( '', ( 3.00161394944146, 4.73197898745033, -0.947971973387705 ) );
#2616 = CARTESIAN_POINT( '', ( 3.00161394944146, 3.18695730475457, -3.62402802661230 ) );
#2617 = CARTESIAN_POINT( '', ( 2.88660008668445, 3.26013652523276, -3.55967448145575 ) );
#2618 = CARTESIAN_POINT( '', ( 2.78400658061187, 3.33923292834002, -3.48621517200112 ) );
#2619 = CARTESIAN_POINT( '', ( 2.60217635585783, 3.50546423990597, -3.31901992129325 ) );
#2620 = CARTESIAN_POINT( '', ( 2.52243695862719, 3.59363029329326, -3.22399678382626 ) );
#2621 = CARTESIAN_POINT( '', ( 2.39446977929146, 3.76746715467452, -3.01902719190235 ) );
#2622 = CARTESIAN_POINT( '', ( 2.34517826512634, 3.85382757420634, -2.90857374201564 ) );
#2623 = CARTESIAN_POINT( '', ( 2.27770209380948, 4.02334476199674, -2.66917311363826 ) );
#2624 = CARTESIAN_POINT( '', ( 2.26079840816975, 4.10369687941824, -2.54402560255378 ) );
#2625 = CARTESIAN_POINT( '', ( 2.26040505662088, 4.25255907841686, -2.28651167265127 ) );
#2626 = CARTESIAN_POINT( '', ( 2.27743519793105, 4.32210728012186, -2.15192590357671 ) );
#2627 = CARTESIAN_POINT( '', ( 2.34370029126326, 4.44376298392181, -1.88795311861634 ) );
#2628 = CARTESIAN_POINT( '', ( 2.39294437123269, 4.49701641923862, -1.75658046479164 ) );
#2629 = CARTESIAN_POINT( '', ( 2.52193554547587, 4.58871185589924, -1.50081814611869 ) );
#2630 = CARTESIAN_POINT( '', ( 2.59991329958076, 4.62615125277298, -1.37950888709430 ) );
#2631 = CARTESIAN_POINT( '', ( 2.78209989311923, 4.68828554387677, -1.15078183952530 ) );
#2632 = CARTESIAN_POINT( '', ( 2.88657870380409, 4.71283323392615, -1.04354157451377 ) );
#2633 = CARTESIAN_POINT( '', ( 3.00161394944146, 4.73197898745033, -0.947971973387705 ) );
#2634 = CARTESIAN_POINT( '', ( 3.18685876941626, 3.18695730475720, -3.62402802660776 ) );
#2635 = CARTESIAN_POINT( '', ( 10.3712681243276, 3.18695730475457, -3.62402802661230 ) );
#2636 = VECTOR( '', #3180, 1000.00000000000 );
#2637 = CARTESIAN_POINT( '', ( 3.18685876940939, -3.18695730475458, -3.62402802661230 ) );
#2638 = AXIS2_PLACEMENT_3D( '', #3181, #3182, #3183 );
#2639 = CARTESIAN_POINT( '', ( 3.00161394944146, -3.18695730475459, -3.62402802661230 ) );
#2640 = CARTESIAN_POINT( '', ( 10.3712681243276, -3.18695730475459, -3.62402802661230 ) );
#2641 = VECTOR( '', #3184, 1000.00000000000 );
#2642 = CARTESIAN_POINT( '', ( 3.00161394944146, -4.73197898745033, -0.947971973387702 ) );
#2643 = CARTESIAN_POINT( '', ( 3.00161394944146, -4.73197898745033, -0.947971973387702 ) );
#2644 = CARTESIAN_POINT( '', ( 2.88660008668445, -4.71283679276026, -1.04352380992922 ) );
#2645 = CARTESIAN_POINT( '', ( 2.78400658061186, -4.68876736618171, -1.14875295909540 ) );
#2646 = CARTESIAN_POINT( '', ( 2.60217635585784, -4.62708768745958, -1.37631112316986 ) );
#2647 = CARTESIAN_POINT( '', ( 2.52243695862719, -4.58887826315950, -1.50017673388815 ) );
#2648 = CARTESIAN_POINT( '', ( 2.39446977929147, -4.49828782024069, -1.75320866792043 ) );
#2649 = CARTESIAN_POINT( '', ( 2.34517826512634, -4.44581253646908, -1.88322571005983 ) );
#2650 = CARTESIAN_POINT( '', ( 2.27770209380948, -4.32324410450751, -2.14973221525310 ) );
#2651 = CARTESIAN_POINT( '', ( 2.26079840816975, -4.25503923939871, -2.28189294573023 ) );
#2652 = CARTESIAN_POINT( '', ( 2.26040505662088, -4.10645673377408, -2.53956835667750 ) );
#2653 = CARTESIAN_POINT( '', ( 2.27743519793105, -4.02467613962014, -2.66709175067884 ) );
#2654 = CARTESIAN_POINT( '', ( 2.34370029126326, -3.85689685383671, -2.90443507316505 ) );
#2655 = CARTESIAN_POINT( '', ( 2.39294437123269, -3.76975151592035, -3.01624022790055 ) );
#2656 = CARTESIAN_POINT( '', ( 2.52193554547587, -3.59410256894907, -3.22353196479623 ) );
#2657 = CARTESIAN_POINT( '', ( 2.59991329958076, -3.50776536735655, -3.31661006310346 ) );
#2658 = CARTESIAN_POINT( '', ( 2.78209989311923, -3.34074907918109, -3.48478346142997 ) );
#2659 = CARTESIAN_POINT( '', ( 2.88657870380409, -3.26015013039720, -3.55966251712272 ) );
#2660 = CARTESIAN_POINT( '', ( 3.00161394944146, -3.18695730475458, -3.62402802661230 ) );
#2661 = CARTESIAN_POINT( '', ( 10.3712681243276, -4.73197898745033, -0.947971973387702 ) );
#2662 = VECTOR( '', #3185, 1000.00000000000 );
#2663 = CARTESIAN_POINT( '', ( 3.00161394944146, -1.54502168269575, 4.57200000000000 ) );
#2664 = CARTESIAN_POINT( '', ( 10.3712681243276, -1.54502168269575, 4.57200000000000 ) );
#2665 = VECTOR( '', #3186, 1000.00000000000 );
#2666 = CARTESIAN_POINT( '', ( 3.00161394944146, 1.54502168269575, 4.57200000000000 ) );
#2667 = CARTESIAN_POINT( '', ( 3.00161394944146, 1.54502168269575, 4.57200000000000 ) );
#2668 = CARTESIAN_POINT( '', ( 2.88660008668444, 1.45270026752750, 4.60319829138497 ) );
#2669 = CARTESIAN_POINT( '', ( 2.78400658061186, 1.34953443784169, 4.63496813109652 ) );
#2670 = CARTESIAN_POINT( '', ( 2.60217635585783, 1.12162344755359, 4.69533104446311 ) );
#2671 = CARTESIAN_POINT( '', ( 2.52243695862719, 0.995247969866239, 4.72417351771442 ) );
#2672 = CARTESIAN_POINT( '', ( 2.39446977929146, 0.730820665566172, 4.77223585982279 ) );
#2673 = CARTESIAN_POINT( '', ( 2.34517826512634, 0.591984962262738, 4.79179945207547 ) );
#2674 = CARTESIAN_POINT( '', ( 2.27770209380948, 0.299899342510772, 4.81890532889136 ) );
#2675 = CARTESIAN_POINT( '', ( 2.26079840816975, 0.151342359980461, 4.82591854828401 ) );
#2676 = CARTESIAN_POINT( '', ( 2.26040505662088, -0.146102344642782, 4.82608002932877 ) );
#2677 = CARTESIAN_POINT( '', ( 2.27743519793105, -0.297431140501719, 4.81901765425555 ) );
#2678 = CARTESIAN_POINT( '', ( 2.34370029126326, -0.586866130085100, 4.79238819178139 ) );
#2679 = CARTESIAN_POINT( '', ( 2.39294437123269, -0.727264903318273, 4.77282069269220 ) );
#2680 = CARTESIAN_POINT( '', ( 2.52193554547587, -0.994609286950165, 4.72435011091492 ) );
#2681 = CARTESIAN_POINT( '', ( 2.59991329958076, -1.11838588541643, 4.69611895019775 ) );
#2682 = CARTESIAN_POINT( '', ( 2.78209989311923, -1.34753646469569, 4.63556530095528 ) );
#2683 = CARTESIAN_POINT( '', ( 2.88657870380409, -1.45268310352894, 4.60320409163649 ) );
#2684 = CARTESIAN_POINT( '', ( 3.00161394944146, -1.54502168269575, 4.57200000000000 ) );
#2685 = CARTESIAN_POINT( '', ( 3.18685876940939, 1.54502168269575, 4.57200000000000 ) );
#2686 = CARTESIAN_POINT( '', ( 10.3712681243276, 1.54502168269575, 4.57200000000000 ) );
#2687 = VECTOR( '', #3187, 1000.00000000000 );
#2688 = CARTESIAN_POINT( '', ( 3.18685876940939, 4.73197898745033, -0.947971973387705 ) );
#2689 = AXIS2_PLACEMENT_3D( '', #3188, #3189, #3190 );
#2690 = CARTESIAN_POINT( '', ( 10.3712681243276, 4.73197898745033, -0.947971973387706 ) );
#2691 = VECTOR( '', #3191, 1000.00000000000 );
#2692 = COLOUR_RGB( '', 0.643137276172638, 0.678431391716003, 0.698039233684540 );
#2693 = CARTESIAN_POINT( '', ( 27.8384000000000, -3.78460000000000, -6.09600000000000 ) );
#2694 = CARTESIAN_POINT( '', ( 27.8384000000000, -35.9192108890805, -6.09600000000000 ) );
#2695 = VECTOR( '', #3192, 1000.00000000000 );
#2696 = CARTESIAN_POINT( '', ( 28.7020000000000, -3.78460000000000, -6.09600000000000 ) );
#2697 = CARTESIAN_POINT( '', ( 28.7020000000000, -35.9192108890805, -6.09600000000000 ) );
#2698 = VECTOR( '', #3193, 1000.00000000000 );
#2699 = CARTESIAN_POINT( '', ( 21.9964000000000, -3.78460000000000, -6.09600000000000 ) );
#2700 = VECTOR( '', #3194, 1000.00000000000 );
#2701 = COLOUR_RGB( '', 0.643137276172638, 0.678431391716003, 0.698039233684540 );
#2702 = CARTESIAN_POINT( '', ( 21.9964000000000, 2.76860000000000, -6.09600000000000 ) );
#2703 = CARTESIAN_POINT( '', ( 21.9964000000000, 2.76860000000000, -6.09600000000000 ) );
#2704 = VECTOR( '', #3195, 1000.00000000000 );
#2705 = CARTESIAN_POINT( '', ( 21.9964000000000, 0.000000000000000, -6.09600000000000 ) );
#2706 = VECTOR( '', #3196, 1000.00000000000 );
#2707 = COLOUR_RGB( '', 0.643137276172638, 0.678431391716003, 0.698039233684540 );
#2708 = COLOUR_RGB( '', 0.643137276172638, 0.678431391716003, 0.698039233684540 );
#2709 = CARTESIAN_POINT( '', ( 8.43280000000000, 0.000000000000000, 2.72287565453220 ) );
#2710 = AXIS2_PLACEMENT_3D( '', #3197, #3198, #3199 );
#2711 = COLOUR_RGB( '', 0.643137276172638, 0.678431391716003, 0.698039233684540 );
#2712 = CARTESIAN_POINT( '', ( 22.1488000000000, -3.78460000000000, -8.76300000000000 ) );
#2713 = CARTESIAN_POINT( '', ( 22.1488000000000, -3.78460000000000, -2.99450811319656 ) );
#2714 = VECTOR( '', #3200, 1000.00000000000 );
#2715 = AXIS2_PLACEMENT_3D( '', #3201, #3202, #3203 );
#2716 = CARTESIAN_POINT( '', ( 27.8384000000000, -3.78460000000000, -2.99450811319656 ) );
#2717 = VECTOR( '', #3204, 1000.00000000000 );
#2718 = CARTESIAN_POINT( '', ( 28.7020000000000, -3.78460000000000, -8.76300000000000 ) );
#2719 = CARTESIAN_POINT( '', ( 28.7020000000000, -3.78460000000000, -2.99450811319655 ) );
#2720 = VECTOR( '', #3205, 1000.00000000000 );
#2721 = CARTESIAN_POINT( '', ( 29.9720000000000, -3.78460000000000, -8.76300000000000 ) );
#2722 = AXIS2_PLACEMENT_3D( '', #3206, #3207, #3208 );
#2723 = CARTESIAN_POINT( '', ( 29.9720000000000, -3.78460000000000, -2.99450811319657 ) );
#2724 = VECTOR( '', #3209, 1000.00000000000 );
#2725 = CARTESIAN_POINT( '', ( 21.9964000000000, -3.78460000000000, -3.40767293618387 ) );
#2726 = VECTOR( '', #3210, 1000.00000000000 );
#2727 = COLOUR_RGB( '', 0.643137276172638, 0.678431391716003, 0.698039233684540 );
#2728 = CARTESIAN_POINT( '', ( 8.40740000000000, 0.000000000000000, 4.06400000000000 ) );
#2729 = AXIS2_PLACEMENT_3D( '', #3211, #3212, #3213 );
#2730 = COLOUR_RGB( '', 0.643137276172638, 0.678431391716003, 0.698039233684540 );
#2731 = CARTESIAN_POINT( '', ( 5.29674123059060, 3.18695730475457, -3.62402802661230 ) );
#2732 = CARTESIAN_POINT( '', ( 3.18685876941603, 3.18695730475738, -3.62402802660744 ) );
#2733 = CARTESIAN_POINT( '', ( 3.34256869275210, 3.24637073982990, -3.52112093840964 ) );
#2734 = CARTESIAN_POINT( '', ( 3.50406531019784, 3.30119124250912, -3.42616904247277 ) );
#2735 = CARTESIAN_POINT( '', ( 3.76831915132344, 3.36595339415639, -3.31399770541221 ) );
#2736 = CARTESIAN_POINT( '', ( 3.85926936549941, 3.38417609771291, -3.28243505700106 ) );
#2737 = CARTESIAN_POINT( '', ( 4.04721934644168, 3.40976234398526, -3.23811837848237 ) );
#2738 = CARTESIAN_POINT( '', ( 4.14602843165083, 3.41697846299536, -3.22561969372342 ) );
#2739 = CARTESIAN_POINT( '', ( 4.43683013109915, 3.41681381166881, -3.22590487818653 ) );
#2740 = CARTESIAN_POINT( '', ( 4.62893407245637, 3.38711815309392, -3.27733926760247 ) );
#2741 = CARTESIAN_POINT( '', ( 4.97790343245956, 3.30158774626671, -3.42548227781923 ) );
#2742 = CARTESIAN_POINT( '', ( 5.14112563134113, 3.24633474907043, -3.52118327623364 ) );
#2743 = CARTESIAN_POINT( '', ( 5.29674123059061, 3.18695730475458, -3.62402802661228 ) );
#2744 = CARTESIAN_POINT( '', ( 5.29674123058373, -3.18695730475720, -3.62402802660776 ) );
#2745 = AXIS2_PLACEMENT_3D( '', #3214, #3215, #3216 );
#2746 = CARTESIAN_POINT( '', ( 5.29674123058397, -3.18695730475739, -3.62402802660743 ) );
#2747 = CARTESIAN_POINT( '', ( 5.14103130724790, -3.24637073982992, -3.52112093840963 ) );
#2748 = CARTESIAN_POINT( '', ( 4.97953468980216, -3.30119124250913, -3.42616904247276 ) );
#2749 = CARTESIAN_POINT( '', ( 4.71528084867657, -3.36595339415641, -3.31399770541220 ) );
#2750 = CARTESIAN_POINT( '', ( 4.62433063450058, -3.38417609771292, -3.28243505700105 ) );
#2751 = CARTESIAN_POINT( '', ( 4.43638065355832, -3.40976234398527, -3.23811837848236 ) );
#2752 = CARTESIAN_POINT( '', ( 4.33757156834916, -3.41697846299538, -3.22561969372340 ) );
#2753 = CARTESIAN_POINT( '', ( 4.04676986890084, -3.41681381166883, -3.22590487818651 ) );
#2754 = CARTESIAN_POINT( '', ( 3.85466592754362, -3.38711815309393, -3.27733926760246 ) );
#2755 = CARTESIAN_POINT( '', ( 3.50569656754044, -3.30158774626672, -3.42548227781922 ) );
#2756 = CARTESIAN_POINT( '', ( 3.34247436865886, -3.24633474907044, -3.52118327623363 ) );
#2757 = CARTESIAN_POINT( '', ( 3.18685876940938, -3.18695730475459, -3.62402802661228 ) );
#2758 = COLOUR_RGB( '', 0.643137276172638, 0.678431391716003, 0.698039233684540 );
#2759 = CARTESIAN_POINT( '', ( 5.23240000000000, -6.50521303491303E-016, 4.57200000000000 ) );
#2760 = AXIS2_PLACEMENT_3D( '', #3217, #3218, #3219 );
#2761 = CARTESIAN_POINT( '', ( 5.23240000000000, 0.000000000000000, 5.51180000000000 ) );
#2762 = CARTESIAN_POINT( '', ( 5.23240000000000, 0.131155476063527, 5.51180000000000 ) );
#2763 = CARTESIAN_POINT( '', ( 5.23240000000000, -0.131155476063527, 5.51180000000000 ) );
#2764 = CARTESIAN_POINT( '', ( 5.20648772640131, -0.259835401054958, 5.50698339780373 ) );
#2765 = CARTESIAN_POINT( '', ( 5.10697517349039, -0.499608611101326, 5.49042546757906 ) );
#2766 = CARTESIAN_POINT( '', ( 5.03340397305277, -0.609322046734731, 5.47878751923373 ) );
#2767 = CARTESIAN_POINT( '', ( 4.85106937548163, -0.791644512953984, 5.45542711459498 ) );
#2768 = CARTESIAN_POINT( '', ( 4.74079485733329, -0.865404803437317, 5.44366872651152 ) );
#2769 = CARTESIAN_POINT( '', ( 4.50257777506015, -0.964321675320080, 5.42701929094782 ) );
#2770 = CARTESIAN_POINT( '', ( 4.37206124907136, -0.990497358794016, 5.42207102803379 ) );
#2771 = CARTESIAN_POINT( '', ( 4.11310457071958, -0.990702022441600, 5.42203363633530 ) );
#2772 = CARTESIAN_POINT( '', ( 3.98316066657730, -0.965030575322317, 5.42689543336304 ) );
#2773 = CARTESIAN_POINT( '', ( 3.74298440959910, -0.865656584837926, 5.44363084100035 ) );
#2774 = CARTESIAN_POINT( '', ( 3.63396929471431, -0.792981319189634, 5.45524921298508 ) );
#2775 = CARTESIAN_POINT( '', ( 3.44952944084360, -0.608756847982703, 5.47886652952892 ) );
#2776 = CARTESIAN_POINT( '', ( 3.37674324658355, -0.499780233735657, 5.49040688684314 ) );
#2777 = CARTESIAN_POINT( '', ( 3.27724890202045, -0.260278020683127, 5.50695954380243 ) );
#2778 = CARTESIAN_POINT( '', ( 3.25120070469215, -0.131161364501439, 5.51179987335026 ) );
#2779 = CARTESIAN_POINT( '', ( 3.25119929533642, 0.131150719869590, 5.51180012664461 ) );
#2780 = CARTESIAN_POINT( '', ( 3.27711104591387, 0.259831092525060, 5.50698361540220 ) );
#2781 = CARTESIAN_POINT( '', ( 3.37662302552824, 0.499605622088517, 5.49042575392188 ) );
#2782 = CARTESIAN_POINT( '', ( 3.45019409757270, 0.609319636015251, 5.47878779676241 ) );
#2783 = CARTESIAN_POINT( '', ( 3.63252885430547, 0.791643224322403, 5.45542731105189 ) );
#2784 = CARTESIAN_POINT( '', ( 3.74280359873695, 0.865403977890500, 5.44366886077031 ) );
#2785 = CARTESIAN_POINT( '', ( 3.98102135213473, 0.964321497343982, 5.42701932559940 ) );
#2786 = CARTESIAN_POINT( '', ( 4.11153831306599, 0.990497358446793, 5.42207102809723 ) );
#2787 = CARTESIAN_POINT( '', ( 4.37049586712530, 0.990702022788806, 5.42203363627187 ) );
#2788 = CARTESIAN_POINT( '', ( 4.50044019381848, 0.965030406524686, 5.42689546652870 ) );
#2789 = CARTESIAN_POINT( '', ( 4.74061716658325, 0.865655745488658, 5.44363097761498 ) );
#2790 = CARTESIAN_POINT( '', ( 4.84963254918659, 0.792979969270932, 5.45524941804944 ) );
#2791 = CARTESIAN_POINT( '', ( 5.03407245753239, 0.608754459984636, 5.47886680365954 ) );
#2792 = CARTESIAN_POINT( '', ( 5.10685859557646, 0.499777145937013, 5.49040718000094 ) );
#2793 = CARTESIAN_POINT( '', ( 5.20635228391664, 0.260273819222885, 5.50695975442293 ) );
#2794 = CARTESIAN_POINT( '', ( 5.23240000000000, 0.131155476063527, 5.51180000000000 ) );
#2795 = CARTESIAN_POINT( '', ( 5.23240000000000, -0.131155476063527, 5.51180000000000 ) );
#2796 = COLOUR_RGB( '', 0.643137276172638, 0.678431391716003, 0.698039233684540 );
#2797 = CARTESIAN_POINT( '', ( 8.33120000000000, 0.000000000000000, 1.52400000000000 ) );
#2798 = AXIS2_PLACEMENT_3D( '', #3220, #3221, #3222 );
#2799 = COLOUR_RGB( '', 0.643137276172638, 0.678431391716003, 0.698039233684540 );
#2800 = CARTESIAN_POINT( '', ( 24.2172910636642, -0.673100000000000, -3.75007151798469 ) );
#2801 = CARTESIAN_POINT( '', ( 24.1473690227477, -0.455838352141799, -3.78906779164828 ) );
#2802 = CARTESIAN_POINT( '', ( 24.1115342967272, -0.229860509936048, -3.81006456020487 ) );
#2803 = CARTESIAN_POINT( '', ( 24.1117587237536, 0.231995756752355, -3.80993514062984 ) );
#2804 = CARTESIAN_POINT( '', ( 24.1473792750095, 0.455870207952263, -3.78906207385172 ) );
#2805 = CARTESIAN_POINT( '', ( 24.2172910636642, 0.673100000000000, -3.75007151798469 ) );
#2806 = CARTESIAN_POINT( '', ( 25.7556000000000, 0.000000000000000, -3.81000000000000 ) );
#2807 = CARTESIAN_POINT( '', ( 25.7556000000000, 0.188383442328962, -3.81000000000000 ) );
#2808 = CARTESIAN_POINT( '', ( 25.7556000000000, -0.0941917211644814, -3.81000000000000 ) );
#2809 = CARTESIAN_POINT( '', ( 25.7742176052156, -0.186604980304557, -3.80640593528409 ) );
#2810 = CARTESIAN_POINT( '', ( 25.8456861475074, -0.358760887613954, -3.79405300283995 ) );
#2811 = CARTESIAN_POINT( '', ( 25.8985198022249, -0.437526944153910, -3.78537029882768 ) );
#2812 = CARTESIAN_POINT( '', ( 26.0948902236605, -0.633841966454534, -3.75922556731976 ) );
#2813 = CARTESIAN_POINT( '', ( 26.2804041752941, -0.711090727362235, -3.74305356491239 ) );
#2814 = CARTESIAN_POINT( '', ( 26.5593718108951, -0.711254452590410, -3.74302245608496 ) );
#2815 = CARTESIAN_POINT( '', ( 26.6526762442860, -0.692796109066299, -3.74665821799210 ) );
#2816 = CARTESIAN_POINT( '', ( 26.8251387210682, -0.621377331345827, -3.75916273434320 ) );
#2817 = CARTESIAN_POINT( '', ( 26.9033991774467, -0.569155825689113, -3.76783928637289 ) );
#2818 = CARTESIAN_POINT( '', ( 27.0357336595109, -0.436888643407543, -3.78545632059232 ) );
#2819 = CARTESIAN_POINT( '', ( 27.0879864973232, -0.358607348249610, -3.79406533965685 ) );
#2820 = CARTESIAN_POINT( '', ( 27.1593579404807, -0.186642422166996, -3.80640192807482 ) );
#2821 = CARTESIAN_POINT( '', ( 27.1779628101844, -0.0932168641758515, -3.80999305790162 ) );
#2822 = CARTESIAN_POINT( '', ( 27.1780742093108, 0.185581207544806, -3.81001385240360 ) );
#2823 = CARTESIAN_POINT( '', ( 27.1011418407161, 0.371212907250195, -3.79418344187759 ) );
#2824 = CARTESIAN_POINT( '', ( 26.8391421774264, 0.633679648009630, -3.75926550230568 ) );
#2825 = CARTESIAN_POINT( '', ( 26.6552335013469, 0.711059410710303, -3.74305951527109 ) );
#2826 = CARTESIAN_POINT( '', ( 26.3733803070597, 0.711269996884670, -3.74301950257235 ) );
#2827 = CARTESIAN_POINT( '', ( 26.2806389107466, 0.692681396597563, -3.74667838841716 ) );
#2828 = CARTESIAN_POINT( '', ( 26.1087037720712, 0.621474504615883, -3.75914563478685 ) );
#2829 = CARTESIAN_POINT( '', ( 26.0297380659524, 0.568627586546140, -3.76790519535484 ) );
#2830 = CARTESIAN_POINT( '', ( 25.8333817051354, 0.372567858556987, -3.79403225661344 ) );
#2831 = CARTESIAN_POINT( '', ( 25.7556000000000, 0.188383442328962, -3.81000000000000 ) );
#2832 = CARTESIAN_POINT( '', ( 25.7556000000000, -0.0941917211644814, -3.81000000000000 ) );
#2833 = CARTESIAN_POINT( '', ( 21.9964000000000, 2.76860000000000, -2.61743271928812 ) );
#2834 = AXIS2_PLACEMENT_3D( '', #3223, #3224, #3225 );
#2835 = CARTESIAN_POINT( '', ( 21.9964000000000, 2.76860000000000, -2.61743271928812 ) );
#2836 = VECTOR( '', #3226, 1000.00000000000 );
#2837 = COLOUR_RGB( '', 0.643137276172638, 0.678431391716003, 0.698039233684540 );
#2838 = CARTESIAN_POINT( '', ( 10.3712681243276, -4.00155833333334, -2.69774107447890 ) );
#2839 = VECTOR( '', #3227, 1000.00000000000 );
#2840 = COLOUR_RGB( '', 0.643137276172638, 0.678431391716003, 0.698039233684540 );
#2841 = CARTESIAN_POINT( '', ( 24.2824000000000, 2.76860000000000, -3.95286352407973 ) );
#2842 = VECTOR( '', #3228, 1000.00000000000 );
#2843 = COLOUR_RGB( '', 0.643137276172638, 0.678431391716003, 0.698039233684540 );
#2844 = COLOUR_RGB( '', 0.643137276172638, 0.678431391716003, 0.698039233684540 );
#2845 = AXIS2_PLACEMENT_3D( '', #3229, #3230, #3231 );
#2846 = COLOUR_RGB( '', 0.643137276172638, 0.678431391716003, 0.698039233684540 );
#2847 = CARTESIAN_POINT( '', ( 0.571500000000000, 0.000000000000000, 4.19100000000000 ) );
#2848 = AXIS2_PLACEMENT_3D( '', #3232, #3233, #3234 );
#2849 = COLOUR_RGB( '', 0.643137276172638, 0.678431391716003, 0.698039233684540 );
#2850 = AXIS2_PLACEMENT_3D( '', #3235, #3236, #3237 );
#2851 = COLOUR_RGB( '', 0.643137276172638, 0.678431391716003, 0.698039233684540 );
#2852 = COLOUR_RGB( '', 0.643137276172638, 0.678431391716003, 0.698039233684540 );
#2853 = CARTESIAN_POINT( '', ( 28.7020000000000, -35.9192108890805, -8.76300000000000 ) );
#2854 = VECTOR( '', #3238, 1000.00000000000 );
#2855 = COLOUR_RGB( '', 0.643137276172638, 0.678431391716003, 0.698039233684540 );
#2856 = CARTESIAN_POINT( '', ( 3.58140000000000, 0.000000000000000, 0.520700000000000 ) );
#2857 = AXIS2_PLACEMENT_3D( '', #3239, #3240, #3241 );
#2858 = COLOUR_RGB( '', 0.643137276172638, 0.678431391716003, 0.698039233684540 );
#2859 = CARTESIAN_POINT( '', ( 10.3712681243276, -3.18695730475459, -3.62402802661230 ) );
#2860 = VECTOR( '', #3242, 1000.00000000000 );
#2861 = CARTESIAN_POINT( '', ( 10.3712681243276, -4.73197898745033, -0.947971973387702 ) );
#2862 = VECTOR( '', #3243, 1000.00000000000 );
#2863 = COLOUR_RGB( '', 0.643137276172638, 0.678431391716003, 0.698039233684540 );
#2864 = COLOUR_RGB( '', 0.643137276172638, 0.678431391716003, 0.698039233684540 );
#2865 = CARTESIAN_POINT( '', ( 29.9720000000000, 2.76860000000000, -8.76300000000000 ) );
#2866 = CARTESIAN_POINT( '', ( 29.9720000000000, 35.9192108890805, -8.76300000000000 ) );
#2867 = VECTOR( '', #3244, 1000.00000000000 );
#2868 = CARTESIAN_POINT( '', ( 28.7020000000000, 2.76860000000000, -8.76300000000000 ) );
#2869 = AXIS2_PLACEMENT_3D( '', #3245, #3246, #3247 );
#2870 = CARTESIAN_POINT( '', ( 28.7020000000000, 35.9192108890805, -8.76300000000000 ) );
#2871 = VECTOR( '', #3248, 1000.00000000000 );
#2872 = COLOUR_RGB( '', 0.643137276172638, 0.678431391716003, 0.698039233684540 );
#2873 = AXIS2_PLACEMENT_3D( '', #3249, #3250, #3251 );
#2874 = COLOUR_RGB( '', 0.643137276172638, 0.678431391716003, 0.698039233684540 );
#2875 = CARTESIAN_POINT( '', ( 5.23240000000000, 3.95946814610245, -2.28600000000000 ) );
#2876 = AXIS2_PLACEMENT_3D( '', #3252, #3253, #3254 );
#2877 = CARTESIAN_POINT( '', ( 5.29674123058374, 4.73197898744770, -0.947971973392248 ) );
#2878 = CARTESIAN_POINT( '', ( 5.29674123058397, 4.73197898744752, -0.947971973392565 ) );
#2879 = CARTESIAN_POINT( '', ( 5.14103130724790, 4.67256555237500, -1.05087906159037 ) );
#2880 = CARTESIAN_POINT( '', ( 4.97953468980216, 4.61774504969578, -1.14583095752724 ) );
#2881 = CARTESIAN_POINT( '', ( 4.71528084867656, 4.55298289804850, -1.25800229458780 ) );
#2882 = CARTESIAN_POINT( '', ( 4.62433063450058, 4.53476019449200, -1.28956494299894 ) );
#2883 = CARTESIAN_POINT( '', ( 4.43638065355831, 4.50917394821964, -1.33388162151763 ) );
#2884 = CARTESIAN_POINT( '', ( 4.33757156834916, 4.50195782920954, -1.34638030627658 ) );
#2885 = CARTESIAN_POINT( '', ( 4.04676986890085, 4.50212248053609, -1.34609512181347 ) );
#2886 = CARTESIAN_POINT( '', ( 3.85466592754363, 4.53181813911098, -1.29466073239753 ) );
#2887 = CARTESIAN_POINT( '', ( 3.50569656754044, 4.61734854593819, -1.14651772218077 ) );
#2888 = CARTESIAN_POINT( '', ( 3.34247436865887, 4.67260154313447, -1.05081672376636 ) );
#2889 = CARTESIAN_POINT( '', ( 3.18685876940939, 4.73197898745032, -0.947971973387715 ) );
#2890 = CARTESIAN_POINT( '', ( 10.3712681243276, 4.73197898745033, -0.947971973387706 ) );
#2891 = VECTOR( '', #3255, 1000.00000000000 );
#2892 = CARTESIAN_POINT( '', ( 10.3712681243276, 3.18695730475457, -3.62402802661230 ) );
#2893 = VECTOR( '', #3256, 1000.00000000000 );
#2894 = AXIS2_PLACEMENT_3D( '', #3257, #3258, #3259 );
#2895 = COLOUR_RGB( '', 0.643137276172638, 0.678431391716003, 0.698039233684540 );
#2896 = CARTESIAN_POINT( '', ( 21.9964000000000, 2.76860000000000, -3.95286352407973 ) );
#2897 = CARTESIAN_POINT( '', ( 21.9964000000000, 2.76860000000000, -3.95286352407973 ) );
#2898 = VECTOR( '', #3260, 1000.00000000000 );
#2899 = CARTESIAN_POINT( '', ( 21.9964000000000, 4.00155833333334, -2.69774107447890 ) );
#2900 = AXIS2_PLACEMENT_3D( '', #3261, #3262, #3263 );
#2901 = AXIS2_PLACEMENT_3D( '', #3264, #3265, #3266 );
#2902 = COLOUR_RGB( '', 0.643137276172638, 0.678431391716003, 0.698039233684540 );
#2903 = COLOUR_RGB( '', 0.643137276172638, 0.678431391716003, 0.698039233684540 );
#2904 = CARTESIAN_POINT( '', ( 10.3712681243276, 4.00155833333334, -2.69774107447890 ) );
#2905 = VECTOR( '', #3267, 1000.00000000000 );
#2906 = COLOUR_RGB( '', 0.643137276172638, 0.678431391716003, 0.698039233684540 );
#2907 = CARTESIAN_POINT( '', ( 5.48198605055855, -1.54502168269575, 4.57200000000000 ) );
#2908 = CARTESIAN_POINT( '', ( 10.3712681243276, -1.54502168269575, 4.57200000000000 ) );
#2909 = VECTOR( '', #3268, 1000.00000000000 );
#2910 = CARTESIAN_POINT( '', ( 5.48198605055855, 1.54502168269575, 4.57200000000000 ) );
#2911 = AXIS2_PLACEMENT_3D( '', #3269, #3270, #3271 );
#2912 = CARTESIAN_POINT( '', ( 5.29674123059060, 1.54502168269575, 4.57200000000000 ) );
#2913 = CARTESIAN_POINT( '', ( 10.3712681243276, 1.54502168269575, 4.57200000000000 ) );
#2914 = VECTOR( '', #3272, 1000.00000000000 );
#2915 = CARTESIAN_POINT( '', ( 3.18685876940944, 1.54502168269580, 4.57200000000000 ) );
#2916 = CARTESIAN_POINT( '', ( 3.34193268964925, 1.42668016541491, 4.57200000000000 ) );
#2917 = CARTESIAN_POINT( '', ( 3.50408473469891, 1.31665213288248, 4.57200000000000 ) );
#2918 = CARTESIAN_POINT( '', ( 3.85464213110513, 1.14461089097649, 4.57200000000000 ) );
#2919 = CARTESIAN_POINT( '', ( 4.04547341373879, 1.08512702915445, 4.57200000000000 ) );
#2920 = CARTESIAN_POINT( '', ( 4.33966078953808, 1.08506922862300, 4.57200000000000 ) );
#2921 = CARTESIAN_POINT( '', ( 4.43839558460437, 1.09980603901025, 4.57200000000000 ) );
#2922 = CARTESIAN_POINT( '', ( 4.62606647726790, 1.15121398506666, 4.57200000000000 ) );
#2923 = CARTESIAN_POINT( '', ( 4.71655190004445, 1.18756218438572, 4.57200000000000 ) );
#2924 = CARTESIAN_POINT( '', ( 4.98138699153154, 1.31764463579739, 4.57200000000000 ) );
#2925 = CARTESIAN_POINT( '', ( 5.14265261238909, 1.42743207868314, 4.57200000000000 ) );
#2926 = CARTESIAN_POINT( '', ( 5.29674123059060, 1.54502168269575, 4.57200000000000 ) );
#2927 = COLOUR_RGB( '', 0.643137276172638, 0.678431391716003, 0.698039233684540 );
#2928 = COLOUR_RGB( '', 0.643137276172638, 0.678431391716003, 0.698039233684540 );
#2929 = CARTESIAN_POINT( '', ( 22.1488000000000, -35.9192108890805, -8.76300000000000 ) );
#2930 = VECTOR( '', #3273, 1000.00000000000 );
#2931 = COLOUR_RGB( '', 0.643137276172638, 0.678431391716003, 0.698039233684540 );
#2932 = CARTESIAN_POINT( '', ( 29.9720000000000, 2.76860000000000, -3.95286352407974 ) );
#2933 = VECTOR( '', #3274, 1000.00000000000 );
#2934 = COLOUR_RGB( '', 0.643137276172638, 0.678431391716003, 0.698039233684540 );
#2935 = AXIS2_PLACEMENT_3D( '', #3275, #3276, #3277 );
#2936 = CARTESIAN_POINT( '', ( 21.9964000000000, 2.76860000000000, -3.95286352407973 ) );
#2937 = VECTOR( '', #3278, 1000.00000000000 );
#2938 = COLOUR_RGB( '', 0.643137276172638, 0.678431391716003, 0.698039233684540 );
#2939 = COLOUR_RGB( '', 0.643137276172638, 0.678431391716003, 0.698039233684540 );
#2940 = AXIS2_PLACEMENT_3D( '', #3279, #3280, #3281 );
#2941 = CARTESIAN_POINT( '', ( 5.48198605055855, -1.54502168269575, 4.57200000000000 ) );
#2942 = CARTESIAN_POINT( '', ( 5.59699991331556, -1.45270026752750, 4.60319829138497 ) );
#2943 = CARTESIAN_POINT( '', ( 5.69959341938814, -1.34953443784169, 4.63496813109652 ) );
#2944 = CARTESIAN_POINT( '', ( 5.88142364414217, -1.12162344755359, 4.69533104446311 ) );
#2945 = CARTESIAN_POINT( '', ( 5.96116304137281, -0.995247969866238, 4.72417351771442 ) );
#2946 = CARTESIAN_POINT( '', ( 6.08913022070854, -0.730820665566172, 4.77223585982279 ) );
#2947 = CARTESIAN_POINT( '', ( 6.13842173487366, -0.591984962262737, 4.79179945207547 ) );
#2948 = CARTESIAN_POINT( '', ( 6.20589790619052, -0.299899342510773, 4.81890532889136 ) );
#2949 = CARTESIAN_POINT( '', ( 6.22280159183026, -0.151342359980461, 4.82591854828401 ) );
#2950 = CARTESIAN_POINT( '', ( 6.22319494337912, 0.146102344642781, 4.82608002932877 ) );
#2951 = CARTESIAN_POINT( '', ( 6.20616480206895, 0.297431140501718, 4.81901765425555 ) );
#2952 = CARTESIAN_POINT( '', ( 6.13989970873674, 0.586866130085099, 4.79238819178139 ) );
#2953 = CARTESIAN_POINT( '', ( 6.09065562876731, 0.727264903318270, 4.77282069269220 ) );
#2954 = CARTESIAN_POINT( '', ( 5.96166445452413, 0.994609286950162, 4.72435011091492 ) );
#2955 = CARTESIAN_POINT( '', ( 5.88368670041925, 1.11838588541643, 4.69611895019775 ) );
#2956 = CARTESIAN_POINT( '', ( 5.70150010688078, 1.34753646469569, 4.63556530095528 ) );
#2957 = CARTESIAN_POINT( '', ( 5.59702129619591, 1.45268310352894, 4.60320409163649 ) );
#2958 = CARTESIAN_POINT( '', ( 5.48198605055854, 1.54502168269575, 4.57200000000000 ) );
#2959 = COLOUR_RGB( '', 0.643137276172638, 0.678431391716003, 0.698039233684540 );
#2960 = CARTESIAN_POINT( '', ( 4.24180000000000, 4.20033501136960, -3.56891090281934 ) );
#2961 = CARTESIAN_POINT( '', ( 4.11062645171463, 4.20033501136960, -3.56891090281934 ) );
#2962 = CARTESIAN_POINT( '', ( 4.37297354828537, 4.20033501136960, -3.56891090281934 ) );
#2963 = CARTESIAN_POINT( '', ( 4.50166863079699, 4.21754383956749, -3.54891673174209 ) );
#2964 = CARTESIAN_POINT( '', ( 4.74145599390525, 4.28181841048361, -3.47109739234673 ) );
#2965 = CARTESIAN_POINT( '', ( 4.85117630214519, 4.32876651960815, -3.41323466952150 ) );
#2966 = CARTESIAN_POINT( '', ( 5.03350520565392, 4.44018502978280, -3.26697832741461 ) );
#2967 = CARTESIAN_POINT( '', ( 5.10726927363994, 4.50544586110387, -3.17728787886447 ) );
#2968 = CARTESIAN_POINT( '', ( 5.20616903820718, 4.63883442216182, -2.97916362026051 ) );
#2969 = CARTESIAN_POINT( '', ( 5.23232462628742, 4.70830984463552, -2.86854103846376 ) );
#2970 = CARTESIAN_POINT( '', ( 5.23247503961242, 4.83783245364324, -2.64425536454380 ) );
#2971 = CARTESIAN_POINT( '', ( 5.20677101898764, 4.89866794625560, -2.52932477376840 ) );
#2972 = CARTESIAN_POINT( '', ( 5.10731271037439, 5.00443018590426, -2.31303047391965 ) );
#2973 = CARTESIAN_POINT( '', ( 5.03458790722766, 5.04894627955633, -2.21285352899648 ) );
#2974 = CARTESIAN_POINT( '', ( 4.85028335134305, 5.12068980108403, -2.04135132588976 ) );
#2975 = CARTESIAN_POINT( '', ( 4.74126440431450, 5.14700014139758, -1.97252867928401 ) );
#2976 = CARTESIAN_POINT( '', ( 4.50171311234399, 5.18221317688805, -1.87806986968869 ) );
#2977 = CARTESIAN_POINT( '', ( 4.37162319128637, 5.19091739360925, -1.85319072290536 ) );
#2978 = CARTESIAN_POINT( '', ( 4.11276465451575, 5.19095257559111, -1.85309217274843 ) );
#2979 = CARTESIAN_POINT( '', ( 3.98215736863041, 5.18220803809892, -1.87807511166069 ) );
#2980 = CARTESIAN_POINT( '', ( 3.74362305569201, 5.14723399861926, -1.97190984546310 ) );
#2981 = CARTESIAN_POINT( '', ( 3.63338396647367, 5.12062011660844, -2.04148192836010 ) );
#2982 = CARTESIAN_POINT( '', ( 3.45058906409914, 5.04965517085721, -2.21119458616172 ) );
#2983 = CARTESIAN_POINT( '', ( 3.37714159213683, 5.00506217499636, -2.31166254773281 ) );
#2984 = CARTESIAN_POINT( '', ( 3.27722340053929, 4.89936038602968, -2.52798317201141 ) );
#2985 = CARTESIAN_POINT( '', ( 3.25130037293319, 4.83915989237274, -2.64189312172088 ) );
#2986 = CARTESIAN_POINT( '', ( 3.25110020636496, 4.70831518925851, -2.86859474466901 ) );
#2987 = CARTESIAN_POINT( '', ( 3.27697143448650, 4.63959591798157, -2.97800307475361 ) );
#2988 = CARTESIAN_POINT( '', ( 3.37616689071401, 4.50552599727465, -3.17719814982879 ) );
#2989 = CARTESIAN_POINT( '', ( 3.44977132787847, 4.44044584509761, -3.26662381134807 ) );
#2990 = CARTESIAN_POINT( '', ( 3.63187424792444, 4.32903943256207, -3.41288851552956 ) );
#2991 = CARTESIAN_POINT( '', ( 3.74213169783818, 4.28189718969017, -3.47099722929089 ) );
#2992 = CARTESIAN_POINT( '', ( 3.98036386016088, 4.21788902635758, -3.54850355363411 ) );
#2993 = CARTESIAN_POINT( '', ( 4.11062645171463, 4.20033501136960, -3.56891090281934 ) );
#2994 = CARTESIAN_POINT( '', ( 4.37297354828537, 4.20033501136960, -3.56891090281934 ) );
#2995 = COLOUR_RGB( '', 0.643137276172638, 0.678431391716003, 0.698039233684540 );
#2996 = COLOUR_RGB( '', 0.643137276172638, 0.678431391716003, 0.698039233684540 );
#2997 = CARTESIAN_POINT( '', ( 28.7020000000000, 2.76860000000000, -3.95286352407972 ) );
#2998 = VECTOR( '', #3282, 1000.00000000000 );
#2999 = COLOUR_RGB( '', 0.643137276172638, 0.678431391716003, 0.698039233684540 );
#3000 = COLOUR_RGB( '', 0.643137276172638, 0.678431391716003, 0.698039233684540 );
#3001 = CARTESIAN_POINT( '', ( 29.9720000000000, -35.9192108890805, -8.76300000000000 ) );
#3002 = VECTOR( '', #3283, 1000.00000000000 );
#3003 = COLOUR_RGB( '', 0.643137276172638, 0.678431391716003, 0.698039233684540 );
#3004 = COLOUR_RGB( '', 0.643137276172638, 0.678431391716003, 0.698039233684540 );
#3005 = COLOUR_RGB( '', 0.643137276172638, 0.678431391716003, 0.698039233684540 );
#3006 = COLOUR_RGB( '', 0.643137276172638, 0.678431391716003, 0.698039233684540 );
#3007 = COLOUR_RGB( '', 0.643137276172638, 0.678431391716003, 0.698039233684540 );
#3008 = COLOUR_RGB( '', 0.643137276172638, 0.678431391716003, 0.698039233684540 );
#3009 = COLOUR_RGB( '', 0.643137276172638, 0.678431391716003, 0.698039233684540 );
#3010 = COLOUR_RGB( '', 0.643137276172638, 0.678431391716003, 0.698039233684540 );
#3011 = CARTESIAN_POINT( '', ( 26.3087462508485, 0.000000000000000, -9.39800000000000 ) );
#3012 = DIRECTION( '', ( 0.000000000000000, 0.000000000000000, -1.00000000000000 ) );
#3013 = DIRECTION( '', ( 1.00000000000000, 0.000000000000000, 0.000000000000000 ) );
#3014 = DIRECTION( '', ( 1.00000000000000, 0.000000000000000, 0.000000000000000 ) );
#3015 = CARTESIAN_POINT( '', ( 26.3087462508485, 0.000000000000000, -9.39800000000000 ) );
#3016 = DIRECTION( '', ( 0.000000000000000, 0.000000000000000, 1.00000000000000 ) );
#3017 = DIRECTION( '', ( 1.00000000000000, 0.000000000000000, 0.000000000000000 ) );
#3018 = DIRECTION( '', ( -1.00000000000000, -7.46461635555655E-016, 0.000000000000000 ) );
#3019 = DIRECTION( '', ( 0.000000000000000, -1.00000000000000, 0.000000000000000 ) );
#3020 = DIRECTION( '', ( 0.000000000000000, -7.96455462433394E-017, -1.00000000000000 ) );
#3021 = DIRECTION( '', ( 0.000000000000000, -1.00000000000000, 0.000000000000000 ) );
#3022 = DIRECTION( '', ( 0.000000000000000, 0.000000000000000, 1.00000000000000 ) );
#3023 = DIRECTION( '', ( 0.000000000000000, -1.00000000000000, 0.000000000000000 ) );
#3024 = DIRECTION( '', ( 1.00000000000000, 4.53290678560740E-031, 5.69134998680040E-015 ) );
#3025 = DIRECTION( '', ( 0.000000000000000, -1.00000000000000, 0.000000000000000 ) );
#3026 = DIRECTION( '', ( -1.00000000000000, 0.000000000000000, -5.69134998680040E-015 ) );
#3027 = CARTESIAN_POINT( '', ( 4.24180000000000, -3.95946814610246, -2.28600000000000 ) );
#3028 = DIRECTION( '', ( -0.000000000000000, 0.866025403784439, 0.500000000000000 ) );
#3029 = DIRECTION( '', ( 1.00000000000000, 0.000000000000000, 0.000000000000000 ) );
#3030 = CARTESIAN_POINT( '', ( 3.18685876940940, 0.000000000000000, 0.000000000000000 ) );
#3031 = DIRECTION( '', ( -1.00000000000000, 0.000000000000000, 0.000000000000000 ) );
#3032 = DIRECTION( '', ( 0.000000000000000, 0.000000000000000, 1.00000000000000 ) );
#3033 = CARTESIAN_POINT( '', ( 5.29674123059060, 0.000000000000000, 0.000000000000000 ) );
#3034 = DIRECTION( '', ( -1.00000000000000, 0.000000000000000, 0.000000000000000 ) );
#3035 = DIRECTION( '', ( 0.000000000000000, 0.000000000000000, 1.00000000000000 ) );
#3036 = CARTESIAN_POINT( '', ( 2.99720000000000, 0.000000000000000, 0.000000000000000 ) );
#3037 = DIRECTION( '', ( -1.00000000000000, 0.000000000000000, 0.000000000000000 ) );
#3038 = DIRECTION( '', ( 0.000000000000000, 0.000000000000000, 1.00000000000000 ) );
#3039 = CARTESIAN_POINT( '', ( 8.43280000000000, 0.000000000000000, 0.000000000000000 ) );
#3040 = DIRECTION( '', ( -1.00000000000000, 0.000000000000000, 0.000000000000000 ) );
#3041 = DIRECTION( '', ( 0.000000000000000, 0.000000000000000, 1.00000000000000 ) );
#3042 = DIRECTION( '', ( 0.000000000000000, 1.00000000000000, 0.000000000000000 ) );
#3043 = DIRECTION( '', ( -1.00000000000000, 0.000000000000000, 0.000000000000000 ) );
#3044 = DIRECTION( '', ( 0.000000000000000, 1.00000000000000, 0.000000000000000 ) );
#3045 = DIRECTION( '', ( 1.00000000000000, 0.000000000000000, 0.000000000000000 ) );
#3046 = CARTESIAN_POINT( '', ( 8.33120000000000, 0.000000000000000, 0.000000000000000 ) );
#3047 = DIRECTION( '', ( -1.00000000000000, 0.000000000000000, 0.000000000000000 ) );
#3048 = DIRECTION( '', ( 0.000000000000000, 0.000000000000000, 1.00000000000000 ) );
#3049 = CARTESIAN_POINT( '', ( 7.44220000000000, 0.000000000000000, 0.000000000000000 ) );
#3050 = DIRECTION( '', ( -1.00000000000000, 0.000000000000000, 0.000000000000000 ) );
#3051 = DIRECTION( '', ( 0.000000000000000, 0.000000000000000, 1.00000000000000 ) );
#3052 = DIRECTION( '', ( 0.000000000000000, 1.00000000000000, 0.000000000000000 ) );
#3053 = DIRECTION( '', ( 0.000000000000000, 7.96455462433394E-017, -1.00000000000000 ) );
#3054 = DIRECTION( '', ( 0.000000000000000, 0.000000000000000, 1.00000000000000 ) );
#3055 = CARTESIAN_POINT( '', ( 2.99720000000000, 0.000000000000000, 0.000000000000000 ) );
#3056 = DIRECTION( '', ( -1.00000000000000, 0.000000000000000, 0.000000000000000 ) );
#3057 = DIRECTION( '', ( 0.000000000000000, 0.000000000000000, 1.00000000000000 ) );
#3058 = CARTESIAN_POINT( '', ( 9.22020000000000, 0.000000000000000, 0.000000000000000 ) );
#3059 = DIRECTION( '', ( -1.00000000000000, 0.000000000000000, 0.000000000000000 ) );
#3060 = DIRECTION( '', ( 0.000000000000000, 0.000000000000000, 1.00000000000000 ) );
#3061 = CARTESIAN_POINT( '', ( 9.22020000000000, 0.000000000000000, 0.000000000000000 ) );
#3062 = DIRECTION( '', ( -1.00000000000000, 0.000000000000000, 0.000000000000000 ) );
#3063 = DIRECTION( '', ( 0.000000000000000, 0.000000000000000, 1.00000000000000 ) );
#3064 = CARTESIAN_POINT( '', ( 0.000000000000000, 0.000000000000000, 0.000000000000000 ) );
#3065 = DIRECTION( '', ( -1.00000000000000, 0.000000000000000, 0.000000000000000 ) );
#3066 = DIRECTION( '', ( 0.000000000000000, 0.000000000000000, 1.00000000000000 ) );
#3067 = CARTESIAN_POINT( '', ( 0.000000000000000, 0.000000000000000, 0.000000000000000 ) );
#3068 = DIRECTION( '', ( -1.00000000000000, 0.000000000000000, 0.000000000000000 ) );
#3069 = DIRECTION( '', ( 0.000000000000000, 0.000000000000000, 1.00000000000000 ) );
#3070 = DIRECTION( '', ( 0.000000000000000, -1.00000000000000, 0.000000000000000 ) );
#3071 = DIRECTION( '', ( 1.00000000000000, 0.000000000000000, 0.000000000000000 ) );
#3072 = DIRECTION( '', ( 0.000000000000000, -1.00000000000000, 0.000000000000000 ) );
#3073 = DIRECTION( '', ( -1.00000000000000, 0.000000000000000, 0.000000000000000 ) );
#3074 = DIRECTION( '', ( -1.00000000000000, 0.000000000000000, 0.000000000000000 ) );
#3075 = DIRECTION( '', ( 0.000000000000000, 0.000000000000000, -1.00000000000000 ) );
#3076 = DIRECTION( '', ( 1.00000000000000, 0.000000000000000, 0.000000000000000 ) );
#3077 = DIRECTION( '', ( 0.000000000000000, 0.000000000000000, -1.00000000000000 ) );
#3078 = DIRECTION( '', ( -1.30087999698298E-015, 0.000000000000000, -1.00000000000000 ) );
#3079 = CARTESIAN_POINT( '', ( 29.3370000000000, 3.78460000000000, -8.76300000000000 ) );
#3080 = DIRECTION( '', ( 0.000000000000000, -1.00000000000000, 0.000000000000000 ) );
#3081 = DIRECTION( '', ( 0.000000000000000, 0.000000000000000, -1.00000000000000 ) );
#3082 = DIRECTION( '', ( -1.30087999698298E-015, 0.000000000000000, 1.00000000000000 ) );
#3083 = DIRECTION( '', ( -1.00000000000000, 0.000000000000000, 0.000000000000000 ) );
#3084 = DIRECTION( '', ( 0.000000000000000, 0.000000000000000, 1.00000000000000 ) );
#3085 = DIRECTION( '', ( -1.00000000000000, 0.000000000000000, 0.000000000000000 ) );
#3086 = DIRECTION( '', ( 0.000000000000000, 0.000000000000000, -1.00000000000000 ) );
#3087 = DIRECTION( '', ( 0.000000000000000, 0.000000000000000, -1.00000000000000 ) );
#3088 = CARTESIAN_POINT( '', ( 22.7838000000000, 3.78460000000000, -8.76300000000000 ) );
#3089 = DIRECTION( '', ( 0.000000000000000, -1.00000000000000, 0.000000000000000 ) );
#3090 = DIRECTION( '', ( 0.000000000000000, 0.000000000000000, -1.00000000000000 ) );
#3091 = CARTESIAN_POINT( '', ( 26.4668000000000, 0.000000000000000, -8.68680000000000 ) );
#3092 = DIRECTION( '', ( 0.000000000000000, 0.000000000000000, -1.00000000000000 ) );
#3093 = DIRECTION( '', ( -1.00000000000000, 0.000000000000000, 0.000000000000000 ) );
#3094 = CARTESIAN_POINT( '', ( 4.24180000000000, 3.95946814610245, -2.28600000000000 ) );
#3095 = DIRECTION( '', ( 6.28049416793160E-033, -0.866025403784438, 0.500000000000000 ) );
#3096 = DIRECTION( '', ( -6.12323399573677E-017, 0.500000000000000, 0.866025403784438 ) );
#3097 = DIRECTION( '', ( 0.000000000000000, 0.000000000000000, -1.00000000000000 ) );
#3098 = DIRECTION( '', ( 0.000000000000000, 0.000000000000000, -1.00000000000000 ) );
#3099 = DIRECTION( '', ( 0.000000000000000, -1.00000000000000, 0.000000000000000 ) );
#3100 = DIRECTION( '', ( 1.00000000000000, 0.000000000000000, 0.000000000000000 ) );
#3101 = DIRECTION( '', ( 0.000000000000000, -1.00000000000000, 0.000000000000000 ) );
#3102 = DIRECTION( '', ( 0.000000000000000, 1.00000000000000, 0.000000000000000 ) );
#3103 = DIRECTION( '', ( -1.00000000000000, 4.53290678560740E-031, -5.69134998680040E-015 ) );
#3104 = DIRECTION( '', ( 0.000000000000000, 1.00000000000000, 0.000000000000000 ) );
#3105 = DIRECTION( '', ( 1.00000000000000, 0.000000000000000, 5.69134998680040E-015 ) );
#3106 = DIRECTION( '', ( 0.000000000000000, -7.96455462433394E-017, 1.00000000000000 ) );
#3107 = DIRECTION( '', ( 0.000000000000000, -1.00000000000000, 0.000000000000000 ) );
#3108 = DIRECTION( '', ( 0.000000000000000, 0.000000000000000, -1.00000000000000 ) );
#3109 = CARTESIAN_POINT( '', ( 21.9964000000000, -5.05460000000000, -3.40767293618387 ) );
#3110 = DIRECTION( '', ( -1.00000000000000, 0.000000000000000, 0.000000000000000 ) );
#3111 = DIRECTION( '', ( 0.000000000000000, 0.000000000000000, 1.00000000000000 ) );
#3112 = CARTESIAN_POINT( '', ( 21.9964000000000, 0.000000000000000, 0.000000000000000 ) );
#3113 = DIRECTION( '', ( -1.00000000000000, 0.000000000000000, 0.000000000000000 ) );
#3114 = DIRECTION( '', ( 0.000000000000000, 1.00000000000000, 0.000000000000000 ) );
#3115 = DIRECTION( '', ( -1.00000000000000, 0.000000000000000, 0.000000000000000 ) );
#3116 = DIRECTION( '', ( 0.000000000000000, 0.000000000000000, -1.00000000000000 ) );
#3117 = DIRECTION( '', ( 0.000000000000000, -7.96455462433394E-017, 1.00000000000000 ) );
#3118 = DIRECTION( '', ( -1.00000000000000, 0.000000000000000, 0.000000000000000 ) );
#3119 = DIRECTION( '', ( 0.000000000000000, 0.000000000000000, 1.00000000000000 ) );
#3120 = DIRECTION( '', ( 1.00000000000000, 0.000000000000000, 0.000000000000000 ) );
#3121 = DIRECTION( '', ( 0.000000000000000, -7.96455462433394E-017, 1.00000000000000 ) );
#3122 = DIRECTION( '', ( -1.30087999698298E-015, 7.96455462433394E-017, -1.00000000000000 ) );
#3123 = CARTESIAN_POINT( '', ( 29.3370000000000, -2.76860000000000, -8.76300000000000 ) );
#3124 = DIRECTION( '', ( 0.000000000000000, 1.00000000000000, 7.96455462433394E-017 ) );
#3125 = DIRECTION( '', ( 0.000000000000000, -7.96455462433394E-017, 1.00000000000000 ) );
#3126 = DIRECTION( '', ( -1.30087999698298E-015, -7.96455462433394E-017, 1.00000000000000 ) );
#3127 = DIRECTION( '', ( -1.00000000000000, 0.000000000000000, 0.000000000000000 ) );
#3128 = DIRECTION( '', ( 0.000000000000000, -7.96455462433394E-017, 1.00000000000000 ) );
#3129 = DIRECTION( '', ( -1.00000000000000, 0.000000000000000, 0.000000000000000 ) );
#3130 = DIRECTION( '', ( 0.000000000000000, 7.96455462433394E-017, -1.00000000000000 ) );
#3131 = CARTESIAN_POINT( '', ( 22.7838000000000, -2.76860000000000, -8.76300000000000 ) );
#3132 = DIRECTION( '', ( 0.000000000000000, 1.00000000000000, 7.96455462433394E-017 ) );
#3133 = DIRECTION( '', ( 0.000000000000000, -7.96455462433394E-017, 1.00000000000000 ) );
#3134 = CARTESIAN_POINT( '', ( 10.0584000000000, 0.000000000000000, 0.000000000000000 ) );
#3135 = DIRECTION( '', ( -1.00000000000000, 0.000000000000000, 0.000000000000000 ) );
#3136 = DIRECTION( '', ( 0.000000000000000, 0.000000000000000, 1.00000000000000 ) );
#3137 = DIRECTION( '', ( 0.000000000000000, 1.00000000000000, 0.000000000000000 ) );
#3138 = DIRECTION( '', ( 0.000000000000000, 1.00000000000000, 0.000000000000000 ) );
#3139 = DIRECTION( '', ( 0.000000000000000, 0.000000000000000, 1.00000000000000 ) );
#3140 = CARTESIAN_POINT( '', ( 30.3784000000000, 0.000000000000000, 0.000000000000000 ) );
#3141 = DIRECTION( '', ( -1.00000000000000, 0.000000000000000, 0.000000000000000 ) );
#3142 = DIRECTION( '', ( 0.000000000000000, 0.000000000000000, 1.00000000000000 ) );
#3143 = CARTESIAN_POINT( '', ( 30.8864000000000, 0.000000000000000, 0.000000000000000 ) );
#3144 = DIRECTION( '', ( -1.00000000000000, 0.000000000000000, 0.000000000000000 ) );
#3145 = DIRECTION( '', ( 0.000000000000000, 0.000000000000000, 1.00000000000000 ) );
#3146 = DIRECTION( '', ( 0.000000000000000, -1.00000000000000, 0.000000000000000 ) );
#3147 = DIRECTION( '', ( 1.00000000000000, 0.000000000000000, 0.000000000000000 ) );
#3148 = DIRECTION( '', ( 0.000000000000000, -1.00000000000000, 0.000000000000000 ) );
#3149 = CARTESIAN_POINT( '', ( 3.32740000000000, 0.000000000000000, 0.000000000000000 ) );
#3150 = DIRECTION( '', ( -1.00000000000000, 0.000000000000000, 0.000000000000000 ) );
#3151 = DIRECTION( '', ( 0.000000000000000, 0.000000000000000, 1.00000000000000 ) );
#3152 = CARTESIAN_POINT( '', ( 3.32740000000000, 0.000000000000000, 0.000000000000000 ) );
#3153 = DIRECTION( '', ( -1.00000000000000, 0.000000000000000, 0.000000000000000 ) );
#3154 = DIRECTION( '', ( 0.000000000000000, 0.000000000000000, 1.00000000000000 ) );
#3155 = CARTESIAN_POINT( '', ( 4.24180000000000, -3.95946814610246, -2.28600000000000 ) );
#3156 = DIRECTION( '', ( -3.14024708396579E-033, 0.866025403784439, 0.500000000000000 ) );
#3157 = DIRECTION( '', ( -6.12323399573677E-017, 0.500000000000000, -0.866025403784439 ) );
#3158 = DIRECTION( '', ( -1.00000000000000, 0.000000000000000, 0.000000000000000 ) );
#3159 = DIRECTION( '', ( 0.000000000000000, 0.000000000000000, -1.00000000000000 ) );
#3160 = DIRECTION( '', ( 0.000000000000000, 7.96455462433394E-017, 1.00000000000000 ) );
#3161 = CARTESIAN_POINT( '', ( 30.1244000000000, 5.05460000000000, -3.40767293618387 ) );
#3162 = DIRECTION( '', ( -1.00000000000000, 0.000000000000000, 0.000000000000000 ) );
#3163 = DIRECTION( '', ( 0.000000000000000, 0.000000000000000, 1.00000000000000 ) );
#3164 = CARTESIAN_POINT( '', ( 30.1244000000000, 0.000000000000000, 0.000000000000000 ) );
#3165 = DIRECTION( '', ( -1.00000000000000, 0.000000000000000, 0.000000000000000 ) );
#3166 = DIRECTION( '', ( 0.000000000000000, 0.000000000000000, 1.00000000000000 ) );
#3167 = CARTESIAN_POINT( '', ( 30.1244000000000, -5.05460000000000, -3.40767293618387 ) );
#3168 = DIRECTION( '', ( -1.00000000000000, 0.000000000000000, 0.000000000000000 ) );
#3169 = DIRECTION( '', ( 0.000000000000000, 0.000000000000000, 1.00000000000000 ) );
#3170 = DIRECTION( '', ( 0.000000000000000, 0.000000000000000, -1.00000000000000 ) );
#3171 = CARTESIAN_POINT( '', ( 30.1244000000000, 0.000000000000000, 0.000000000000000 ) );
#3172 = DIRECTION( '', ( -1.00000000000000, 0.000000000000000, 0.000000000000000 ) );
#3173 = DIRECTION( '', ( 0.000000000000000, 0.000000000000000, 1.00000000000000 ) );
#3174 = DIRECTION( '', ( 0.000000000000000, -7.96455462433394E-017, -1.00000000000000 ) );
#3175 = DIRECTION( '', ( 0.000000000000000, 7.96455462433394E-017, 1.00000000000000 ) );
#3176 = DIRECTION( '', ( 0.000000000000000, -1.00000000000000, 0.000000000000000 ) );
#3177 = DIRECTION( '', ( 1.00000000000000, 0.000000000000000, 0.000000000000000 ) );
#3178 = DIRECTION( '', ( 0.000000000000000, 1.00000000000000, 0.000000000000000 ) );
#3179 = DIRECTION( '', ( 1.00000000000000, 0.000000000000000, 0.000000000000000 ) );
#3180 = DIRECTION( '', ( -1.00000000000000, 0.000000000000000, 0.000000000000000 ) );
#3181 = CARTESIAN_POINT( '', ( 3.18685876940940, 0.000000000000000, 0.000000000000000 ) );
#3182 = DIRECTION( '', ( -1.00000000000000, 0.000000000000000, 0.000000000000000 ) );
#3183 = DIRECTION( '', ( 0.000000000000000, 0.000000000000000, 1.00000000000000 ) );
#3184 = DIRECTION( '', ( -1.00000000000000, 0.000000000000000, 0.000000000000000 ) );
#3185 = DIRECTION( '', ( -1.00000000000000, 0.000000000000000, 0.000000000000000 ) );
#3186 = DIRECTION( '', ( -1.00000000000000, 0.000000000000000, 0.000000000000000 ) );
#3187 = DIRECTION( '', ( -1.00000000000000, 0.000000000000000, 0.000000000000000 ) );
#3188 = CARTESIAN_POINT( '', ( 3.18685876940940, 0.000000000000000, 0.000000000000000 ) );
#3189 = DIRECTION( '', ( -1.00000000000000, 0.000000000000000, 0.000000000000000 ) );
#3190 = DIRECTION( '', ( 0.000000000000000, 0.000000000000000, 1.00000000000000 ) );
#3191 = DIRECTION( '', ( -1.00000000000000, 0.000000000000000, 0.000000000000000 ) );
#3192 = DIRECTION( '', ( 0.000000000000000, 1.00000000000000, 0.000000000000000 ) );
#3193 = DIRECTION( '', ( 0.000000000000000, 1.00000000000000, 0.000000000000000 ) );
#3194 = DIRECTION( '', ( 1.00000000000000, 0.000000000000000, 0.000000000000000 ) );
#3195 = DIRECTION( '', ( 1.00000000000000, 0.000000000000000, 0.000000000000000 ) );
#3196 = DIRECTION( '', ( 0.000000000000000, -1.00000000000000, 0.000000000000000 ) );
#3197 = CARTESIAN_POINT( '', ( 8.43280000000000, 0.000000000000000, 0.000000000000000 ) );
#3198 = DIRECTION( '', ( -1.00000000000000, 0.000000000000000, 0.000000000000000 ) );
#3199 = DIRECTION( '', ( 0.000000000000000, 0.000000000000000, 1.00000000000000 ) );
#3200 = DIRECTION( '', ( 0.000000000000000, 0.000000000000000, -1.00000000000000 ) );
#3201 = CARTESIAN_POINT( '', ( 22.7838000000000, -3.78460000000000, -8.76300000000000 ) );
#3202 = DIRECTION( '', ( 0.000000000000000, -1.00000000000000, 0.000000000000000 ) );
#3203 = DIRECTION( '', ( 0.000000000000000, 0.000000000000000, -1.00000000000000 ) );
#3204 = DIRECTION( '', ( 0.000000000000000, 0.000000000000000, -1.00000000000000 ) );
#3205 = DIRECTION( '', ( 1.30087999698298E-015, 0.000000000000000, -1.00000000000000 ) );
#3206 = CARTESIAN_POINT( '', ( 29.3370000000000, -3.78460000000000, -8.76300000000000 ) );
#3207 = DIRECTION( '', ( 0.000000000000000, -1.00000000000000, 0.000000000000000 ) );
#3208 = DIRECTION( '', ( 0.000000000000000, 0.000000000000000, -1.00000000000000 ) );
#3209 = DIRECTION( '', ( 1.30087999698298E-015, 0.000000000000000, 1.00000000000000 ) );
#3210 = DIRECTION( '', ( -1.00000000000000, 0.000000000000000, 0.000000000000000 ) );
#3211 = CARTESIAN_POINT( '', ( 8.40740000000000, 0.000000000000000, 0.000000000000000 ) );
#3212 = DIRECTION( '', ( -1.00000000000000, 0.000000000000000, 0.000000000000000 ) );
#3213 = DIRECTION( '', ( 0.000000000000000, 0.000000000000000, 1.00000000000000 ) );
#3214 = CARTESIAN_POINT( '', ( 5.29674123059060, 0.000000000000000, 0.000000000000000 ) );
#3215 = DIRECTION( '', ( -1.00000000000000, 0.000000000000000, 0.000000000000000 ) );
#3216 = DIRECTION( '', ( 0.000000000000000, 0.000000000000000, 1.00000000000000 ) );
#3217 = CARTESIAN_POINT( '', ( 4.24180000000000, -6.50521303491303E-016, 4.57200000000000 ) );
#3218 = DIRECTION( '', ( 0.000000000000000, -6.12323399573677E-017, -1.00000000000000 ) );
#3219 = DIRECTION( '', ( 1.00000000000000, 0.000000000000000, 0.000000000000000 ) );
#3220 = CARTESIAN_POINT( '', ( 8.33120000000000, 0.000000000000000, 0.000000000000000 ) );
#3221 = DIRECTION( '', ( -1.00000000000000, 0.000000000000000, 0.000000000000000 ) );
#3222 = DIRECTION( '', ( 0.000000000000000, 0.000000000000000, 1.00000000000000 ) );
#3223 = CARTESIAN_POINT( '', ( 21.9964000000000, 0.000000000000000, 0.000000000000000 ) );
#3224 = DIRECTION( '', ( 1.00000000000000, 0.000000000000000, 0.000000000000000 ) );
#3225 = DIRECTION( '', ( 0.000000000000000, 1.00000000000000, 0.000000000000000 ) );
#3226 = DIRECTION( '', ( 1.00000000000000, 0.000000000000000, 0.000000000000000 ) );
#3227 = DIRECTION( '', ( -1.00000000000000, 0.000000000000000, 0.000000000000000 ) );
#3228 = DIRECTION( '', ( 0.000000000000000, 7.96455462433394E-017, 1.00000000000000 ) );
#3229 = CARTESIAN_POINT( '', ( 4.24180000000000, -4.97686986862436E-016, 4.57200000000000 ) );
#3230 = DIRECTION( '', ( -6.97274923126167E-049, -6.12323399573677E-017, -1.00000000000000 ) );
#3231 = DIRECTION( '', ( -6.12323399573677E-017, -1.00000000000000, 6.12323399573677E-017 ) );
#3232 = CARTESIAN_POINT( '', ( 0.571500000000000, 0.000000000000000, 0.000000000000000 ) );
#3233 = DIRECTION( '', ( -1.00000000000000, 0.000000000000000, 0.000000000000000 ) );
#3234 = DIRECTION( '', ( 0.000000000000000, 0.000000000000000, 1.00000000000000 ) );
#3235 = CARTESIAN_POINT( '', ( 4.24180000000000, -3.95946814610246, -2.28600000000000 ) );
#3236 = DIRECTION( '', ( -3.14024708396579E-033, 0.866025403784439, 0.500000000000000 ) );
#3237 = DIRECTION( '', ( -6.12323399573677E-017, 0.500000000000000, -0.866025403784439 ) );
#3238 = DIRECTION( '', ( 0.000000000000000, 1.00000000000000, 0.000000000000000 ) );
#3239 = CARTESIAN_POINT( '', ( 3.58140000000000, 0.000000000000000, 0.000000000000000 ) );
#3240 = DIRECTION( '', ( -1.00000000000000, 0.000000000000000, 0.000000000000000 ) );
#3241 = DIRECTION( '', ( 0.000000000000000, 0.000000000000000, 1.00000000000000 ) );
#3242 = DIRECTION( '', ( -1.00000000000000, 0.000000000000000, 0.000000000000000 ) );
#3243 = DIRECTION( '', ( -1.00000000000000, 0.000000000000000, 0.000000000000000 ) );
#3244 = DIRECTION( '', ( 0.000000000000000, -1.00000000000000, 0.000000000000000 ) );
#3245 = CARTESIAN_POINT( '', ( 29.3370000000000, 2.76860000000000, -8.76300000000000 ) );
#3246 = DIRECTION( '', ( 0.000000000000000, 1.00000000000000, -7.96455462433394E-017 ) );
#3247 = DIRECTION( '', ( 0.000000000000000, 7.96455462433394E-017, 1.00000000000000 ) );
#3248 = DIRECTION( '', ( 0.000000000000000, -1.00000000000000, 0.000000000000000 ) );
#3249 = CARTESIAN_POINT( '', ( 22.7838000000000, 2.76860000000000, -8.76300000000000 ) );
#3250 = DIRECTION( '', ( 0.000000000000000, 1.00000000000000, -7.96455462433394E-017 ) );
#3251 = DIRECTION( '', ( 0.000000000000000, 7.96455462433394E-017, 1.00000000000000 ) );
#3252 = CARTESIAN_POINT( '', ( 4.24180000000000, 3.95946814610245, -2.28600000000000 ) );
#3253 = DIRECTION( '', ( 0.000000000000000, -0.866025403784438, 0.500000000000000 ) );
#3254 = DIRECTION( '', ( 1.00000000000000, 0.000000000000000, 0.000000000000000 ) );
#3255 = DIRECTION( '', ( -1.00000000000000, 0.000000000000000, 0.000000000000000 ) );
#3256 = DIRECTION( '', ( -1.00000000000000, 0.000000000000000, 0.000000000000000 ) );
#3257 = CARTESIAN_POINT( '', ( 4.24180000000000, 3.95946814610245, -2.28600000000000 ) );
#3258 = DIRECTION( '', ( 6.28049416793160E-033, -0.866025403784438, 0.500000000000000 ) );
#3259 = DIRECTION( '', ( -6.12323399573677E-017, 0.500000000000000, 0.866025403784438 ) );
#3260 = DIRECTION( '', ( 0.000000000000000, 7.96455462433394E-017, 1.00000000000000 ) );
#3261 = CARTESIAN_POINT( '', ( 21.9964000000000, 0.000000000000000, 0.000000000000000 ) );
#3262 = DIRECTION( '', ( 1.00000000000000, 0.000000000000000, 0.000000000000000 ) );
#3263 = DIRECTION( '', ( 0.000000000000000, 1.00000000000000, 0.000000000000000 ) );
#3264 = CARTESIAN_POINT( '', ( 21.9964000000000, 5.05460000000000, -3.40767293618387 ) );
#3265 = DIRECTION( '', ( 1.00000000000000, 0.000000000000000, 0.000000000000000 ) );
#3266 = DIRECTION( '', ( 0.000000000000000, 0.000000000000000, -1.00000000000000 ) );
#3267 = DIRECTION( '', ( -1.00000000000000, 0.000000000000000, 0.000000000000000 ) );
#3268 = DIRECTION( '', ( -1.00000000000000, 0.000000000000000, 0.000000000000000 ) );
#3269 = CARTESIAN_POINT( '', ( 4.24180000000000, -4.97686986862436E-016, 4.57200000000000 ) );
#3270 = DIRECTION( '', ( -6.97274923126167E-049, -6.12323399573677E-017, -1.00000000000000 ) );
#3271 = DIRECTION( '', ( -6.12323399573677E-017, -1.00000000000000, 6.12323399573677E-017 ) );
#3272 = DIRECTION( '', ( -1.00000000000000, 0.000000000000000, 0.000000000000000 ) );
#3273 = DIRECTION( '', ( 0.000000000000000, 1.00000000000000, 0.000000000000000 ) );
#3274 = DIRECTION( '', ( 1.30087999698298E-015, 7.96455462433394E-017, 1.00000000000000 ) );
#3275 = CARTESIAN_POINT( '', ( 21.9964000000000, 0.000000000000000, 4.33680868994202E-016 ) );
#3276 = DIRECTION( '', ( -1.00000000000000, 0.000000000000000, 0.000000000000000 ) );
#3277 = DIRECTION( '', ( 0.000000000000000, 1.00000000000000, 0.000000000000000 ) );
#3278 = DIRECTION( '', ( 0.000000000000000, 0.000000000000000, -1.00000000000000 ) );
#3279 = CARTESIAN_POINT( '', ( 5.29674123059060, 0.000000000000000, 0.000000000000000 ) );
#3280 = DIRECTION( '', ( -1.00000000000000, 0.000000000000000, 0.000000000000000 ) );
#3281 = DIRECTION( '', ( 0.000000000000000, 0.000000000000000, 1.00000000000000 ) );
#3282 = DIRECTION( '', ( 1.30087999698298E-015, -7.96455462433394E-017, -1.00000000000000 ) );
#3283 = DIRECTION( '', ( 0.000000000000000, 1.00000000000000, 0.000000000000000 ) );
ENDSEC;
END-ISO-10303-21;

